board_pos,w_safety,b_safety,w_central,b_central,w_rating,b_rating,turn,square_0,square_1,square_2,square_3,square_4,square_5,square_6,square_7,square_8,square_9,square_10,square_11,square_12,square_13,square_14,square_15,square_16,square_17,square_18,square_19,square_20,square_21,square_22,square_23,square_24,square_25,square_26,square_27,square_28,square_29,square_30,square_31,square_32,square_33,square_34,square_35,square_36,square_37,square_38,square_39,square_40,square_41,square_42,square_43,square_44,square_45,square_46,square_47,square_48,square_49,square_50,square_51,square_52,square_53,square_54,square_55,square_56,square_57,square_58,square_59,square_60,square_61,square_62,square_63,1,2,3,4,5,6,7,8,a,b,c,d,e,f,g,h,columns_moved,ranks_moved,promote_q,promote_r,promote_b,promote_n
8/8/8/8/8/2kp2K1/R3qPP1/5r2 b - - 9 56,19,19,0,3,1410,1409,1,0,0,0,0,0,0,0,0,0,0,0,0,0,0,0,0,0,0,0,0,0,0,0,0,0,0,0,0,0,0,0,0,0,0,0,0,0,0,0,0,0,0,6,1,0,0,12,0,8,0,0,0,5,7,7,0,0,0,0,0,0,2,0,0,0.0,0.0,0.0,1.0,0.0,0.0,0.0,0.0,0.0,0.0,0.0,0.0,1.0,0.0,0.0,0.0,0.0,-1.0,0.0,0.0,0.0,0.0
r2q1rk1/ppp2ppp/2nbbn2/3p4/3P4/2NBBN2/PPPQ1PPP/2KR3R b - - 11 9,4,1,5,5,1750,1750,1,2,0,0,5,0,2,6,0,1,1,1,0,0,1,1,1,0,0,3,4,4,3,0,0,0,0,0,1,0,0,0,0,0,0,0,7,0,0,0,0,0,0,9,10,10,9,0,0,7,7,7,11,0,7,7,7,0,0,12,8,0,0,0,8,0.0,0.0,0.0,0.0,0.0,0.0,0.0,1.0,0.0,1.0,0.0,0.0,0.0,0.0,0.0,0.0,0.0,-1.0,0.0,0.0,0.0,0.0
8/6p1/1p4Bp/pP1pk2P/P3p1b1/4P1P1/2r2P2/R4K2 b - - 7 34,3,13,2,6,2110,2146,1,0,0,0,0,0,0,0,0,0,0,0,0,0,0,1,0,0,1,0,0,0,0,10,1,1,7,0,1,6,0,0,7,7,0,0,0,1,0,4,0,0,0,0,0,7,0,7,0,0,0,2,0,0,7,0,0,8,0,0,0,0,12,0,0,0.0,0.0,0.0,0.0,1.0,0.0,0.0,0.0,0.0,0.0,0.0,0.0,0.0,0.0,0.0,1.0,-1.0,-1.0,0.0,0.0,0.0,0.0
r1b1k2r/pp2bpp1/2p1pn1p/q2p4/2PP4/P1N1PNP1/1PQ2PP1/R3KB1R w KQkq - 1 12,5,5,5,3,2025,2017,0,2,0,4,0,6,0,0,2,1,1,0,0,4,1,1,0,0,0,1,0,1,3,0,1,5,0,0,1,0,0,0,0,0,0,7,7,0,0,0,0,7,0,9,0,7,9,7,0,0,7,11,0,0,7,7,0,8,0,0,0,12,10,0,8,0.0,1.0,0.0,0.0,0.0,0.0,0.0,0.0,0.0,1.0,0.0,0.0,0.0,0.0,0.0,0.0,2.0,0.0,0.0,0.0,0.0,0.0
1k1r4/p1p2q1p/1P2p3/1b1p2Pp/3P3P/4Q3/PB6/2K1R3 b - - 0 27,16,7,4,3,1751,1749,1,0,6,0,2,0,0,0,0,1,0,1,0,0,5,0,1,0,7,0,0,1,0,0,0,0,4,0,1,0,0,7,1,0,0,0,7,0,0,0,7,0,0,0,0,11,0,0,0,7,10,0,0,0,0,0,0,0,0,12,0,8,0,0,0,0.0,0.0,0.0,0.0,0.0,0.0,0.0,1.0,0.0,0.0,0.0,1.0,0.0,0.0,0.0,0.0,-1.0,-1.0,0.0,0.0,0.0,0.0
rnbqkbnr/pp1ppppp/2p5/8/4P3/8/PPPP1PPP/RNBQKBNR w KQkq - 0 2,4,1,2,1,1899,1847,0,2,3,4,5,6,4,3,2,1,1,0,1,1,1,1,1,0,0,1,0,0,0,0,0,0,0,0,0,0,0,0,0,0,0,0,0,7,0,0,0,0,0,0,0,0,0,0,0,7,7,7,7,0,7,7,7,8,9,10,11,12,10,9,8,0.0,0.0,1.0,0.0,0.0,0.0,0.0,0.0,0.0,0.0,0.0,0.0,1.0,0.0,0.0,0.0,0.0,2.0,0.0,0.0,0.0,0.0
3r1r2/2p2pkp/p5p1/3b1p2/1P6/P3PN2/3P1PPP/1R3RK1 w - - 0 19,1,8,2,3,1791,1793,0,0,0,0,2,0,2,0,0,0,0,1,0,0,1,6,1,1,0,0,0,0,0,1,0,0,0,0,4,0,1,0,0,0,7,0,0,0,0,0,0,7,0,0,0,7,9,0,0,0,0,0,7,0,7,7,7,0,8,0,0,0,8,12,0,0.0,0.0,0.0,1.0,0.0,0.0,0.0,0.0,0.0,0.0,0.0,0.0,0.0,0.0,1.0,0.0,-2.0,1.0,0.0,0.0,0.0,0.0
r5k1/5p1p/5n2/5bp1/3p2P1/7P/PP2NP2/4RBK1 b - - 1 27,5,4,1,3,2419,2407,1,2,0,0,0,0,0,6,0,0,0,0,0,0,1,0,1,0,0,0,0,0,3,0,0,0,0,0,0,0,4,1,0,0,0,0,1,0,0,7,0,0,0,0,0,0,0,0,7,7,7,0,0,9,7,0,0,0,0,0,0,8,10,12,0,0.0,0.0,0.0,0.0,1.0,0.0,0.0,0.0,0.0,0.0,0.0,0.0,1.0,0.0,0.0,0.0,0.0,-1.0,0.0,0.0,0.0,0.0
2kr3r/p6p/n1p2p1p/1pP5/4p3/P3P2P/3NRPPq/R2Q1K2 w - - 1 22,2,11,2,4,1263,1214,0,0,0,6,2,0,0,0,2,1,0,0,0,0,0,0,1,3,0,1,0,0,1,0,1,0,1,7,0,0,0,0,0,0,0,0,0,1,0,0,0,7,0,0,0,7,0,0,7,0,0,0,9,8,7,7,5,8,0,0,11,0,12,0,0,0.0,1.0,0.0,0.0,0.0,0.0,0.0,0.0,0.0,0.0,0.0,0.0,0.0,0.0,1.0,0.0,-1.0,0.0,0.0,0.0,0.0,0.0
rnbqkbnr/ppp2ppp/4p3/8/3Pp3/3B4/PPP2PPP/RNBQK1NR w KQkq - 0 4,10,8,3,3,2087,2069,0,2,3,4,5,6,4,3,2,1,1,1,0,0,1,1,1,0,0,0,0,1,0,0,0,0,0,0,0,0,0,0,0,0,0,0,7,1,0,0,0,0,0,0,10,0,0,0,0,7,7,7,0,0,7,7,7,8,9,10,11,12,0,9,8,0.0,0.0,0.0,1.0,0.0,0.0,0.0,0.0,0.0,0.0,0.0,0.0,1.0,0.0,0.0,0.0,1.0,1.0,0.0,0.0,0.0,0.0
rnb1kbnr/pp2pppp/8/2pq4/8/2P5/PP1P1PPP/RNBQKBNR w KQkq - 0 4,7,7,1,4,1861,1874,0,2,3,4,0,6,4,3,2,1,1,0,0,1,1,1,1,0,0,0,0,0,0,0,0,0,0,1,5,0,0,0,0,0,0,0,0,0,0,0,0,0,0,7,0,0,0,0,0,7,7,0,7,0,7,7,7,8,9,10,11,12,10,9,8,0.0,1.0,0.0,0.0,0.0,0.0,0.0,0.0,0.0,0.0,0.0,0.0,1.0,0.0,0.0,0.0,2.0,2.0,0.0,0.0,0.0,0.0
r3kbnr/pp1n1pp1/2p1bq1p/4p3/4P3/2NBBN2/PPP2PPP/R2Q1RK1 b kq - 3 9,1,10,5,4,1537,1618,1,2,0,0,0,6,4,3,2,1,1,0,3,0,1,1,0,0,0,1,0,4,5,0,1,0,0,0,0,1,0,0,0,0,0,0,0,7,0,0,0,0,0,9,10,10,9,0,0,7,7,7,0,0,7,7,7,8,0,0,11,0,8,12,0,0.0,0.0,0.0,0.0,0.0,0.0,0.0,0.0,1.0,0.0,0.0,0.0,0.0,0.0,1.0,0.0,-1.0,-1.0,0.0,0.0,0.0,0.0
6k1/1pp1Br1p/6pQ/3P4/p1P5/5P2/Pq2n2P/4R1K1 w - - 3 28,8,8,3,2,2010,2051,0,0,0,0,0,0,0,6,0,0,1,1,0,10,2,0,1,0,0,0,0,0,0,1,11,0,0,0,7,0,0,0,0,1,0,7,0,0,0,0,0,0,0,0,0,0,7,0,0,7,5,0,0,3,0,0,7,0,0,0,0,8,0,12,0,0.0,1.0,0.0,0.0,0.0,0.0,0.0,0.0,0.0,0.0,0.0,0.0,0.0,0.0,0.0,1.0,1.0,0.0,0.0,0.0,0.0,0.0
rn3rk1/p1p1qpp1/1p1pp2p/8/2PPb3/4PN2/PP2BPPP/R2Q1RK1 w - - 0 12,1,2,4,3,1982,1728,0,2,3,0,0,0,2,6,0,1,0,1,0,5,1,1,0,0,1,0,1,1,0,0,1,0,0,0,0,0,0,0,0,0,0,7,7,4,0,0,0,0,0,0,0,7,9,0,0,7,7,0,0,10,7,7,7,8,0,0,11,0,8,12,0,0.0,0.0,1.0,0.0,0.0,0.0,0.0,0.0,0.0,0.0,0.0,0.0,0.0,1.0,0.0,0.0,-1.0,1.0,0.0,0.0,0.0,0.0
8/1k1b1p2/1PB1p1p1/p1P1P1P1/K4P2/8/P2n3r/8 b - - 0 43,8,14,4,2,1705,1646,1,0,0,0,0,0,0,0,0,0,6,0,4,0,1,0,0,0,7,10,0,1,0,1,0,1,0,7,0,7,0,7,0,12,0,0,0,0,7,0,0,0,0,0,0,0,0,0,0,7,0,0,3,0,0,0,2,0,0,0,0,0,0,0,0,0.0,0.0,0.0,0.0,0.0,0.0,0.0,1.0,0.0,0.0,0.0,0.0,1.0,0.0,0.0,0.0,-1.0,-1.0,0.0,0.0,0.0,0.0
r1bqk2r/pp3pp1/2nb1n1p/2p5/2Bp4/2P2N2/PP3PPP/RNBQ1RK1 w kq - 0 9,1,13,3,5,1645,1689,0,2,0,4,5,6,0,0,2,1,1,0,0,0,1,1,0,0,0,3,4,0,3,0,1,0,0,1,0,0,0,0,0,0,0,10,1,0,0,0,0,0,0,7,0,0,9,0,0,7,7,0,0,0,7,7,7,8,9,10,11,0,8,12,0,0.0,1.0,0.0,0.0,0.0,0.0,0.0,0.0,0.0,0.0,0.0,0.0,0.0,0.0,1.0,0.0,-1.0,0.0,0.0,0.0,0.0,0.0
5rk1/1pp1q2p/p2p2pQ/3Pn3/4P3/2N4R/PP4P1/6K1 b - - 1 31,13,8,4,2,2240,2255,1,0,0,0,0,0,2,6,0,0,1,1,0,5,0,0,1,1,0,0,1,0,0,1,11,0,0,0,7,3,0,0,0,0,0,0,0,7,0,0,0,0,0,9,0,0,0,0,8,7,7,0,0,0,0,7,0,0,0,0,0,0,0,12,0,0.0,0.0,0.0,0.0,0.0,0.0,0.0,1.0,0.0,0.0,0.0,0.0,0.0,1.0,0.0,0.0,2.0,0.0,0.0,0.0,0.0,0.0
1r6/p1k1n2p/Bbp5/3p1p2/P3p3/5R2/6PP/1R5K w - - 0 31,1,8,0,5,2150,2180,0,0,2,0,0,0,0,0,0,1,0,6,0,3,0,0,1,10,4,1,0,0,0,0,0,0,0,0,1,0,1,0,0,7,0,0,0,1,0,0,0,0,0,0,0,0,8,0,0,0,0,0,0,0,0,7,7,0,8,0,0,0,0,0,12,0.0,0.0,0.0,1.0,0.0,0.0,0.0,0.0,0.0,0.0,0.0,0.0,0.0,0.0,1.0,0.0,2.0,0.0,0.0,0.0,0.0,0.0
R7/1P6/1r1N4/8/7k/5K2/8/8 b - - 2 66,19,13,1,0,1910,1757,1,8,0,0,0,0,0,0,0,0,7,0,0,0,0,0,0,0,2,0,9,0,0,0,0,0,0,0,0,0,0,0,0,0,0,0,0,0,0,0,6,0,0,0,0,0,12,0,0,0,0,0,0,0,0,0,0,0,0,0,0,0,0,0,0,0.0,0.0,0.0,0.0,0.0,0.0,1.0,0.0,0.0,0.0,1.0,0.0,0.0,0.0,0.0,0.0,0.0,1.0,0.0,0.0,0.0,0.0
r1b1qrk1/ppp2pbp/2np1np1/8/3p4/2PBPNB1/PP1N1PPP/R2Q1RK1 w - - 0 10,1,2,3,5,1459,1508,0,2,0,4,0,5,2,6,0,1,1,1,0,0,1,4,1,0,0,3,1,0,3,1,0,0,0,0,0,0,0,0,0,0,0,0,1,0,0,0,0,0,0,7,10,7,9,10,0,7,7,0,9,0,7,7,7,8,0,0,11,0,8,12,0,0.0,0.0,0.0,1.0,0.0,0.0,0.0,0.0,0.0,0.0,0.0,0.0,0.0,1.0,0.0,0.0,-1.0,1.0,0.0,0.0,0.0,0.0
r2q1rk1/5ppp/p1p5/8/4NK2/2p5/P1P4P/b7 w - - 0 29,19,1,3,2,989,1411,0,2,0,0,5,0,2,6,0,0,0,0,0,0,1,1,1,1,0,1,0,0,0,0,0,0,0,0,0,0,0,0,0,0,0,0,0,9,12,0,0,0,0,1,0,0,0,0,0,7,0,7,0,0,0,0,7,4,0,0,0,0,0,0,0,0.0,0.0,1.0,0.0,0.0,0.0,0.0,0.0,0.0,0.0,0.0,0.0,0.0,0.0,0.0,0.0,0.0,1.0,0.0,0.0,0.0,0.0
rnbqkbnr/pppppppp/8/8/4P3/8/PPPP1PPP/RNBQKBNR b KQkq - 0 1,4,1,2,0,1395,1107,1,2,3,4,5,6,4,3,2,1,1,1,1,1,1,1,1,0,0,0,0,0,0,0,0,0,0,0,0,0,0,0,0,0,0,0,0,7,0,0,0,0,0,0,0,0,0,0,0,7,7,7,7,0,7,7,7,8,9,10,11,12,10,9,8,0.0,0.0,0.0,0.0,0.0,0.0,0.0,1.0,0.0,0.0,0.0,1.0,0.0,0.0,0.0,0.0,0.0,-2.0,0.0,0.0,0.0,0.0
r1b1kbr1/pppqpn1p/n2p1p2/8/4PP1p/3B2P1/PPPPN2P/RNB2KR1 b q - 5 10,8,3,5,1,1500,1500,1,2,0,4,0,6,4,2,0,1,1,1,5,1,3,0,1,3,0,0,1,0,1,0,0,0,0,0,0,0,0,0,0,0,0,0,0,7,7,0,1,0,0,0,10,0,0,7,0,7,7,7,7,9,0,0,7,8,9,10,0,0,12,8,0,0.0,0.0,0.0,0.0,0.0,0.0,0.0,1.0,0.0,0.0,0.0,0.0,0.0,0.0,1.0,0.0,2.0,-1.0,0.0,0.0,0.0,0.0
8/6bk/q6p/6p1/4KPP1/7P/8/2r5 w - - 1 53,19,2,4,2,1483,1246,0,0,0,0,0,0,0,0,0,0,0,0,0,0,0,4,6,5,0,0,0,0,0,0,1,0,0,0,0,0,0,1,0,0,0,0,0,12,7,7,0,0,0,0,0,0,0,0,7,0,0,0,0,0,0,0,0,0,0,2,0,0,0,0,0,0.0,0.0,0.0,0.0,1.0,0.0,0.0,0.0,0.0,0.0,0.0,0.0,0.0,0.0,1.0,0.0,0.0,1.0,0.0,0.0,0.0,0.0
rnbqkb1Q/ppp1np1p/3p2p1/8/8/1P2P3/P1PP1PPP/RNB1KBNR b KQq - 1 7,2,8,2,2,969,911,1,2,3,4,5,6,4,0,11,1,1,1,0,3,1,0,1,0,0,0,1,0,0,1,0,0,0,0,0,0,0,0,0,0,0,0,0,0,0,0,0,0,7,0,0,7,0,0,0,7,0,7,7,0,7,7,7,8,9,10,0,12,10,9,8,0.0,0.0,0.0,0.0,0.0,0.0,0.0,0.0,1.0,0.0,0.0,1.0,0.0,0.0,0.0,0.0,3.0,-3.0,0.0,0.0,0.0,0.0
r3kb1r/ppp1Qppp/2p5/2n2b2/8/2N2N2/PPPP1PPP/R1B1K2R b KQkq - 0 9,7,13,4,2,1057,997,1,2,0,0,0,6,4,0,2,1,1,1,0,11,1,1,1,0,0,1,0,0,0,0,0,0,0,3,0,0,4,0,0,0,0,0,0,0,0,0,0,0,0,9,0,0,9,0,0,7,7,7,7,0,7,7,7,8,0,10,0,12,0,0,8,0.0,0.0,0.0,0.0,0.0,0.0,0.0,0.0,1.0,0.0,0.0,0.0,0.0,0.0,1.0,0.0,-1.0,-1.0,0.0,0.0,0.0,0.0
r1bqkb1r/pppp1ppp/2n2n2/4p3/2B1P3/3P1N2/PPP2PPP/RNBQK2R b KQkq - 0 4,5,4,5,5,2266,2089,1,2,0,4,5,6,4,0,2,1,1,1,1,0,1,1,1,0,0,3,0,0,3,0,0,0,0,0,0,1,0,0,0,0,0,10,0,7,0,0,0,0,0,0,7,0,9,0,0,7,7,7,0,0,7,7,7,8,9,10,11,12,0,0,8,0.0,0.0,0.0,0.0,0.0,0.0,0.0,0.0,1.0,0.0,0.0,0.0,0.0,0.0,1.0,0.0,-1.0,-1.0,0.0,0.0,0.0,0.0
r1b2rk1/5ppp/p1nqpn2/1p1p4/3P4/P1NB1N2/1PP2PPP/R2QR1K1 w - - 0 12,1,1,5,5,1561,1443,0,2,0,4,0,0,2,6,0,0,0,0,0,0,1,1,1,1,0,3,5,1,3,0,0,0,1,0,1,0,0,0,0,0,0,0,7,0,0,0,0,7,0,9,10,0,9,0,0,0,7,7,0,0,7,7,7,8,0,0,11,8,0,12,0,0.0,0.0,0.0,1.0,0.0,0.0,0.0,0.0,0.0,0.0,0.0,0.0,0.0,0.0,1.0,0.0,-1.0,2.0,0.0,0.0,0.0,0.0
6k1/3p1ppp/1pb2n2/4p3/1p2PP2/3P4/1PKN2PP/q2R3R b - - 3 23,13,1,4,4,907,821,1,0,0,0,0,0,0,6,0,0,0,0,1,0,1,1,1,0,1,4,0,0,3,0,0,0,0,0,0,1,0,0,0,0,1,0,0,7,7,0,0,0,0,0,7,0,0,0,0,0,7,12,9,0,0,7,7,5,0,0,8,0,0,0,8,0.0,1.0,0.0,0.0,0.0,0.0,0.0,0.0,0.0,1.0,0.0,0.0,0.0,0.0,0.0,0.0,0.0,1.0,0.0,0.0,0.0,0.0
1r2kb1r/pp1q1ppp/4p3/2pp1b2/3P4/2P1PN2/PP3PPP/RN1QK2R w KQk - 0 9,5,5,3,4,1926,1967,0,0,2,0,0,6,4,0,2,1,1,0,5,0,1,1,1,0,0,0,0,1,0,0,0,0,0,1,1,0,4,0,0,0,0,0,7,0,0,0,0,0,0,7,0,7,9,0,0,7,7,0,0,0,7,7,7,8,9,0,11,12,0,0,8,0.0,0.0,0.0,1.0,0.0,0.0,0.0,0.0,0.0,0.0,0.0,0.0,0.0,0.0,1.0,0.0,-1.0,2.0,0.0,0.0,0.0,0.0
rnbqkbnr/pppp1ppp/8/4p3/4P3/8/PPPP1PPP/RNBQKBNR w KQkq - 0 2,4,4,2,2,1216,1227,0,2,3,4,5,6,4,3,2,1,1,1,1,0,1,1,1,0,0,0,0,0,0,0,0,0,0,0,0,1,0,0,0,0,0,0,0,7,0,0,0,0,0,0,0,0,0,0,0,7,7,7,7,0,7,7,7,8,9,10,11,12,10,9,8,0.0,1.0,0.0,0.0,0.0,0.0,0.0,0.0,0.0,0.0,0.0,0.0,0.0,0.0,0.0,1.0,-1.0,2.0,0.0,0.0,0.0,0.0
rnbqkb1r/1p1p1ppp/p4n2/4p3/4P3/3B1N2/PPP2PPP/RNBQK2R b KQkq - 1 6,10,4,5,4,1601,1683,1,2,3,4,5,6,4,0,2,0,1,0,1,0,1,1,1,1,0,0,0,0,3,0,0,0,0,0,0,1,0,0,0,0,0,0,0,7,0,0,0,0,0,0,10,0,9,0,0,7,7,7,0,0,7,7,7,8,9,10,11,12,0,0,8,0.0,0.0,0.0,0.0,0.0,0.0,0.0,0.0,1.0,0.0,1.0,0.0,0.0,0.0,0.0,0.0,1.0,-2.0,0.0,0.0,0.0,0.0
r1bq1rk1/ppp2ppp/2n1pn2/3p4/3P4/3BP3/PPPQ1PPP/RN2K1NR w KQ - 1 8,5,1,4,5,772,674,0,2,0,4,5,0,2,6,0,1,1,1,0,0,1,1,1,0,0,3,0,1,3,0,0,0,0,0,1,0,0,0,0,0,0,0,7,0,0,0,0,0,0,0,10,7,0,0,0,7,7,7,11,0,7,7,7,8,9,0,0,12,0,9,8,0.0,1.0,0.0,0.0,0.0,0.0,0.0,0.0,0.0,0.0,0.0,0.0,0.0,0.0,0.0,1.0,-2.0,1.0,0.0,0.0,0.0,0.0
r1bqk2r/pppp1ppp/5n2/4p3/2BbP3/P2P3P/1PP2PP1/RNBQK2R b KQkq - 0 7,5,4,3,6,1267,1261,1,2,0,4,5,6,0,0,2,1,1,1,1,0,1,1,1,0,0,0,0,0,3,0,0,0,0,0,0,1,0,0,0,0,0,10,4,7,0,0,0,7,0,0,7,0,0,0,7,0,7,7,0,0,7,7,0,8,9,10,11,12,0,0,8,0.0,0.0,0.0,0.0,0.0,0.0,0.0,1.0,0.0,1.0,0.0,0.0,0.0,0.0,0.0,0.0,0.0,-1.0,0.0,0.0,0.0,0.0
8/8/5p2/8/R2k1qp1/5P2/5K2/8 b - - 3 45,13,19,2,5,1180,1143,1,0,0,0,0,0,0,0,0,0,0,0,0,0,0,0,0,0,0,0,0,0,1,0,0,0,0,0,0,0,0,0,0,8,0,0,6,0,5,1,0,0,0,0,0,0,7,0,0,0,0,0,0,0,12,0,0,0,0,0,0,0,0,0,0,0.0,0.0,0.0,0.0,1.0,0.0,0.0,0.0,0.0,0.0,0.0,0.0,1.0,0.0,0.0,0.0,1.0,1.0,0.0,0.0,0.0,0.0
r4rk1/1pR2pp1/1pb4p/3p4/8/P3P3/1P2BPPP/3R2K1 b - - 3 23,1,2,2,3,1981,2022,1,2,0,0,0,0,2,6,0,0,1,8,0,0,1,1,0,0,1,4,0,0,0,0,1,0,0,0,1,0,0,0,0,0,0,0,0,0,0,0,0,7,0,0,0,7,0,0,0,0,7,0,0,10,7,7,7,0,0,0,8,0,0,12,0,0.0,0.0,0.0,0.0,0.0,0.0,0.0,0.0,1.0,1.0,0.0,0.0,0.0,0.0,0.0,0.0,3.0,0.0,0.0,0.0,0.0,0.0
rnbqkbnr/pppp1ppp/8/4p3/4P3/8/PPPP1PPP/RNBQKBNR w KQkq - 0 2,4,4,2,2,823,836,0,2,3,4,5,6,4,3,2,1,1,1,1,0,1,1,1,0,0,0,0,0,0,0,0,0,0,0,0,1,0,0,0,0,0,0,0,7,0,0,0,0,0,0,0,0,0,0,0,7,7,7,7,0,7,7,7,8,9,10,11,12,10,9,8,0.0,1.0,0.0,0.0,0.0,0.0,0.0,0.0,0.0,0.0,0.0,0.0,0.0,0.0,0.0,1.0,-1.0,2.0,0.0,0.0,0.0,0.0
r5k1/pR3p1p/2nNrBp1/b3P3/8/2p5/P4PPP/3B1K2 b - - 6 26,7,2,3,2,1273,1288,1,2,0,0,0,0,0,6,0,1,8,0,0,0,1,0,1,0,0,3,9,2,10,1,0,4,0,0,0,7,0,0,0,0,0,0,0,0,0,0,0,0,0,1,0,0,0,0,0,7,0,0,0,0,7,7,7,0,0,0,10,0,12,0,0,0.0,0.0,0.0,0.0,0.0,0.0,1.0,0.0,0.0,0.0,0.0,1.0,0.0,0.0,0.0,0.0,2.0,-1.0,0.0,0.0,0.0,0.0
rnbqkbnr/pp4pp/5p2/2p1P3/2B1N3/8/PPPP2PP/R1BQK1NR w KQkq - 0 7,13,14,3,3,1344,1380,0,2,3,4,5,6,4,3,2,1,1,0,0,0,0,1,1,0,0,0,0,0,1,0,0,0,0,1,0,7,0,0,0,0,0,10,0,9,0,0,0,0,0,0,0,0,0,0,0,7,7,7,7,0,0,7,7,8,0,10,11,12,0,9,8,0.0,0.0,0.0,0.0,0.0,1.0,0.0,0.0,0.0,0.0,0.0,0.0,0.0,1.0,0.0,0.0,1.0,1.0,0.0,0.0,0.0,0.0
rnbq1rk1/ppp1ppbp/3p1np1/8/3P4/3BP1B1/PPP2PPP/RN1QK1NR w KQ - 5 6,5,2,4,3,1252,1252,0,2,3,4,5,0,2,6,0,1,1,1,0,1,1,4,1,0,0,0,1,0,3,1,0,0,0,0,0,0,0,0,0,0,0,0,7,0,0,0,0,0,0,0,10,7,0,10,0,7,7,7,0,0,7,7,7,8,9,0,11,12,0,9,8,0.0,1.0,0.0,0.0,0.0,0.0,0.0,0.0,0.0,0.0,1.0,0.0,0.0,0.0,0.0,0.0,1.0,2.0,0.0,0.0,0.0,0.0
7k/p1p3pp/2Q5/6q1/P3P3/2Br3P/1P4P1/5RK1 w - - 1 31,8,1,5,3,1110,1101,0,0,0,0,0,0,0,0,6,1,0,1,0,0,0,1,1,0,0,11,0,0,0,0,0,0,0,0,0,0,0,5,0,7,0,0,0,7,0,0,0,0,0,10,2,0,0,0,7,0,7,0,0,0,0,7,0,0,0,0,0,0,8,12,0,0.0,0.0,0.0,0.0,0.0,0.0,1.0,0.0,0.0,0.0,0.0,1.0,0.0,0.0,0.0,0.0,2.0,2.0,0.0,0.0,0.0,0.0
1k1rq3/pp2p1Q1/2p2npp/n2p4/3B4/2N5/PPP1BPPP/3RR1K1 b - - 0 21,1,2,5,3,1374,1500,1,0,6,0,2,5,0,0,0,1,1,0,0,1,0,11,0,0,0,1,0,0,3,1,1,3,0,0,1,0,0,0,0,0,0,0,10,0,0,0,0,0,0,9,0,0,0,0,0,7,7,7,0,10,7,7,7,0,0,0,8,8,0,12,0,0.0,0.0,0.0,0.0,0.0,0.0,0.0,0.0,1.0,0.0,0.0,0.0,0.0,1.0,0.0,0.0,1.0,0.0,0.0,0.0,0.0,0.0
1k1r3r/ppp2ppp/2n2q2/2bNpN2/4P1B1/3P4/PPP3P1/R1BQ1R1K b - - 6 15,7,1,5,4,1140,1151,1,0,6,0,2,0,0,0,2,1,1,1,0,0,1,1,1,0,0,3,0,0,5,0,0,0,0,4,9,1,9,0,0,0,0,0,0,7,0,10,0,0,0,0,7,0,0,0,0,7,7,7,0,0,0,7,0,8,0,10,11,0,8,0,12,0.0,0.0,0.0,0.0,0.0,0.0,1.0,0.0,0.0,0.0,0.0,0.0,0.0,0.0,1.0,0.0,-1.0,0.0,0.0,0.0,0.0,0.0
4r2k/p2b4/1p1p3p/3P1nq1/2P2R2/2P2R2/P5P1/1Q4K1 b - - 3 31,13,8,4,3,2004,1884,1,0,0,0,0,2,0,0,6,1,0,0,4,0,0,0,0,0,1,0,1,0,0,0,1,0,0,0,7,0,3,5,0,0,0,7,0,0,8,0,0,0,0,7,0,0,8,0,0,7,0,0,0,0,0,7,0,0,11,0,0,0,0,12,0,0.0,0.0,0.0,0.0,0.0,0.0,0.0,0.0,1.0,0.0,0.0,0.0,0.0,1.0,0.0,0.0,0.0,-3.0,0.0,0.0,0.0,0.0
rnbqkbnr/pppppppp/8/8/8/8/PPPPPPPP/RNBQKBNR w KQkq - 0 1,1,1,0,0,1222,1701,0,2,3,4,5,6,4,3,2,1,1,1,1,1,1,1,1,0,0,0,0,0,0,0,0,0,0,0,0,0,0,0,0,0,0,0,0,0,0,0,0,0,0,0,0,0,0,0,0,7,7,7,7,7,7,7,7,8,9,10,11,12,10,9,8,0.0,0.0,1.0,0.0,0.0,0.0,0.0,0.0,0.0,0.0,0.0,0.0,0.0,1.0,0.0,0.0,0.0,2.0,0.0,0.0,0.0,0.0
rnbqkbnr/pppp1ppp/8/4p3/2B1P3/8/PPPP1PPP/RNBQK1NR b KQkq - 1 2,4,4,2,2,1886,1837,1,2,3,4,5,6,4,3,2,1,1,1,1,0,1,1,1,0,0,0,0,0,0,0,0,0,0,0,0,1,0,0,0,0,0,10,0,7,0,0,0,0,0,0,0,0,0,0,0,7,7,7,7,0,7,7,7,8,9,10,11,12,0,9,8,0.0,0.0,0.0,0.0,0.0,0.0,0.0,0.0,1.0,0.0,0.0,0.0,0.0,0.0,0.0,1.0,-1.0,-2.0,0.0,0.0,0.0,0.0
r1b1r3/pp2k1Q1/2p1p3/4P3/3q4/4p3/PPP3PP/R1B2R1K b - - 0 21,1,13,2,4,1922,1850,1,2,0,4,0,2,0,0,0,1,1,0,0,6,0,11,0,0,0,1,0,1,0,0,0,0,0,0,0,7,0,0,0,0,0,0,5,0,0,0,0,0,0,0,0,1,0,0,0,7,7,7,0,0,0,7,7,8,0,10,0,0,8,0,12,0.0,0.0,0.0,0.0,0.0,0.0,0.0,1.0,0.0,0.0,0.0,0.0,0.0,1.0,0.0,0.0,-1.0,1.0,0.0,0.0,0.0,0.0
8/1KP1k3/1P6/8/2r5/8/8/8 w - - 1 51,19,19,0,2,1400,1442,0,0,0,0,0,0,0,0,0,0,12,7,0,6,0,0,0,0,7,0,0,0,0,0,0,0,0,0,0,0,0,0,0,0,0,2,0,0,0,0,0,0,0,0,0,0,0,0,0,0,0,0,0,0,0,0,0,0,0,0,0,0,0,0,0,0.0,0.0,0.0,0.0,0.0,0.0,0.0,1.0,0.0,0.0,1.0,0.0,0.0,0.0,0.0,0.0,1.0,1.0,0.0,0.0,0.0,0.0
r1bq1rk1/pp2b1pn/2p1p2p/3nN3/P2P4/1B4N1/1P2QPPP/R1BR2K1 b - - 6 15,1,8,6,2,2257,2308,1,2,0,4,5,0,2,6,0,1,1,0,0,4,0,1,3,0,0,1,0,1,0,0,1,0,0,0,3,9,0,0,0,7,0,0,7,0,0,0,0,0,10,0,0,0,0,9,0,0,7,0,0,11,7,7,7,8,0,10,8,0,0,12,0,0.0,0.0,0.0,0.0,0.0,0.0,0.0,1.0,0.0,0.0,0.0,0.0,0.0,0.0,0.0,0.0,-1.0,-2.0,0.0,0.0,0.0,0.0
3r1r2/pp4k1/2p1bp1p/1BP1p1p1/4P3/1P5P/P5P1/3RR1K1 w - - 0 23,8,2,4,4,1260,1281,0,0,0,0,2,0,2,0,0,1,1,0,0,0,0,6,0,0,0,1,0,4,1,0,1,0,10,7,0,1,0,1,0,0,0,0,0,7,0,0,0,0,7,0,0,0,0,0,7,7,0,0,0,0,0,7,0,0,0,0,8,8,0,12,0,0.0,1.0,0.0,0.0,0.0,0.0,0.0,0.0,0.0,0.0,0.0,0.0,1.0,0.0,0.0,0.0,0.0,7.0,0.0,0.0,0.0,0.0
3r2k1/pp1rppbp/1np1b1p1/4P3/8/1P2BB1P/P4P2/R4RK1 w - - 3 21,8,2,4,3,1500,1330,0,0,0,0,2,0,0,6,0,1,1,0,2,1,1,4,1,0,3,1,0,4,0,1,0,0,0,0,0,7,0,0,0,0,0,0,0,0,0,0,0,0,7,0,0,10,10,0,7,7,0,0,0,0,7,0,0,8,0,0,0,0,8,12,0,0.0,1.0,0.0,0.0,0.0,0.0,0.0,0.0,0.0,0.0,0.0,0.0,0.0,0.0,1.0,0.0,-2.0,0.0,0.0,0.0,0.0,0.0
6k1/pp3pp1/2p1p2p/b7/2n3P1/1PP4P/P4P2/2KN4 b - - 0 24,9,2,1,2,1391,1406,1,0,0,0,0,0,0,6,0,1,1,0,0,0,1,1,0,0,0,1,0,1,0,0,1,4,0,0,0,0,0,0,0,0,0,3,0,0,0,7,0,0,7,7,0,0,0,0,7,7,0,0,0,0,7,0,0,0,0,12,9,0,0,0,0,0.0,0.0,0.0,0.0,1.0,0.0,0.0,0.0,0.0,0.0,0.0,1.0,0.0,0.0,0.0,0.0,1.0,2.0,0.0,0.0,0.0,0.0
6k1/pp3pp1/7p/b3P3/2r2Pn1/6PN/P1PK3P/7R w - - 1 23,16,2,2,3,1615,1602,0,0,0,0,0,0,0,6,0,1,1,0,0,0,1,1,0,0,0,0,0,0,0,0,1,4,0,0,0,7,0,0,0,0,0,2,0,0,7,3,0,0,0,0,0,0,0,7,9,7,0,7,12,0,0,0,7,0,0,0,0,0,0,0,8,0.0,0.0,1.0,0.0,0.0,0.0,0.0,0.0,0.0,0.0,0.0,0.0,1.0,0.0,0.0,0.0,0.0,1.0,0.0,0.0,0.0,0.0
r3k2r/1pqn1pp1/p1pb1n1p/3p4/P2P3B/2NBPb2/1PQ2PPP/1R2K2R w Kkq - 0 14,5,10,5,4,2056,2105,0,2,0,0,0,6,0,0,2,0,1,5,3,0,1,1,0,1,0,1,4,0,3,0,1,0,0,0,1,0,0,0,0,7,0,0,7,0,0,0,10,0,0,9,10,7,4,0,0,0,7,11,0,0,7,7,7,0,8,0,0,12,0,0,8,0.0,0.0,1.0,0.0,0.0,0.0,0.0,0.0,0.0,0.0,0.0,0.0,0.0,0.0,0.0,1.0,-1.0,1.0,0.0,0.0,0.0,0.0
4k2r/pbr2ppp/1ppbpq2/8/3P1P2/3PQ1P1/PP2N2P/R4RK1 b k - 4 19,5,8,4,3,2146,2146,1,0,0,0,0,6,0,0,2,1,4,2,0,0,1,1,1,0,1,1,4,1,5,0,0,0,0,0,0,0,0,0,0,0,0,0,7,0,7,0,0,0,0,0,7,11,0,7,0,7,7,0,0,9,0,0,7,8,0,0,0,0,8,12,0,0.0,0.0,0.0,0.0,0.0,0.0,0.0,0.0,1.0,0.0,0.0,0.0,0.0,1.0,0.0,0.0,2.0,0.0,0.0,0.0,0.0,0.0
2r3k1/5ppp/1p1qpnn1/r2p4/3P4/P1P2PN1/1P1N2PP/1R1Q1RK1 w - - 8 25,2,1,4,4,1657,1660,0,0,0,2,0,0,0,6,0,0,0,0,0,0,1,1,1,0,1,0,5,1,3,3,0,2,0,0,1,0,0,0,0,0,0,0,7,0,0,0,0,7,0,7,0,0,7,9,0,0,7,0,9,0,0,7,7,0,8,0,11,0,8,12,0,0.0,0.0,0.0,1.0,0.0,0.0,0.0,0.0,0.0,0.0,0.0,0.0,0.0,0.0,0.0,1.0,-2.0,-1.0,0.0,0.0,0.0,0.0
6k1/pp3ppp/2B1r2q/8/2Q5/5N2/PPP2bPP/1K1R4 b - - 0 19,1,1,4,3,1989,1966,1,0,0,0,0,0,0,6,0,1,1,0,0,0,1,1,1,0,0,10,0,2,0,0,5,0,0,0,0,0,0,0,0,0,0,11,0,0,0,0,0,0,0,0,0,0,9,0,0,7,7,7,0,0,4,7,7,0,12,0,8,0,0,0,0,0.0,0.0,0.0,0.0,0.0,0.0,1.0,0.0,0.0,0.0,0.0,0.0,0.0,1.0,0.0,0.0,-1.0,0.0,0.0,0.0,0.0,0.0
rn1qkb1r/pp1b1ppp/2p1pn2/1B1p4/Q7/2P1P3/PP1P1PPP/RNB1K1NR w KQkq - 0 6,2,5,2,3,1462,1482,0,2,3,0,5,6,4,0,2,1,1,0,4,0,1,1,1,0,0,1,0,1,3,0,0,0,10,0,1,0,0,0,0,11,0,0,0,0,0,0,0,0,0,7,0,7,0,0,0,7,7,0,7,0,7,7,7,8,9,10,0,12,0,9,8,0.0,0.0,0.0,0.0,1.0,0.0,0.0,0.0,0.0,1.0,0.0,0.0,0.0,0.0,0.0,0.0,1.0,-1.0,0.0,0.0,0.0,0.0
rr3n1k/1b2q2n/3p1p1N/2pPpBpQ/1pP1P2p/1P2B2P/3N1PP1/R4RK1 b - - 0 34,2,10,5,4,1732,1913,1,2,2,0,0,0,3,0,6,0,4,0,0,5,0,0,3,0,0,0,1,0,1,0,9,0,0,1,7,1,10,1,11,0,1,7,0,7,0,0,1,0,7,0,0,10,0,0,7,0,0,0,9,0,7,7,0,8,0,0,0,0,8,12,0,0.0,0.0,0.0,0.0,0.0,0.0,0.0,1.0,0.0,0.0,1.0,0.0,0.0,0.0,0.0,0.0,1.0,1.0,0.0,0.0,0.0,0.0
6k1/6p1/p2B3p/8/3PQ1Pq/2P5/1P6/6K1 w - - 1 42,16,8,5,0,1953,2091,0,0,0,0,0,0,0,6,0,0,0,0,0,0,0,1,0,1,0,0,10,0,0,0,1,0,0,0,0,0,0,0,0,0,0,0,7,11,0,7,5,0,0,7,0,0,0,0,0,0,7,0,0,0,0,0,0,0,0,0,0,0,0,12,0,0.0,0.0,0.0,0.0,1.0,0.0,0.0,0.0,0.0,0.0,0.0,0.0,1.0,0.0,0.0,0.0,0.0,1.0,0.0,0.0,0.0,0.0
8/pp6/1k2r3/1n4K1/7r/2R5/8/1R6 b - - 0 46,19,19,0,3,1364,1411,1,0,0,0,0,0,0,0,0,1,1,0,0,0,0,0,0,0,6,0,0,2,0,0,0,0,3,0,0,0,0,12,0,0,0,0,0,0,0,0,2,0,0,8,0,0,0,0,0,0,0,0,0,0,0,0,0,0,8,0,0,0,0,0,0,0.0,0.0,0.0,0.0,0.0,0.0,1.0,0.0,0.0,0.0,0.0,0.0,0.0,1.0,0.0,0.0,0.0,-2.0,0.0,0.0,0.0,0.0
5r2/p7/3n3p/p4k2/5p1P/2P2K2/1P4P1/8 w - - 1 41,19,13,2,2,2080,2039,0,0,0,0,0,0,2,0,0,1,0,0,0,0,0,0,0,0,0,0,3,0,0,0,1,1,0,0,0,0,6,0,0,0,0,0,0,0,1,0,7,0,0,7,0,0,12,0,0,0,7,0,0,0,0,7,0,0,0,0,0,0,0,0,0,0.0,0.0,1.0,0.0,0.0,0.0,0.0,0.0,0.0,0.0,0.0,0.0,0.0,0.0,0.0,1.0,0.0,2.0,0.0,0.0,0.0,0.0
rn1qkbnr/pbpppppp/1p6/8/3P4/5N2/PPP1PPPP/RNBQKB1R w KQkq - 2 3,4,1,3,2,1669,1717,0,2,3,0,5,6,4,3,2,1,4,1,1,1,1,1,1,0,1,0,0,0,0,0,0,0,0,0,0,0,0,0,0,0,0,0,7,0,0,0,0,0,0,0,0,0,9,0,0,7,7,7,0,7,7,7,7,8,9,10,11,12,10,0,8,0.0,1.0,0.0,0.0,0.0,0.0,0.0,0.0,0.0,0.0,0.0,1.0,0.0,0.0,0.0,0.0,3.0,3.0,0.0,0.0,0.0,0.0
2q5/1k4p1/1n3p1p/p2r4/5B1P/2KP2P1/P1P5/1R6 w - - 2 36,19,14,3,4,1073,1072,0,0,0,5,0,0,0,0,0,0,6,0,0,0,0,1,0,0,3,0,0,0,1,0,1,1,0,0,2,0,0,0,0,0,0,0,0,0,10,0,7,0,0,12,7,0,0,7,0,7,0,7,0,0,0,0,0,0,8,0,0,0,0,0,0,0.0,0.0,0.0,1.0,0.0,0.0,0.0,0.0,0.0,0.0,0.0,1.0,0.0,0.0,0.0,0.0,1.0,-1.0,0.0,0.0,0.0,0.0
rnbqkb1r/pppppp1p/5np1/8/2PP4/8/PP2PPPP/RNBQKBNR w KQkq - 0 3,4,1,4,2,2009,1913,0,2,3,4,5,6,4,0,2,1,1,1,1,1,1,0,1,0,0,0,0,0,3,1,0,0,0,0,0,0,0,0,0,0,0,7,7,0,0,0,0,0,0,0,0,0,0,0,0,7,7,0,0,7,7,7,7,8,9,10,11,12,10,9,8,0.0,1.0,0.0,0.0,0.0,0.0,0.0,0.0,0.0,0.0,1.0,0.0,0.0,0.0,0.0,0.0,1.0,2.0,0.0,0.0,0.0,0.0
rnb2rk1/pp1nppbp/1q4p1/2p1P3/3P4/2PB1N2/PP4PP/RNBQK2R w KQ - 4 10,16,2,5,2,1811,1831,0,2,3,4,0,0,2,6,0,1,1,0,3,1,1,4,1,0,5,0,0,0,0,1,0,0,0,1,0,7,0,0,0,0,0,0,7,0,0,0,0,0,0,7,10,0,9,0,0,7,7,0,0,0,0,7,7,8,9,10,11,12,0,0,8,0.0,1.0,0.0,0.0,0.0,0.0,0.0,0.0,0.0,0.0,0.0,0.0,1.0,0.0,0.0,0.0,1.0,1.0,0.0,0.0,0.0,0.0
rn1qkb1r/pp2pppp/5n2/3p1b2/3P4/1QN2N2/PP2PPPP/R1B1KB1R b KQkq - 1 6,4,4,5,3,1370,1445,1,2,3,0,5,6,4,0,2,1,1,0,0,1,1,1,1,0,0,0,0,0,3,0,0,0,0,0,1,0,4,0,0,0,0,0,7,0,0,0,0,0,11,9,0,0,9,0,0,7,7,0,0,7,7,7,7,8,0,10,0,12,10,0,8,0.0,0.0,0.0,0.0,0.0,0.0,0.0,0.0,1.0,0.0,0.0,0.0,1.0,0.0,0.0,0.0,0.0,-1.0,0.0,0.0,0.0,0.0
6k1/1p1n2pp/2n5/p1p1p3/1P4N1/P1r3qP/6PK/R5Q1 w - - 4 24,7,7,2,3,1600,1595,0,0,0,0,0,0,0,6,0,0,1,0,3,0,0,1,1,0,0,3,0,0,0,0,0,1,0,1,0,1,0,0,0,0,7,0,0,0,0,9,0,7,0,2,0,0,0,5,7,0,0,0,0,0,0,7,12,8,0,0,0,0,0,11,0,0.0,0.0,1.0,0.0,0.0,0.0,0.0,0.0,0.0,0.0,0.0,0.0,0.0,0.0,0.0,0.0,0.0,-1.0,0.0,0.0,0.0,0.0
r1bqk1nr/pppp1ppp/8/3P4/2n1PB2/2P5/P5PP/R2QKBNR b KQkq - 0 8,16,7,5,1,1706,1702,1,2,0,4,5,6,0,3,2,1,1,1,1,0,1,1,1,0,0,0,0,0,0,0,0,0,0,0,7,0,0,0,0,0,0,3,0,7,10,0,0,0,0,7,0,0,0,0,0,7,0,0,0,0,0,7,7,8,0,0,11,12,10,9,8,0.0,0.0,0.0,0.0,1.0,0.0,0.0,0.0,0.0,0.0,0.0,1.0,0.0,0.0,0.0,0.0,-1.0,2.0,0.0,0.0,0.0,0.0
2k3rr/pbq1bp2/1nn1p3/2NpP3/3P2pp/1NP1B3/2B1QPPP/R1R3K1 w - - 0 21,1,16,5,5,2112,2236,0,0,0,6,0,0,0,2,2,1,4,5,0,4,1,0,0,0,3,3,0,1,0,0,0,0,0,9,1,7,0,0,0,0,0,0,7,0,0,1,1,0,9,7,0,10,0,0,0,0,0,10,0,11,7,7,7,8,0,8,0,0,0,12,0,0.0,0.0,1.0,0.0,0.0,0.0,0.0,0.0,0.0,0.0,0.0,1.0,0.0,0.0,0.0,0.0,1.0,1.0,0.0,0.0,0.0,0.0
5k2/pR6/2p1p3/3pP3/3P4/r1PB4/7P/5K2 w - - 1 38,19,14,5,3,1557,1554,0,0,0,0,0,0,6,0,0,1,8,0,0,0,0,0,0,0,0,1,0,1,0,0,0,0,0,0,1,7,0,0,0,0,0,0,7,0,0,0,0,2,0,7,10,0,0,0,0,0,0,0,0,0,0,0,7,0,0,0,0,0,12,0,0,0.0,1.0,0.0,0.0,0.0,0.0,0.0,0.0,0.0,0.0,0.0,0.0,0.0,0.0,1.0,0.0,-1.0,1.0,0.0,0.0,0.0,0.0
rnbqkbnr/ppp1pppp/8/8/8/2N5/PP1PPPPP/R1BQKBNR w KQkq - 2 4,1,7,2,2,1651,1677,0,2,3,4,5,6,4,3,2,1,1,1,0,1,1,1,1,0,0,0,0,0,0,0,0,0,0,0,0,0,0,0,0,0,0,0,0,0,0,0,0,0,0,9,0,0,0,0,0,7,7,0,7,7,7,7,7,8,0,10,11,12,10,9,8,0.0,0.0,1.0,0.0,0.0,0.0,0.0,0.0,0.0,0.0,0.0,0.0,0.0,0.0,0.0,1.0,0.0,1.0,0.0,0.0,0.0,0.0
rnbqkbnr/pppppppp/8/8/8/8/PPPPPPPP/RNBQKBNR w KQkq - 0 1,1,1,0,0,1140,1095,0,2,3,4,5,6,4,3,2,1,1,1,1,1,1,1,1,0,0,0,0,0,0,0,0,0,0,0,0,0,0,0,0,0,0,0,0,0,0,0,0,0,0,0,0,0,0,0,0,7,7,7,7,7,7,7,7,8,9,10,11,12,10,9,8,0.0,0.0,1.0,0.0,0.0,0.0,0.0,0.0,0.0,0.0,0.0,0.0,0.0,1.0,0.0,0.0,0.0,2.0,0.0,0.0,0.0,0.0
r4rk1/pbq2pbp/1p2p1pB/2p5/2PnP3/2N3P1/PP1Q1PBP/3R1RK1 w - - 0 16,2,2,4,5,2093,2030,0,2,0,0,0,0,2,6,0,1,4,5,0,0,1,4,1,0,1,0,0,1,0,1,10,0,0,1,0,0,0,0,0,0,0,7,3,7,0,0,0,0,0,9,0,0,0,7,0,7,7,0,11,0,7,10,7,0,0,0,8,0,8,12,0,0.0,0.0,0.0,1.0,0.0,0.0,0.0,0.0,0.0,0.0,0.0,1.0,0.0,0.0,0.0,0.0,-1.0,2.0,0.0,0.0,0.0,0.0
r1bq4/ppp2kp1/2np3p/2bPp3/8/3P4/PPP2PPP/R1BQ1RK1 b - - 0 11,1,14,2,3,1039,1070,1,2,0,4,5,0,0,0,0,1,1,1,0,0,6,1,0,0,0,3,1,0,0,0,1,0,0,4,7,1,0,0,0,0,0,0,0,0,0,0,0,0,0,0,7,0,0,0,0,7,7,7,0,0,7,7,7,8,0,10,11,0,8,12,0,0.0,0.0,0.0,0.0,0.0,0.0,1.0,0.0,0.0,0.0,0.0,1.0,0.0,0.0,0.0,0.0,2.0,1.0,0.0,0.0,0.0,0.0
r4rk1/pb2bpp1/2p1q2p/n3P3/B3Q3/8/PPP2PPP/RNB2RK1 w - - 1 15,1,2,5,2,1212,1211,0,2,0,0,0,0,2,6,0,1,4,0,0,4,1,1,0,0,0,1,0,5,0,0,1,3,0,0,0,7,0,0,0,10,0,0,0,11,0,0,0,0,0,0,0,0,0,0,0,7,7,7,0,0,7,7,7,8,9,10,0,0,8,12,0,0.0,0.0,1.0,0.0,0.0,0.0,0.0,0.0,0.0,0.0,0.0,0.0,0.0,0.0,1.0,0.0,0.0,2.0,0.0,0.0,0.0,0.0
2b1k2r/1p1p2pp/4pp2/8/2P3N1/b1n1B2P/5PP1/3R2K1 w k - 2 22,2,3,3,3,985,1000,0,0,0,4,0,6,0,0,2,0,1,0,1,0,0,1,1,0,0,0,0,1,1,0,0,0,0,0,0,0,0,0,0,0,0,7,0,0,0,9,0,4,0,3,0,10,0,0,7,0,0,0,0,0,7,7,0,0,0,0,8,0,0,12,0,0.0,1.0,0.0,0.0,0.0,0.0,0.0,0.0,0.0,0.0,0.0,0.0,1.0,0.0,0.0,0.0,-3.0,0.0,0.0,0.0,0.0,0.0
r1bqkb1r/ppp2ppp/5n2/8/2BP4/2N5/PP3PPP/R1BQK2R b KQkq - 0 8,10,13,5,3,1255,1224,1,2,0,4,5,6,4,0,2,1,1,1,0,0,1,1,1,0,0,0,0,0,3,0,0,0,0,0,0,0,0,0,0,0,0,10,7,0,0,0,0,0,0,9,0,0,0,0,0,7,7,0,0,0,7,7,7,8,0,10,11,12,0,0,8,0.0,0.0,0.0,0.0,0.0,0.0,0.0,0.0,1.0,0.0,0.0,0.0,0.0,0.0,1.0,0.0,-4.0,-4.0,0.0,0.0,0.0,0.0
7Q/6k1/8/pp1P1K2/8/1P6/8/8 b - - 0 43,19,19,3,0,1700,1693,1,0,0,0,0,0,0,0,11,0,0,0,0,0,0,6,0,0,0,0,0,0,0,0,0,1,1,0,7,0,12,0,0,0,0,0,0,0,0,0,0,0,7,0,0,0,0,0,0,0,0,0,0,0,0,0,0,0,0,0,0,0,0,0,0,0.0,0.0,0.0,0.0,0.0,0.0,0.0,1.0,0.0,0.0,0.0,0.0,0.0,0.0,0.0,1.0,1.0,1.0,0.0,0.0,0.0,0.0
r1bqkb1r/ppp3pp/8/3pp1Nn/8/2NB3P/PPP3P1/R4RK1 b kq - 1 16,8,13,2,5,1485,1547,1,2,0,4,5,6,4,0,2,1,1,1,0,0,0,1,1,0,0,0,0,0,0,0,0,0,0,0,1,1,0,9,3,0,0,0,0,0,0,0,0,0,0,9,10,0,0,0,7,7,7,7,0,0,0,7,0,8,0,0,0,0,8,12,0,0.0,0.0,0.0,0.0,0.0,0.0,0.0,0.0,1.0,0.0,0.0,0.0,1.0,0.0,0.0,0.0,3.0,-3.0,0.0,0.0,0.0,0.0
5rk1/4Rppp/8/4P1Bq/4PP2/3Q3P/2P2K2/8 w - - 3 36,9,1,6,0,1797,1695,0,0,0,0,0,0,2,6,0,0,0,0,0,8,1,1,1,0,0,0,0,0,0,0,0,0,0,0,0,7,0,10,5,0,0,0,0,7,7,0,0,0,0,0,11,0,0,0,7,0,0,7,0,0,12,0,0,0,0,0,0,0,0,0,0,0.0,0.0,0.0,1.0,0.0,0.0,0.0,0.0,0.0,0.0,0.0,0.0,0.0,0.0,0.0,0.0,0.0,1.0,0.0,0.0,0.0,0.0
2kr3r/p1p4p/1p2q1p1/5p2/3pbR2/P1P3P1/1P4BP/R2Q2K1 w - - 0 19,8,8,2,6,1134,1133,0,0,0,6,2,0,0,0,2,1,0,1,0,0,0,0,1,0,1,0,0,5,0,1,0,0,0,0,0,0,1,0,0,0,0,0,1,4,8,0,0,7,0,7,0,0,0,7,0,0,7,0,0,0,0,10,7,8,0,0,11,0,0,12,0,0.0,0.0,1.0,0.0,0.0,0.0,0.0,0.0,0.0,0.0,0.0,0.0,0.0,0.0,0.0,1.0,-2.0,2.0,0.0,0.0,0.0,0.0
rnbqkb1r/ppp2ppp/4pn2/3p4/3PP3/2N5/PPP2PPP/R1BQKBNR w KQkq - 2 4,7,5,6,3,2049,1972,0,2,3,4,5,6,4,0,2,1,1,1,0,0,1,1,1,0,0,0,0,1,3,0,0,0,0,0,1,0,0,0,0,0,0,0,7,7,0,0,0,0,0,9,0,0,0,0,0,7,7,7,0,0,7,7,7,8,0,10,11,12,10,9,8,0.0,1.0,0.0,0.0,0.0,0.0,0.0,0.0,0.0,0.0,0.0,1.0,0.0,0.0,0.0,0.0,4.0,4.0,0.0,0.0,0.0,0.0
5r1k/Q5p1/2B3pp/1r6/8/1Pp2P2/2P3PP/2K1R2R b - - 0 27,8,2,4,2,1897,1905,1,0,0,0,0,0,2,0,6,11,0,0,0,0,0,1,0,0,0,10,0,0,0,1,1,0,2,0,0,0,0,0,0,0,0,0,0,0,0,0,0,0,7,1,0,0,7,0,0,0,0,7,0,0,0,7,7,0,0,12,0,8,0,0,8,0.0,0.0,0.0,0.0,0.0,1.0,0.0,0.0,0.0,0.0,1.0,0.0,0.0,0.0,0.0,0.0,0.0,-1.0,0.0,0.0,0.0,0.0
8/7p/1p1k2p1/1P1Ppp2/3b4/5B2/5PPP/5K2 w - - 3 37,7,13,3,6,2066,2070,0,0,0,0,0,0,0,0,0,0,0,0,0,0,0,0,1,0,1,0,6,0,0,1,0,0,7,0,7,1,1,0,0,0,0,0,4,0,0,0,0,0,0,0,0,0,10,0,0,0,0,0,0,0,7,7,7,0,0,0,0,0,12,0,0,0.0,1.0,0.0,0.0,0.0,0.0,0.0,0.0,0.0,0.0,0.0,0.0,0.0,0.0,1.0,0.0,-1.0,1.0,0.0,0.0,0.0,0.0
rnbqkb1r/p1p2ppp/4pn2/1N6/2pP4/4PN2/PP3PPP/R1BQKB1R b KQkq - 0 6,5,8,3,3,1625,1650,1,2,3,4,5,6,4,0,2,1,0,1,0,0,1,1,1,0,0,0,0,1,3,0,0,0,9,0,0,0,0,0,0,0,0,1,7,0,0,0,0,0,0,0,0,7,9,0,0,7,7,0,0,0,7,7,7,8,0,10,11,12,10,0,8,0.0,0.0,0.0,0.0,0.0,0.0,0.0,1.0,0.0,1.0,0.0,0.0,0.0,0.0,0.0,0.0,0.0,-1.0,0.0,0.0,0.0,0.0
3r4/p4kpp/2Q5/6P1/4P1n1/8/2P2PP1/4K2R w - - 8 32,10,19,3,3,1500,1397,0,0,0,0,2,0,0,0,0,1,0,0,0,0,6,1,1,0,0,11,0,0,0,0,0,0,0,0,0,0,0,7,0,0,0,0,0,7,0,3,0,0,0,0,0,0,0,0,0,0,0,7,0,0,7,7,0,0,0,0,0,12,0,0,8,0.0,1.0,0.0,0.0,0.0,0.0,0.0,0.0,0.0,0.0,0.0,0.0,0.0,0.0,0.0,0.0,0.0,6.0,0.0,0.0,0.0,0.0
rnbq1bnr/pp2pk1p/2pp2p1/8/4P3/5Q2/PPPP1PPP/RNB1K1NR b KQ - 1 5,4,13,3,2,1988,2010,1,2,3,4,5,0,4,3,2,1,1,0,0,1,6,0,1,0,0,1,1,0,0,1,0,0,0,0,0,0,0,0,0,0,0,0,0,7,0,0,0,0,0,0,0,0,11,0,0,7,7,7,7,0,7,7,7,8,9,10,0,12,0,9,8,0.0,0.0,0.0,0.0,0.0,0.0,0.0,1.0,0.0,0.0,0.0,0.0,0.0,0.0,1.0,0.0,-1.0,1.0,0.0,0.0,0.0,0.0
r2q1rk1/pbpnbpp1/1p1pp2p/8/3P1P2/2P2NP1/PP1N1PBP/R2QR1K1 w - - 0 12,2,2,4,3,1763,1720,0,2,0,0,5,0,2,6,0,1,4,1,3,4,1,1,0,0,1,0,1,1,0,0,1,0,0,0,0,0,0,0,0,0,0,0,7,0,7,0,0,0,0,7,0,0,9,7,0,7,7,0,9,0,7,10,7,8,0,0,11,8,0,12,0,0.0,1.0,0.0,0.0,0.0,0.0,0.0,0.0,0.0,0.0,0.0,0.0,1.0,0.0,0.0,0.0,-1.0,1.0,0.0,0.0,0.0,0.0
r3k2r/1b2qp1p/p5pP/1p1p1n2/3p2Q1/1B1P4/PPP3P1/R1B1K2R w KQkq - 2 19,14,10,3,6,2446,2414,0,2,0,0,0,6,0,0,2,0,4,0,0,5,1,0,1,1,0,0,0,0,0,1,7,0,1,0,1,0,3,0,0,0,0,0,1,0,0,11,0,0,10,0,7,0,0,0,0,7,7,7,0,0,0,7,0,8,0,10,0,12,0,0,8,0.0,1.0,0.0,0.0,0.0,0.0,0.0,0.0,0.0,0.0,0.0,0.0,0.0,1.0,0.0,0.0,1.0,1.0,0.0,0.0,0.0,0.0
rnbqkbnr/ppp1pppp/8/3p4/3P4/8/PPP1PPPP/RNBQKBNR w KQkq - 0 2,4,4,3,3,2058,2027,0,2,3,4,5,6,4,3,2,1,1,1,0,1,1,1,1,0,0,0,0,0,0,0,0,0,0,0,1,0,0,0,0,0,0,0,7,0,0,0,0,0,0,0,0,0,0,0,0,7,7,7,0,7,7,7,7,8,9,10,11,12,10,9,8,0.0,1.0,0.0,0.0,0.0,0.0,0.0,0.0,0.0,0.0,0.0,1.0,0.0,0.0,0.0,0.0,3.0,3.0,0.0,0.0,0.0,0.0
r1bqk2r/ppp2pp1/2n2n1p/3p2B1/3P4/P1P2N2/2P2PPP/R2QKB1R w KQkq - 0 9,10,10,3,5,1823,1809,0,2,0,4,5,6,0,0,2,1,1,1,0,0,1,1,0,0,0,3,0,0,3,0,1,0,0,0,1,0,0,10,0,0,0,0,7,0,0,0,0,7,0,7,0,0,9,0,0,0,0,7,0,0,7,7,7,8,0,0,11,12,10,0,8,0.0,0.0,0.0,0.0,0.0,1.0,0.0,0.0,0.0,0.0,0.0,0.0,0.0,0.0,0.0,1.0,1.0,-1.0,0.0,0.0,0.0,0.0
r3r1k1/pp1n1p2/5n1Q/3p2NP/1q4b1/3B1P2/P1P2KP1/3R3R b - - 2 25,13,13,1,5,1782,1781,1,2,0,0,0,2,0,6,0,1,1,0,3,0,1,0,0,0,0,0,0,0,3,0,11,0,0,0,1,0,0,9,7,0,5,0,0,0,0,4,0,0,0,0,10,0,7,0,0,7,0,7,0,0,12,7,0,0,0,0,8,0,0,0,8,0.0,0.0,0.0,0.0,1.0,0.0,0.0,0.0,0.0,0.0,1.0,0.0,0.0,0.0,0.0,0.0,2.0,0.0,0.0,0.0,0.0,0.0
2Q5/5pk1/3p2pp/3q4/8/1p2R2P/5PP1/6K1 w - - 2 33,2,7,2,4,2117,2105,0,0,0,11,0,0,0,0,0,0,0,0,0,0,1,6,0,0,0,0,1,0,0,1,1,0,0,0,5,0,0,0,0,0,0,0,0,0,0,0,0,0,1,0,0,8,0,0,7,0,0,0,0,0,7,7,0,0,0,0,0,0,0,12,0,0.0,0.0,0.0,0.0,0.0,0.0,0.0,0.0,1.0,0.0,0.0,1.0,0.0,0.0,0.0,0.0,0.0,-5.0,0.0,0.0,0.0,0.0
rnbq1rk1/ppppppbp/5np1/8/2P5/1PN1PN2/P2P1PPP/R1BQKB1R b KQ - 0 5,2,2,4,2,2316,2388,1,2,3,4,5,0,2,6,0,1,1,1,1,1,1,4,1,0,0,0,0,0,3,1,0,0,0,0,0,0,0,0,0,0,0,7,0,0,0,0,0,0,7,9,0,7,9,0,0,7,0,0,7,0,7,7,7,8,0,10,11,12,10,0,8,0.0,0.0,0.0,0.0,0.0,0.0,0.0,1.0,0.0,0.0,0.0,1.0,0.0,0.0,0.0,0.0,0.0,-1.0,0.0,0.0,0.0,0.0
r2qkb1r/p2n1pp1/1p2p2p/2p1P3/3P4/1P2PN1P/P3Q1P1/RN3RK1 w kq - 0 15,8,8,4,3,1456,1517,0,2,0,0,5,6,4,0,2,1,0,0,3,0,1,1,0,0,1,0,0,1,0,0,1,0,0,1,0,7,0,0,0,0,0,0,7,0,0,0,0,0,7,0,0,7,9,0,7,7,0,0,0,11,0,7,0,8,9,0,0,0,8,12,0,0.0,0.0,0.0,0.0,1.0,0.0,0.0,0.0,0.0,0.0,0.0,0.0,1.0,0.0,0.0,0.0,-1.0,1.0,0.0,0.0,0.0,0.0
6rr/p4k2/3bp3/3p1p2/1P1P2qp/P3P2Q/3B2PP/5RK1 w - - 5 27,7,8,3,5,1829,1846,0,0,0,0,0,0,0,2,2,1,0,0,0,0,6,0,0,0,0,0,4,1,0,0,0,0,0,0,1,0,1,0,0,0,7,0,7,0,0,5,1,7,0,0,0,7,0,0,11,0,0,0,10,0,0,7,7,0,0,0,0,0,8,12,0,0.0,0.0,0.0,1.0,0.0,0.0,0.0,0.0,0.0,0.0,0.0,0.0,0.0,0.0,0.0,0.0,-1.0,1.0,0.0,0.0,0.0,0.0
rnb1r1k1/ppp2ppp/8/4P3/7b/5NP1/PqPBQ2P/3RKB1R b K - 1 14,19,1,4,2,1795,1793,1,2,3,4,0,2,0,6,0,1,1,1,0,0,1,1,1,0,0,0,0,0,0,0,0,0,0,0,0,7,0,0,0,0,0,0,0,0,0,0,4,0,0,0,0,0,9,7,0,7,5,7,10,11,0,0,7,0,0,0,8,12,10,0,8,0.0,0.0,0.0,0.0,1.0,0.0,0.0,0.0,0.0,0.0,0.0,0.0,0.0,0.0,0.0,0.0,-2.0,2.0,0.0,0.0,0.0,0.0
3r2k1/p1p3q1/np5p/2pP2pK/P4p2/4n2P/7P/8 w - - 1 37,13,11,1,3,1842,1854,0,0,0,0,2,0,0,6,0,1,0,1,0,0,0,5,0,3,1,0,0,0,0,0,1,0,0,1,7,0,0,1,12,7,0,0,0,0,1,0,0,0,0,0,0,3,0,0,7,0,0,0,0,0,0,0,7,0,0,0,0,0,0,0,0,0.0,0.0,0.0,0.0,0.0,1.0,0.0,0.0,0.0,0.0,0.0,0.0,1.0,0.0,0.0,0.0,0.0,1.0,0.0,0.0,0.0,0.0
r1bqk2r/pp2bppp/2n1pn2/3p4/7B/2P1PN2/PPQ2PPP/RN2KB1R b KQkq - 2 8,8,5,3,5,1408,1425,1,2,0,4,5,6,0,0,2,1,1,0,0,4,1,1,1,0,0,3,0,1,3,0,0,0,0,0,1,0,0,0,0,0,0,0,0,0,0,0,10,0,0,7,0,7,9,0,0,7,7,11,0,0,7,7,7,8,9,0,0,12,10,0,8,0.0,0.0,0.0,0.0,0.0,0.0,0.0,1.0,0.0,0.0,0.0,0.0,0.0,0.0,0.0,1.0,0.0,-1.0,0.0,0.0,0.0,0.0
r1b3k1/pppnqrpn/4p2p/3p1p2/3P1B2/2PBP2P/PP1N1PP1/R2QK2R w KQ - 0 12,5,5,4,4,2267,2126,0,2,0,4,0,0,0,6,0,1,1,1,3,5,2,1,3,0,0,0,0,1,0,0,1,0,0,0,1,0,1,0,0,0,0,0,7,0,10,0,0,0,0,7,10,7,0,0,7,7,7,0,9,0,7,7,0,8,0,0,11,12,0,0,8,0.0,0.0,0.0,0.0,1.0,0.0,0.0,0.0,0.0,0.0,0.0,0.0,0.0,0.0,1.0,0.0,-3.0,3.0,0.0,0.0,0.0,0.0
rnbqkbnr/pppp1ppp/8/4p3/4P3/2N5/PPPP1PPP/R1BQKBNR b KQkq - 1 2,4,4,3,2,1435,1498,1,2,3,4,5,6,4,3,2,1,1,1,1,0,1,1,1,0,0,0,0,0,0,0,0,0,0,0,0,1,0,0,0,0,0,0,0,7,0,0,0,0,0,9,0,0,0,0,0,7,7,7,7,0,7,7,7,8,0,10,11,12,10,9,8,0.0,0.0,0.0,0.0,0.0,0.0,0.0,0.0,1.0,0.0,0.0,0.0,0.0,0.0,0.0,1.0,-1.0,-2.0,0.0,0.0,0.0,0.0
3k1b1r/pp4pp/2p3b1/2n2p2/2N1PB2/2P2P2/PPK4P/6NR w - - 0 19,13,14,5,2,1160,1126,0,0,0,0,6,0,4,0,2,1,1,0,0,0,0,1,1,0,0,1,0,0,0,4,0,0,0,3,0,0,1,0,0,0,0,9,0,7,10,0,0,0,0,7,0,0,7,0,0,7,7,12,0,0,0,0,7,0,0,0,0,0,0,9,8,0.0,0.0,0.0,0.0,1.0,0.0,0.0,0.0,0.0,0.0,0.0,0.0,0.0,1.0,0.0,0.0,0.0,1.0,0.0,0.0,0.0,0.0
rn5r/ppp3kp/3ppn2/8/6P1/2N1P2P/PPP5/R3K2R w KQ - 0 16,14,19,3,3,1561,1507,0,2,3,0,0,0,0,0,2,1,1,1,0,0,0,6,1,0,0,0,1,1,3,0,0,0,0,0,0,0,0,0,0,0,0,0,0,0,0,7,0,0,0,9,0,7,0,0,7,7,7,7,0,0,0,0,0,8,0,0,0,12,0,0,8,0.0,0.0,0.0,0.0,1.0,0.0,0.0,0.0,0.0,0.0,0.0,0.0,0.0,0.0,0.0,1.0,0.0,1.0,0.0,0.0,0.0,0.0
r2q1rk1/ppp2ppp/2np1n2/2b1pQN1/4P3/2N3P1/PPPP1P1P/R1B2RK1 b - - 2 10,2,1,4,5,1563,1615,1,2,0,0,5,0,2,6,0,1,1,1,0,0,1,1,1,0,0,3,1,0,3,0,0,0,0,4,0,1,11,9,0,0,0,0,0,7,0,0,0,0,0,9,0,0,0,7,0,7,7,7,7,0,7,0,7,8,0,10,0,0,8,12,0,0.0,0.0,0.0,0.0,0.0,0.0,1.0,0.0,0.0,0.0,0.0,1.0,0.0,0.0,0.0,0.0,2.0,1.0,0.0,0.0,0.0,0.0
rnbqkb1r/pp3ppp/4pn2/3P4/3p4/2N2N2/PP2PPPP/R1BQKB1R w KQkq - 0 6,7,8,5,3,2002,1870,0,2,3,4,5,6,4,0,2,1,1,0,0,0,1,1,1,0,0,0,0,1,3,0,0,0,0,0,7,0,0,0,0,0,0,0,1,0,0,0,0,0,0,9,0,0,9,0,0,7,7,0,0,7,7,7,7,8,0,10,11,12,10,0,8,0.0,1.0,0.0,0.0,0.0,0.0,0.0,0.0,0.0,0.0,0.0,0.0,1.0,0.0,0.0,0.0,0.0,3.0,0.0,0.0,0.0,0.0
r1bqkb1r/pppp1ppp/2n2n2/4p3/4PP2/2N5/PPPP2PP/R1BQKBNR w KQkq - 1 4,7,4,4,5,1236,1235,0,2,0,4,5,6,4,0,2,1,1,1,1,0,1,1,1,0,0,3,0,0,3,0,0,0,0,0,0,1,0,0,0,0,0,0,0,7,7,0,0,0,0,9,0,0,0,0,0,7,7,7,7,0,0,7,7,8,0,10,11,12,10,9,8,0.0,0.0,1.0,0.0,0.0,0.0,0.0,0.0,0.0,0.0,0.0,0.0,1.0,0.0,0.0,0.0,0.0,1.0,0.0,0.0,0.0,0.0
rnbq1rk1/pp2ppbp/5np1/2pPp3/2P5/2N2P2/PP4PP/R1BQKBNR w KQ - 0 8,14,2,4,4,1036,1046,0,2,3,4,5,0,2,6,0,1,1,0,0,1,1,4,1,0,0,0,0,0,3,1,0,0,0,1,7,1,0,0,0,0,0,7,0,0,0,0,0,0,0,9,0,0,7,0,0,7,7,0,0,0,0,7,7,8,0,10,11,12,10,9,8,0.0,1.0,0.0,0.0,0.0,0.0,0.0,0.0,0.0,0.0,0.0,0.0,1.0,0.0,0.0,0.0,1.0,1.0,0.0,0.0,0.0,0.0
8/6kp/1n3bp1/1p2p3/p1p4P/P1P2N2/1P4P1/2K5 w - - 0 36,8,13,2,4,1521,1555,0,0,0,0,0,0,0,0,0,0,0,0,0,0,0,6,1,0,3,0,0,0,4,1,0,0,1,0,0,1,0,0,0,1,0,1,0,0,0,0,7,7,0,7,0,0,9,0,0,0,7,0,0,0,0,7,0,0,0,12,0,0,0,0,0,0.0,1.0,0.0,0.0,0.0,0.0,0.0,0.0,0.0,0.0,0.0,1.0,0.0,0.0,0.0,0.0,1.0,1.0,0.0,0.0,0.0,0.0
rnbqkbnr/pppppppp/8/8/8/8/PPPPPPPP/RNBQKBNR w KQkq - 0 1,1,1,0,0,1642,1621,0,2,3,4,5,6,4,3,2,1,1,1,1,1,1,1,1,0,0,0,0,0,0,0,0,0,0,0,0,0,0,0,0,0,0,0,0,0,0,0,0,0,0,0,0,0,0,0,0,7,7,7,7,7,7,7,7,8,9,10,11,12,10,9,8,0.0,0.0,1.0,0.0,0.0,0.0,0.0,0.0,0.0,0.0,0.0,0.0,1.0,0.0,0.0,0.0,0.0,2.0,0.0,0.0,0.0,0.0
rnbq1rk1/4bppp/p2ppn2/1p6/3NP1P1/2NBBP2/PPPQ3P/R3K2R b KQ - 0 10,11,1,5,3,1783,1796,1,2,3,4,5,0,2,6,0,0,0,0,0,4,1,1,1,1,0,0,1,1,3,0,0,0,1,0,0,0,0,0,0,0,0,0,9,7,0,7,0,0,0,9,10,10,7,0,0,7,7,7,11,0,0,0,7,8,0,0,0,12,0,0,8,0.0,0.0,0.0,0.0,0.0,0.0,0.0,0.0,1.0,0.0,0.0,1.0,0.0,0.0,0.0,0.0,-1.0,-1.0,0.0,0.0,0.0,0.0
rnbqkbnr/pppp1ppp/8/4p3/4P3/8/PPPP1PPP/RNBQKBNR w KQkq - 0 2,4,4,2,2,1352,1342,0,2,3,4,5,6,4,3,2,1,1,1,1,0,1,1,1,0,0,0,0,0,0,0,0,0,0,0,0,1,0,0,0,0,0,0,0,7,0,0,0,0,0,0,0,0,0,0,0,7,7,7,7,0,7,7,7,8,9,10,11,12,10,9,8,0.0,1.0,0.0,0.0,0.0,0.0,0.0,0.0,0.0,0.0,0.0,0.0,0.0,0.0,0.0,1.0,-1.0,2.0,0.0,0.0,0.0,0.0
r1bq3r/ppp3pp/2np1n2/4k1B1/2Q1P3/8/PPP2PPP/RN2K1NR w KQ - 3 10,10,19,4,5,1770,1714,0,2,0,4,5,0,0,0,2,1,1,1,0,0,0,1,1,0,0,3,1,0,3,0,0,0,0,0,0,6,0,10,0,0,0,11,0,7,0,0,0,0,0,0,0,0,0,0,0,7,7,7,0,0,7,7,7,8,9,0,0,12,0,9,8,0.0,1.0,0.0,0.0,0.0,0.0,0.0,0.0,0.0,0.0,0.0,0.0,0.0,0.0,0.0,1.0,-1.0,2.0,0.0,0.0,0.0,0.0
rnbqkbnr/ppp1pppp/8/3p4/1P6/8/P1PPPPPP/RNBQKBNR w KQkq - 0 2,1,4,0,3,1358,1344,0,2,3,4,5,6,4,3,2,1,1,1,0,1,1,1,1,0,0,0,0,0,0,0,0,0,0,0,1,0,0,0,0,0,7,0,0,0,0,0,0,0,0,0,0,0,0,0,0,7,0,7,7,7,7,7,7,8,9,10,11,12,10,9,8,0.0,1.0,0.0,0.0,0.0,0.0,0.0,0.0,0.0,0.0,0.0,0.0,0.0,0.0,0.0,1.0,-1.0,2.0,0.0,0.0,0.0,0.0
8/ppk1pr2/3p2R1/2p5/4P2p/2PP4/P1P3KN/8 w - - 0 30,19,8,4,2,1816,1829,0,0,0,0,0,0,0,0,0,1,1,6,0,1,2,0,0,0,0,0,1,0,0,8,0,0,0,1,0,0,0,0,0,0,0,0,0,7,0,0,1,0,0,7,7,0,0,0,0,7,0,7,0,0,0,12,9,0,0,0,0,0,0,0,0,0.0,0.0,1.0,0.0,0.0,0.0,0.0,0.0,0.0,0.0,0.0,0.0,0.0,0.0,0.0,0.0,-2.0,1.0,0.0,0.0,0.0,0.0
r1bq1rk1/1ppn1pp1/p2pp3/2b3pQ/2P2P2/1P1BP3/PB1P2PP/RN3RK1 w - - 0 11,4,7,4,3,1602,1589,0,2,0,4,5,0,2,6,0,0,1,1,3,0,1,1,0,1,0,0,1,1,0,0,0,0,0,4,0,0,0,1,11,0,0,7,0,0,7,0,0,0,7,0,10,7,0,0,0,7,10,0,7,0,0,7,7,8,9,0,0,0,8,12,0,0.0,0.0,0.0,0.0,0.0,1.0,0.0,0.0,0.0,0.0,0.0,0.0,0.0,0.0,0.0,0.0,0.0,2.0,0.0,0.0,0.0,0.0
4rr2/7k/2pR3p/1p2qb2/4pQ2/P1P3Pp/1P3P1K/6R1 w - - 1 34,7,7,4,6,1954,1953,0,0,0,0,0,2,2,0,0,0,0,0,0,0,0,0,6,0,0,1,8,0,0,0,1,0,1,0,0,5,4,0,0,0,0,0,0,1,11,0,0,7,0,7,0,0,0,7,1,0,7,0,0,0,7,0,12,0,0,0,0,0,0,8,0,0.0,0.0,0.0,0.0,1.0,0.0,0.0,0.0,0.0,0.0,0.0,0.0,0.0,0.0,1.0,0.0,2.0,2.0,0.0,0.0,0.0,0.0
rnbqkbnr/ppp2ppp/3p4/4p3/2B1P3/5N2/PPPP1PPP/RNBQK2R b KQkq - 1 3,4,5,4,3,1745,1736,1,2,3,4,5,6,4,3,2,1,1,1,0,0,1,1,1,0,0,0,1,0,0,0,0,0,0,0,0,1,0,0,0,0,0,10,0,7,0,0,0,0,0,0,0,0,9,0,0,7,7,7,7,0,7,7,7,8,9,10,11,12,0,0,8,0.0,0.0,0.0,0.0,0.0,0.0,0.0,0.0,1.0,0.0,1.0,0.0,0.0,0.0,0.0,0.0,1.0,-2.0,0.0,0.0,0.0,0.0
3rk2r/p2b1ppp/4p3/2b1n3/2Pq4/4NQ2/PP1P1PPP/R1B1KB1R w KQk - 5 14,7,8,2,6,1574,1464,0,0,0,0,2,6,0,0,2,1,0,0,4,0,1,1,1,0,0,0,0,1,0,0,0,0,0,4,0,3,0,0,0,0,0,7,5,0,0,0,0,0,0,0,0,9,11,0,0,7,7,0,7,0,7,7,7,8,0,10,0,12,10,0,8,0.0,0.0,0.0,1.0,0.0,0.0,0.0,0.0,0.0,0.0,0.0,0.0,0.0,0.0,1.0,0.0,1.0,0.0,0.0,0.0,0.0,0.0
Q1b3k1/p1p2rpp/8/5pq1/1P6/2P2P2/P3R1PP/3KR3 b - - 0 23,14,4,4,1,985,943,1,11,0,4,0,0,0,6,0,1,0,1,0,0,2,1,1,0,0,0,0,0,0,0,0,0,0,0,0,0,1,5,0,0,7,0,0,0,0,0,0,0,0,7,0,0,7,0,0,7,0,0,0,8,0,7,7,0,0,0,12,8,0,0,0,0.0,0.0,0.0,0.0,0.0,0.0,0.0,1.0,0.0,0.0,0.0,0.0,0.0,0.0,1.0,0.0,0.0,1.0,0.0,0.0,0.0,0.0
r1bqkbnr/pppp1ppp/2n5/4p3/4P3/5N2/PPPP1PPP/RNBQKB1R w KQkq - 2 3,4,4,4,3,1270,1331,0,2,0,4,5,6,4,3,2,1,1,1,1,0,1,1,1,0,0,3,0,0,0,0,0,0,0,0,0,1,0,0,0,0,0,0,0,7,0,0,0,0,0,0,0,0,9,0,0,7,7,7,7,0,7,7,7,8,9,10,11,12,10,0,8,0.0,0.0,1.0,0.0,0.0,0.0,0.0,0.0,0.0,0.0,0.0,0.0,1.0,0.0,0.0,0.0,0.0,2.0,0.0,0.0,0.0,0.0
r2q1rk1/1b2bppp/pp1ppn2/6B1/3PP2P/2NB4/PP1Q1PP1/R4RK1 w - - 2 13,4,1,5,3,1730,1692,0,2,0,0,5,0,2,6,0,0,4,0,0,4,1,1,1,1,1,0,1,1,3,0,0,0,0,0,0,0,0,10,0,0,0,0,7,7,0,0,7,0,0,9,10,0,0,0,0,7,7,0,11,0,7,7,0,8,0,0,0,0,8,12,0,0.0,1.0,0.0,0.0,0.0,0.0,0.0,0.0,0.0,1.0,0.0,0.0,0.0,0.0,0.0,0.0,3.0,0.0,0.0,0.0,0.0,0.0
7r/p1R3pp/8/1rB1pk2/4p3/4P3/PPPN2PP/2K4R b - - 0 21,7,13,2,5,1408,1376,1,0,0,0,0,0,0,0,2,1,0,8,0,0,0,1,1,0,0,0,0,0,0,0,0,0,2,10,0,1,6,0,0,0,0,0,0,1,0,0,0,0,0,0,0,7,0,0,0,7,7,7,9,0,0,7,7,0,0,12,0,0,0,0,8,0.0,0.0,0.0,0.0,0.0,0.0,0.0,0.0,1.0,0.0,0.0,0.0,0.0,0.0,0.0,0.0,-6.0,0.0,0.0,0.0,0.0,0.0
8/7p/p2r2p1/5k2/5R2/P3K3/1P6/8 b - - 1 50,19,19,2,4,1799,1751,1,0,0,0,0,0,0,0,0,0,0,0,0,0,0,0,1,1,0,0,2,0,0,1,0,0,0,0,0,0,6,0,0,0,0,0,0,0,8,0,0,7,0,0,0,12,0,0,0,0,7,0,0,0,0,0,0,0,0,0,0,0,0,0,0,0.0,0.0,0.0,0.0,0.0,1.0,0.0,0.0,0.0,0.0,0.0,0.0,0.0,0.0,1.0,0.0,1.0,0.0,0.0,0.0,0.0,0.0
rnbqkbnr/pppppppp/8/8/8/5N2/PPPPPPPP/RNBQKB1R b KQkq - 1 1,1,1,2,0,1946,1861,1,2,3,4,5,6,4,3,2,1,1,1,1,1,1,1,1,0,0,0,0,0,0,0,0,0,0,0,0,0,0,0,0,0,0,0,0,0,0,0,0,0,0,0,0,0,9,0,0,7,7,7,7,7,7,7,7,8,9,10,11,12,10,0,8,0.0,0.0,0.0,0.0,0.0,0.0,0.0,1.0,0.0,0.0,0.0,0.0,1.0,0.0,0.0,0.0,0.0,-1.0,0.0,0.0,0.0,0.0
rnbqkbnr/pppppppp/8/8/8/8/PPPPPPPP/RNBQKBNR w KQkq - 0 1,1,1,0,0,1512,1512,0,2,3,4,5,6,4,3,2,1,1,1,1,1,1,1,1,0,0,0,0,0,0,0,0,0,0,0,0,0,0,0,0,0,0,0,0,0,0,0,0,0,0,0,0,0,0,0,0,7,7,7,7,7,7,7,7,8,9,10,11,12,10,9,8,0.0,0.0,1.0,0.0,0.0,0.0,0.0,0.0,0.0,0.0,0.0,0.0,1.0,0.0,0.0,0.0,0.0,2.0,0.0,0.0,0.0,0.0
r5k1/1p5p/p3bPn1/3pPp2/1q1Q4/1P1B4/PB6/R4K1R b - - 0 28,19,10,6,5,2146,2146,1,2,0,0,0,0,0,6,0,0,1,0,0,0,0,0,1,1,0,0,0,4,7,3,0,0,0,0,1,7,1,0,0,0,5,0,11,0,0,0,0,0,7,0,10,0,0,0,0,7,10,0,0,0,0,0,0,8,0,0,0,0,12,0,8,0.0,0.0,0.0,0.0,0.0,0.0,0.0,0.0,1.0,1.0,0.0,0.0,0.0,0.0,0.0,0.0,2.0,0.0,0.0,0.0,0.0,0.0
8/8/8/5k1K/4pP2/4P3/8/8 w - - 1 58,13,13,2,3,2084,2049,0,0,0,0,0,0,0,0,0,0,0,0,0,0,0,0,0,0,0,0,0,0,0,0,0,0,0,0,0,0,6,0,12,0,0,0,0,1,7,0,0,0,0,0,0,7,0,0,0,0,0,0,0,0,0,0,0,0,0,0,0,0,0,0,0,0.0,0.0,0.0,0.0,0.0,1.0,0.0,0.0,0.0,0.0,0.0,0.0,0.0,0.0,0.0,0.0,0.0,-1.0,0.0,0.0,0.0,0.0
2r1nrk1/p5p1/2B5/2Pp1q1p/P2P3b/4Pp1P/3Q1P1B/1R4RK w - - 1 32,8,10,4,4,2135,2103,0,0,0,2,0,3,2,6,0,1,0,0,0,0,0,1,0,0,0,10,0,0,0,0,0,0,0,7,1,0,5,0,1,7,0,0,7,0,0,0,4,0,0,0,0,7,1,0,7,0,0,0,11,0,7,0,10,0,8,0,0,0,0,8,12,0.0,0.0,0.0,0.0,0.0,0.0,1.0,0.0,0.0,0.0,0.0,1.0,0.0,0.0,0.0,0.0,2.0,2.0,0.0,0.0,0.0,0.0
rnbqkbnr/pppp1ppp/8/4p3/4P3/5N2/PPPP1PPP/RNBQKB1R b KQkq - 1 2,4,4,4,2,2207,2036,1,2,3,4,5,6,4,3,2,1,1,1,1,0,1,1,1,0,0,0,0,0,0,0,0,0,0,0,0,1,0,0,0,0,0,0,0,7,0,0,0,0,0,0,0,0,9,0,0,7,7,7,7,0,7,7,7,8,9,10,11,12,10,0,8,0.0,0.0,0.0,0.0,0.0,0.0,0.0,0.0,1.0,0.0,1.0,0.0,0.0,0.0,0.0,0.0,1.0,-2.0,0.0,0.0,0.0,0.0
2kr1b1r/ppp1q2p/2n2n2/3p1b2/8/4PN2/PPP1BPPP/RNBQ1RK1 b - - 2 11,1,4,3,5,2090,2154,1,0,0,6,2,0,4,0,2,1,1,1,0,5,0,0,1,0,0,3,0,0,3,0,0,0,0,0,1,0,4,0,0,0,0,0,0,0,0,0,0,0,0,0,0,7,9,0,0,7,7,7,0,10,7,7,7,8,9,10,11,0,8,12,0,0.0,0.0,0.0,0.0,0.0,0.0,0.0,1.0,0.0,0.0,0.0,0.0,0.0,0.0,0.0,0.0,0.0,-2.0,0.0,0.0,0.0,0.0
rn1qkb1r/ppp2ppp/4p3/3n4/3P2b1/4PN2/PP3PPP/RNBQKB1R w KQkq - 0 6,5,8,3,2,1888,1843,0,2,3,0,5,6,4,0,2,1,1,1,0,0,1,1,1,0,0,0,0,1,0,0,0,0,0,0,3,0,0,0,0,0,0,0,7,0,0,4,0,0,0,0,0,7,9,0,0,7,7,0,0,0,7,7,7,8,9,10,11,12,10,0,8,0.0,1.0,0.0,0.0,0.0,0.0,0.0,0.0,0.0,0.0,0.0,0.0,0.0,0.0,1.0,0.0,-1.0,1.0,0.0,0.0,0.0,0.0
r5k1/2qb1pp1/4rn1p/p2np3/2N5/2PP1N2/1PQ1BPPP/R4RK1 w - - 0 20,1,2,3,6,1799,1833,0,2,0,0,0,0,0,6,0,0,0,5,4,0,1,1,0,0,0,0,0,2,3,0,1,1,0,0,3,1,0,0,0,0,0,9,0,0,0,0,0,0,0,7,7,0,9,0,0,0,7,11,0,10,7,7,7,8,0,0,0,0,8,12,0,0.0,1.0,0.0,0.0,0.0,0.0,0.0,0.0,0.0,1.0,0.0,0.0,0.0,0.0,0.0,0.0,0.0,1.0,0.0,0.0,0.0,0.0
rnbqkbnr/pppppppp/8/8/8/8/PPPPPPPP/RNBQKBNR w KQkq - 0 1,1,1,0,0,1072,1047,0,2,3,4,5,6,4,3,2,1,1,1,1,1,1,1,1,0,0,0,0,0,0,0,0,0,0,0,0,0,0,0,0,0,0,0,0,0,0,0,0,0,0,0,0,0,0,0,0,7,7,7,7,7,7,7,7,8,9,10,11,12,10,9,8,0.0,0.0,1.0,0.0,0.0,0.0,0.0,0.0,0.0,0.0,0.0,0.0,0.0,1.0,0.0,0.0,0.0,2.0,0.0,0.0,0.0,0.0
r2qkbnr/1b1p2pp/ppn1pP2/8/8/2N1BN2/PPP2PPP/R2QKB1R b KQkq - 0 9,13,8,4,3,1400,1435,1,2,0,0,5,6,4,3,2,0,4,0,1,0,0,1,1,1,1,3,0,1,7,0,0,0,0,0,0,0,0,0,0,0,0,0,0,0,0,0,0,0,0,9,0,10,9,0,0,7,7,7,0,0,7,7,7,8,0,0,11,12,10,0,8,0.0,0.0,0.0,0.0,0.0,0.0,0.0,0.0,1.0,0.0,0.0,0.0,0.0,0.0,0.0,1.0,-1.0,-2.0,0.0,0.0,0.0,0.0
4b3/2k5/Qp2q3/2p1p3/P3Pp1P/2PP4/1P3Pr1/1K1R4 w - - 3 36,5,8,4,4,1556,1551,0,0,0,0,0,4,0,0,0,0,0,6,0,0,0,0,0,11,1,0,0,5,0,0,0,0,0,1,0,1,0,0,0,7,0,0,0,7,1,0,7,0,0,7,7,0,0,0,0,0,7,0,0,0,7,2,0,0,12,0,8,0,0,0,0,0.0,0.0,0.0,1.0,0.0,0.0,0.0,0.0,0.0,0.0,0.0,0.0,1.0,0.0,0.0,0.0,0.0,1.0,0.0,0.0,0.0,0.0
3r2k1/pp3pp1/2n4p/8/4bQ2/5N1P/P5PK/R2R4 w - - 0 22,7,2,4,4,2072,2049,0,0,0,0,2,0,0,6,0,1,1,0,0,0,1,1,0,0,0,3,0,0,0,0,1,0,0,0,0,0,0,0,0,0,0,0,0,4,11,0,0,0,0,0,0,0,9,0,7,7,0,0,0,0,0,7,12,8,0,0,8,0,0,0,0,0.0,0.0,0.0,0.0,1.0,0.0,0.0,0.0,0.0,0.0,0.0,0.0,0.0,0.0,1.0,0.0,-1.0,0.0,0.0,0.0,0.0,0.0
8/p5k1/4pNp1/4Q2p/5P2/6P1/P6P/R5K1 b - - 0 34,5,8,5,1,1876,1872,1,0,0,0,0,0,0,0,0,1,0,0,0,0,0,6,0,0,0,0,0,1,9,1,0,0,0,0,0,11,0,0,1,0,0,0,0,0,7,0,0,0,0,0,0,0,0,7,0,7,0,0,0,0,0,0,7,8,0,0,0,0,0,12,0,0.0,0.0,0.0,0.0,0.0,0.0,0.0,1.0,0.0,0.0,0.0,0.0,0.0,0.0,0.0,1.0,1.0,-1.0,0.0,0.0,0.0,0.0
rnbqkbnr/pppppppp/8/8/4P3/8/PPPP1PPP/RNBQKBNR b KQkq - 0 1,4,1,2,0,815,892,1,2,3,4,5,6,4,3,2,1,1,1,1,1,1,1,1,0,0,0,0,0,0,0,0,0,0,0,0,0,0,0,0,0,0,0,0,7,0,0,0,0,0,0,0,0,0,0,0,7,7,7,7,0,7,7,7,8,9,10,11,12,10,9,8,0.0,0.0,0.0,0.0,0.0,0.0,0.0,1.0,0.0,0.0,0.0,0.0,0.0,1.0,0.0,0.0,0.0,-2.0,0.0,0.0,0.0,0.0
5rk1/ppp4R/3p1rp1/2nP2N1/4P1b1/2N2P2/PPP5/2K2R2 w - - 1 23,7,14,4,2,1849,1801,0,0,0,0,0,0,2,6,0,1,1,1,0,0,0,0,8,0,0,0,1,0,2,1,0,0,0,3,7,0,0,9,0,0,0,0,0,7,0,4,0,0,0,9,0,0,7,0,0,7,7,7,0,0,0,0,0,0,0,12,0,0,8,0,0,0.0,1.0,0.0,0.0,0.0,0.0,0.0,0.0,0.0,0.0,0.0,0.0,0.0,0.0,1.0,0.0,2.0,0.0,0.0,0.0,0.0,0.0
rnbqkbnr/pppppppp/8/8/8/8/PPPPPPPP/RNBQKBNR w KQkq - 0 1,1,1,0,0,1874,1798,0,2,3,4,5,6,4,3,2,1,1,1,1,1,1,1,1,0,0,0,0,0,0,0,0,0,0,0,0,0,0,0,0,0,0,0,0,0,0,0,0,0,0,0,0,0,0,0,0,7,7,7,7,7,7,7,7,8,9,10,11,12,10,9,8,0.0,0.0,1.0,0.0,0.0,0.0,0.0,0.0,0.0,0.0,0.0,0.0,0.0,1.0,0.0,0.0,0.0,1.0,0.0,0.0,0.0,0.0
rnbqkbnr/pppppppp/8/8/4P3/8/PPPP1PPP/RNBQKBNR b KQkq - 0 1,4,1,2,0,1482,1458,1,2,3,4,5,6,4,3,2,1,1,1,1,1,1,1,1,0,0,0,0,0,0,0,0,0,0,0,0,0,0,0,0,0,0,0,0,7,0,0,0,0,0,0,0,0,0,0,0,7,7,7,7,0,7,7,7,8,9,10,11,12,10,9,8,0.0,0.0,0.0,0.0,0.0,0.0,0.0,1.0,0.0,0.0,0.0,0.0,1.0,0.0,0.0,0.0,0.0,-2.0,0.0,0.0,0.0,0.0
r1bqkbnr/pppp1ppp/2n5/8/3pP3/5N2/PPP2PPP/RNBQKB1R w KQkq - 0 4,10,7,4,3,1348,1381,0,2,0,4,5,6,4,3,2,1,1,1,1,0,1,1,1,0,0,3,0,0,0,0,0,0,0,0,0,0,0,0,0,0,0,0,1,7,0,0,0,0,0,0,0,0,9,0,0,7,7,7,0,0,7,7,7,8,9,10,11,12,10,0,8,0.0,0.0,0.0,1.0,0.0,0.0,0.0,0.0,0.0,0.0,0.0,0.0,0.0,0.0,1.0,0.0,-2.0,1.0,0.0,0.0,0.0,0.0
rn2r1k1/pppq1p2/3p2pQ/4p2n/2N1P3/2P2BPP/PP3P2/R4RK1 w - - 1 18,3,8,5,3,1531,1532,0,2,3,0,0,2,0,6,0,1,1,1,5,0,1,0,0,0,0,0,1,0,0,1,11,0,0,0,0,1,0,0,3,0,0,9,0,7,0,0,0,0,0,7,0,0,10,7,7,7,7,0,0,0,7,0,0,8,0,0,0,0,8,12,0,0.0,0.0,0.0,1.0,0.0,0.0,0.0,0.0,0.0,0.0,0.0,0.0,0.0,0.0,1.0,0.0,2.0,2.0,0.0,0.0,0.0,0.0
r1bq1rk1/p1ppppbp/1pn2np1/8/2PP4/2N1P1P1/PP2NPBP/R1BQK2R b KQ - 0 7,5,2,5,4,1091,1127,1,2,0,4,5,0,2,6,0,1,0,1,1,1,1,4,1,0,1,3,0,0,3,1,0,0,0,0,0,0,0,0,0,0,0,7,7,0,0,0,0,0,0,9,0,7,0,7,0,7,7,0,0,9,7,10,7,8,0,10,11,12,0,0,8,0.0,0.0,0.0,0.0,0.0,0.0,0.0,0.0,1.0,0.0,0.0,1.0,0.0,0.0,0.0,0.0,-1.0,-1.0,0.0,0.0,0.0,0.0
rnbqk2r/pppppp2/5bpp/8/3PP3/2N2N2/PPP2PPP/R2QKB1R b KQkq - 0 6,7,1,6,2,2483,2301,1,2,3,4,5,6,0,0,2,1,1,1,1,1,1,0,0,0,0,0,0,0,4,1,1,0,0,0,0,0,0,0,0,0,0,0,7,7,0,0,0,0,0,9,0,0,9,0,0,7,7,7,0,0,7,7,7,8,0,0,11,12,10,0,8,0.0,0.0,0.0,0.0,0.0,0.0,0.0,1.0,0.0,0.0,0.0,0.0,1.0,0.0,0.0,0.0,0.0,-1.0,0.0,0.0,0.0,0.0
rnbqkb1r/ppp2ppp/5n2/3P4/2B5/2N5/PP2NPPP/R1BQK2R b KQkq - 0 8,13,13,4,2,2140,2164,1,2,3,4,5,6,4,0,2,1,1,1,0,0,1,1,1,0,0,0,0,0,3,0,0,0,0,0,7,0,0,0,0,0,0,10,0,0,0,0,0,0,0,9,0,0,0,0,0,7,7,0,0,9,7,7,7,8,0,10,11,12,0,0,8,0.0,0.0,0.0,0.0,0.0,0.0,0.0,1.0,0.0,0.0,0.0,1.0,0.0,0.0,0.0,0.0,0.0,-1.0,0.0,0.0,0.0,0.0
8/2pB2pk/1p6/p1p4p/P3P1p1/5P2/6PP/6K1 b - - 0 29,2,5,3,1,1796,1761,1,0,0,0,0,0,0,0,0,0,0,1,10,0,0,1,6,0,1,0,0,0,0,0,0,1,0,1,0,0,0,0,1,7,0,0,0,7,0,1,0,0,0,0,0,0,7,0,0,0,0,0,0,0,0,7,7,0,0,0,0,0,0,12,0,0.0,0.0,0.0,0.0,1.0,0.0,0.0,0.0,0.0,0.0,0.0,0.0,0.0,0.0,0.0,1.0,-1.0,-1.0,0.0,0.0,0.0,0.0
r2q1rk1/pp2ppbp/3p1np1/8/3PP1b1/5BP1/PP1N1P1P/R1BQR1K1 b - - 0 12,2,2,5,3,2008,1976,1,2,0,0,5,0,2,6,0,1,1,0,0,1,1,4,1,0,0,0,1,0,3,1,0,0,0,0,0,0,0,0,0,0,0,0,7,7,0,4,0,0,0,0,0,0,10,7,0,7,7,0,9,0,7,0,7,8,0,10,11,8,0,12,0,0.0,0.0,0.0,0.0,1.0,0.0,0.0,0.0,0.0,0.0,0.0,0.0,0.0,0.0,0.0,1.0,-1.0,-1.0,0.0,0.0,0.0,0.0
3r1r2/5pk1/4p1p1/2p1P2p/Pp2QP2/1P1PR1PP/1qP1R2K/8 w - - 5 36,1,8,6,3,2362,2351,0,0,0,0,2,0,2,0,0,0,0,0,0,0,1,6,0,0,0,0,0,1,0,1,0,0,0,1,0,7,0,0,1,7,1,0,0,11,7,0,0,0,7,0,7,8,0,7,7,0,5,7,0,8,0,0,12,0,0,0,0,0,0,0,0,0.0,0.0,0.0,0.0,1.0,0.0,0.0,0.0,0.0,0.0,0.0,0.0,0.0,1.0,0.0,0.0,-2.0,0.0,0.0,0.0,0.0,0.0
rnbqkbnr/pp1ppppp/8/2p5/4P3/2P5/PP1P1PPP/RNBQKBNR b KQkq - 0 2,4,1,3,1,1077,1064,1,2,3,4,5,6,4,3,2,1,1,0,1,1,1,1,1,0,0,0,0,0,0,0,0,0,0,1,0,0,0,0,0,0,0,0,0,7,0,0,0,0,0,7,0,0,0,0,0,7,7,0,7,0,7,7,7,8,9,10,11,12,10,9,8,0.0,0.0,0.0,0.0,0.0,0.0,0.0,1.0,0.0,0.0,0.0,0.0,0.0,1.0,0.0,0.0,0.0,-1.0,0.0,0.0,0.0,0.0
rnbq1rk1/ppp1ppbp/3p1np1/8/2PPP3/2N2N2/PP2BPPP/R1BQK2R b KQ - 3 6,7,2,6,3,1692,1662,1,2,3,4,5,0,2,6,0,1,1,1,0,1,1,4,1,0,0,0,1,0,3,1,0,0,0,0,0,0,0,0,0,0,0,7,7,7,0,0,0,0,0,9,0,0,9,0,0,7,7,0,0,10,7,7,7,8,0,10,11,12,0,0,8,0.0,0.0,0.0,0.0,0.0,0.0,0.0,0.0,1.0,0.0,1.0,0.0,0.0,0.0,0.0,0.0,2.0,-1.0,0.0,0.0,0.0,0.0
r4r2/6pk/1R4R1/p4p1p/2P5/b3P1P1/P4P1P/6K1 w - - 0 32,2,8,2,1,1708,1699,0,2,0,0,0,0,2,0,0,0,0,0,0,0,0,1,6,0,8,0,0,0,0,8,0,1,0,0,0,0,1,0,1,0,0,7,0,0,0,0,0,4,0,0,0,7,0,7,0,7,0,0,0,0,7,0,7,0,0,0,0,0,0,12,0,0.0,0.0,0.0,0.0,0.0,0.0,1.0,0.0,0.0,0.0,0.0,0.0,0.0,0.0,0.0,1.0,0.0,-1.0,0.0,0.0,0.0,0.0
rnbqkbnr/pppppppp/8/8/2P5/8/PP1PPPPP/RNBQKBNR b KQkq - 0 1,1,1,1,0,2122,2061,1,2,3,4,5,6,4,3,2,1,1,1,1,1,1,1,1,0,0,0,0,0,0,0,0,0,0,0,0,0,0,0,0,0,0,7,0,0,0,0,0,0,0,0,0,0,0,0,0,7,7,0,7,7,7,7,7,8,9,10,11,12,10,9,8,0.0,0.0,0.0,0.0,0.0,0.0,0.0,1.0,0.0,0.0,1.0,0.0,0.0,0.0,0.0,0.0,0.0,-1.0,0.0,0.0,0.0,0.0
rn1qkb1r/pp2p1p1/2p2np1/3p3p/3P1B2/3QPN1P/PPP2PP1/RN2K2R b KQkq - 1 8,5,10,4,3,1819,1802,1,2,3,0,5,6,4,0,2,1,1,0,0,1,0,1,0,0,0,1,0,0,3,1,0,0,0,0,1,0,0,0,1,0,0,0,7,0,10,0,0,0,0,0,11,7,9,0,7,7,7,7,0,0,7,7,0,8,9,0,0,12,0,0,8,0.0,0.0,0.0,0.0,0.0,0.0,1.0,0.0,0.0,0.0,0.0,0.0,0.0,0.0,1.0,0.0,-1.0,-2.0,0.0,0.0,0.0,0.0
rnbqkbnr/pppppppp/8/8/4P3/8/PPPP1PPP/RNBQKBNR b KQkq - 0 1,4,1,2,0,1822,1850,1,2,3,4,5,6,4,3,2,1,1,1,1,1,1,1,1,0,0,0,0,0,0,0,0,0,0,0,0,0,0,0,0,0,0,0,0,7,0,0,0,0,0,0,0,0,0,0,0,7,7,7,7,0,7,7,7,8,9,10,11,12,10,9,8,0.0,0.0,0.0,0.0,0.0,0.0,0.0,1.0,0.0,0.0,0.0,0.0,0.0,1.0,0.0,0.0,0.0,-2.0,0.0,0.0,0.0,0.0
3r4/p2q1ppk/1p4np/2p1Q3/5R2/2PP2PP/PP1R3K/8 w - - 1 30,1,7,4,3,2185,2204,0,0,0,0,2,0,0,0,0,1,0,0,5,0,1,1,6,0,1,0,0,0,0,3,1,0,0,1,0,11,0,0,0,0,0,0,0,0,8,0,0,0,0,7,7,0,0,7,7,7,7,0,8,0,0,0,12,0,0,0,0,0,0,0,0,0.0,0.0,0.0,0.0,0.0,1.0,0.0,0.0,0.0,0.0,0.0,0.0,0.0,1.0,0.0,0.0,0.0,-1.0,0.0,0.0,0.0,0.0
8/5r1k/p2p3p/1p1Np2P/8/8/PPK5/6R1 b - - 2 40,19,7,1,3,1733,1662,1,0,0,0,0,0,0,0,0,0,0,0,0,0,2,0,6,1,0,0,1,0,0,0,1,0,1,0,9,1,0,0,7,0,0,0,0,0,0,0,0,0,0,0,0,0,0,0,0,7,7,12,0,0,0,0,0,0,0,0,0,0,0,8,0,0.0,0.0,0.0,0.0,0.0,0.0,0.0,1.0,0.0,0.0,0.0,0.0,0.0,0.0,1.0,0.0,0.0,-5.0,0.0,0.0,0.0,0.0
6rq/1pk1b3/pn1p4/2pPp3/2P5/2N1P2P/PP2Q3/2KR3R b - - 0 22,10,8,4,4,2128,2260,1,0,0,0,0,0,0,2,5,0,1,6,0,4,0,0,0,1,3,0,1,0,0,0,0,0,0,1,7,1,0,0,0,0,0,7,0,0,0,0,0,0,0,9,0,7,0,0,7,7,7,0,0,11,0,0,0,0,0,12,8,0,0,0,8,0.0,0.0,0.0,0.0,0.0,0.0,0.0,0.0,1.0,0.0,0.0,0.0,0.0,0.0,0.0,1.0,0.0,-5.0,0.0,0.0,0.0,0.0
rnbqkb1r/ppp1pppp/5n2/3p4/3P1B2/8/PPP1PPPP/RN1QKBNR w KQkq - 2 3,4,4,3,3,1626,1565,0,2,3,4,5,6,4,0,2,1,1,1,0,1,1,1,1,0,0,0,0,0,3,0,0,0,0,0,1,0,0,0,0,0,0,0,7,0,10,0,0,0,0,0,0,0,0,0,0,7,7,7,0,7,7,7,7,8,9,0,11,12,10,9,8,0.0,0.0,1.0,0.0,0.0,0.0,0.0,0.0,0.0,0.0,0.0,0.0,0.0,1.0,0.0,0.0,0.0,1.0,0.0,0.0,0.0,0.0
r3k2r/bq2npp1/b1n1p3/1p1pP2p/p2P4/P1NQBN2/1PB2PPP/R3R1K1 w kq - 1 16,1,5,6,5,1761,1798,0,2,0,0,0,6,0,0,2,4,5,0,0,3,1,1,0,4,0,3,0,1,0,0,0,0,1,0,1,7,0,0,1,1,0,0,7,0,0,0,0,7,0,9,11,10,9,0,0,0,7,10,0,0,7,7,7,8,0,0,0,8,0,12,0,0.0,0.0,0.0,1.0,0.0,0.0,0.0,0.0,0.0,0.0,0.0,0.0,1.0,0.0,0.0,0.0,0.0,-1.0,0.0,0.0,0.0,0.0
1k4r1/8/1pK2p2/2p5/R5P1/P7/8/5r2 b - - 3 44,19,11,3,2,1641,1645,1,0,6,0,0,0,0,2,0,0,0,0,0,0,0,0,0,0,1,12,0,0,1,0,0,0,0,1,0,0,0,0,0,8,0,0,0,0,0,7,0,7,0,0,0,0,0,0,0,0,0,0,0,0,0,0,0,0,0,0,0,0,2,0,0,0.0,1.0,0.0,0.0,0.0,0.0,0.0,0.0,0.0,0.0,0.0,0.0,0.0,0.0,1.0,0.0,-4.0,0.0,0.0,0.0,0.0,0.0
r1b1qr1k/pppnb1pp/5n2/4Np2/2P5/1QN1P2P/PP2BPPB/2KR3R b - - 0 14,10,1,5,3,2030,1951,1,2,0,4,0,5,2,0,6,1,1,1,3,4,0,1,1,0,0,0,0,0,3,0,0,0,0,0,0,9,1,0,0,0,0,7,0,0,0,0,0,0,11,9,0,7,0,0,7,7,7,0,0,10,7,7,10,0,0,12,8,0,0,0,8,0.0,0.0,0.0,0.0,0.0,0.0,0.0,1.0,0.0,0.0,0.0,0.0,0.0,1.0,0.0,0.0,-1.0,1.0,0.0,0.0,0.0,0.0
r2qk2r/ppp2ppp/2bb1n2/4p3/8/2N2N2/PPPP1PPP/R1BQR1K1 w kq - 0 10,1,10,4,5,1940,1939,0,2,0,0,5,6,0,0,2,1,1,1,0,0,1,1,1,0,0,4,4,0,3,0,0,0,0,0,0,1,0,0,0,0,0,0,0,0,0,0,0,0,0,9,0,0,9,0,0,7,7,7,7,0,7,7,7,8,0,10,11,8,0,12,0,0.0,0.0,0.0,1.0,0.0,0.0,0.0,0.0,0.0,0.0,0.0,0.0,0.0,0.0,1.0,0.0,-1.0,2.0,0.0,0.0,0.0,0.0
rnbqkb1r/ppp1pppp/3p4/8/4nP2/5N2/PPPP2PP/RNBQKB1R w KQkq - 0 4,10,2,2,2,944,948,0,2,3,4,5,6,4,0,2,1,1,1,0,1,1,1,1,0,0,0,1,0,0,0,0,0,0,0,0,0,0,0,0,0,0,0,0,3,7,0,0,0,0,0,0,0,9,0,0,7,7,7,7,0,0,7,7,8,9,10,11,12,10,0,8,0.0,1.0,0.0,0.0,0.0,0.0,0.0,0.0,0.0,0.0,0.0,0.0,0.0,0.0,1.0,0.0,-2.0,2.0,0.0,0.0,0.0,0.0
rnbqkbnr/ppp1pppp/8/8/8/P1N5/1PPP1PPP/R1BQKBNR b KQkq - 0 4,7,7,2,2,1544,1524,1,2,3,4,5,6,4,3,2,1,1,1,0,1,1,1,1,0,0,0,0,0,0,0,0,0,0,0,0,0,0,0,0,0,0,0,0,0,0,0,0,7,0,9,0,0,0,0,0,0,7,7,7,0,7,7,7,8,0,10,11,12,10,9,8,0.0,0.0,0.0,0.0,0.0,0.0,0.0,0.0,1.0,0.0,0.0,0.0,0.0,0.0,0.0,1.0,-1.0,-2.0,0.0,0.0,0.0,0.0
r1bq1rk1/pppnppbp/3p1np1/8/2PP1B2/3BPN1P/PP3PP1/RN1QK2R b KQ - 0 7,5,2,5,3,1260,1241,1,2,0,4,5,0,2,6,0,1,1,1,3,1,1,4,1,0,0,0,1,0,3,1,0,0,0,0,0,0,0,0,0,0,0,7,7,0,10,0,0,0,0,0,10,7,9,0,7,7,7,0,0,0,7,7,0,8,9,0,11,12,0,0,8,0.0,0.0,0.0,0.0,0.0,0.0,0.0,1.0,0.0,0.0,0.0,1.0,0.0,0.0,0.0,0.0,0.0,-2.0,0.0,0.0,0.0,0.0
rnbqkbnr/ppp2ppp/8/3Pp3/8/5N2/PPPP1PPP/RNBQKB1R b KQkq - 0 3,7,10,3,3,2209,2223,1,2,3,4,5,6,4,3,2,1,1,1,0,0,1,1,1,0,0,0,0,0,0,0,0,0,0,0,7,1,0,0,0,0,0,0,0,0,0,0,0,0,0,0,0,0,9,0,0,7,7,7,7,0,7,7,7,8,9,10,11,12,10,0,8,0.0,0.0,0.0,0.0,0.0,1.0,0.0,0.0,0.0,0.0,0.0,0.0,0.0,1.0,0.0,0.0,0.0,-1.0,0.0,0.0,0.0,0.0
5k2/p4p1p/2p2p2/3pp2P/P3P3/1PbP1PR1/4K3/8 w - - 0 31,2,10,3,6,1514,1495,0,0,0,0,0,0,6,0,0,1,0,0,0,0,1,0,1,0,0,1,0,0,1,0,0,0,0,0,1,1,0,0,7,7,0,0,0,7,0,0,0,0,7,4,7,0,7,8,0,0,0,0,0,12,0,0,0,0,0,0,0,0,0,0,0,0.0,0.0,0.0,0.0,1.0,0.0,0.0,0.0,0.0,0.0,0.0,0.0,0.0,1.0,0.0,0.0,-1.0,1.0,0.0,0.0,0.0,0.0
rnbqk1nr/pp1p1ppp/2p5/2bPp3/2P5/8/PP2PPPP/RNBQKBNR w KQkq - 0 4,7,4,3,3,1479,1455,0,2,3,4,5,6,0,3,2,1,1,0,1,0,1,1,1,0,0,1,0,0,0,0,0,0,0,4,7,1,0,0,0,0,0,7,0,0,0,0,0,0,0,0,0,0,0,0,0,7,7,0,0,7,7,7,7,8,9,10,11,12,10,9,8,0.0,0.0,0.0,0.0,0.0,1.0,0.0,0.0,0.0,0.0,0.0,0.0,1.0,0.0,0.0,0.0,0.0,1.0,0.0,0.0,0.0,0.0
r2q1rk1/4bppp/p1n2n2/1p1p1P2/2p5/1P1B4/PBP1NPPP/R2QR1K1 w - - 0 14,1,1,3,5,1613,1654,0,2,0,0,5,0,2,6,0,0,0,0,0,4,1,1,1,1,0,3,0,0,3,0,0,0,1,0,1,0,7,0,0,0,0,1,0,0,0,0,0,0,7,0,10,0,0,0,0,7,10,7,0,9,7,7,7,8,0,0,11,8,0,12,0,0.0,0.0,0.0,1.0,0.0,0.0,0.0,0.0,0.0,0.0,1.0,0.0,0.0,0.0,0.0,0.0,1.0,1.0,0.0,0.0,0.0,0.0
r1b1k1nr/1q1n3p/p3R1p1/2Pp1p2/1P3P1B/P1NB4/3Q2PP/5RK1 b kq - 0 23,4,13,3,4,1569,1581,1,2,0,4,0,6,0,3,2,0,5,0,3,0,0,0,1,1,0,0,0,8,0,1,0,0,0,7,1,0,1,0,0,0,7,0,0,0,7,0,10,7,0,9,10,0,0,0,0,0,0,0,11,0,0,7,7,0,0,0,0,0,8,12,0,0.0,0.0,0.0,0.0,0.0,0.0,0.0,0.0,1.0,0.0,0.0,0.0,0.0,1.0,0.0,0.0,1.0,0.0,0.0,0.0,0.0,0.0
r2qkbnr/pp2pppp/2n5/1B1p4/6b1/3P1N2/PPP2PPP/RNBQK2R w KQkq - 1 6,8,4,3,5,1380,1431,0,2,0,0,5,6,4,3,2,1,1,0,0,1,1,1,1,0,0,3,0,0,0,0,0,0,10,0,1,0,0,0,0,0,0,0,0,0,0,4,0,0,0,0,7,0,9,0,0,7,7,7,0,0,7,7,7,8,9,10,11,12,0,0,8,0.0,1.0,0.0,0.0,0.0,0.0,0.0,0.0,0.0,0.0,1.0,0.0,0.0,0.0,0.0,0.0,1.0,2.0,0.0,0.0,0.0,0.0
r1bqkbnr/pppp1ppp/2n5/4p3/4P3/5N2/PPPP1PPP/RNBQKB1R w KQkq - 2 3,4,4,4,3,1659,1664,0,2,0,4,5,6,4,3,2,1,1,1,1,0,1,1,1,0,0,3,0,0,0,0,0,0,0,0,0,1,0,0,0,0,0,0,0,7,0,0,0,0,0,0,0,0,9,0,0,7,7,7,7,0,7,7,7,8,9,10,11,12,10,0,8,0.0,1.0,0.0,0.0,0.0,0.0,0.0,0.0,0.0,0.0,0.0,0.0,0.0,0.0,1.0,0.0,-4.0,4.0,0.0,0.0,0.0,0.0
4r1k1/Qpq2pp1/7p/2Pp4/8/1NP5/PP3PPb/4RK2 b - - 1 22,7,2,3,3,1249,1267,1,0,0,0,0,2,0,6,0,11,1,5,0,0,1,1,0,0,0,0,0,0,0,0,1,0,0,7,1,0,0,0,0,0,0,0,0,0,0,0,0,0,9,7,0,0,0,0,0,7,7,0,0,0,7,7,4,0,0,0,0,8,12,0,0,0.0,0.0,0.0,0.0,0.0,0.0,0.0,0.0,1.0,0.0,0.0,0.0,0.0,1.0,0.0,0.0,0.0,-7.0,0.0,0.0,0.0,0.0
r2q1rk1/2pb1ppp/p3p3/1p1PP3/1Q6/2NP1N2/PP3PPP/R2B1RK1 b - - 0 18,1,1,6,1,1300,1201,1,2,0,0,5,0,2,6,0,0,0,1,4,0,1,1,1,1,0,0,0,1,0,0,0,0,1,0,7,7,0,0,0,0,11,0,0,0,0,0,0,0,0,9,7,0,9,0,0,7,7,0,0,0,7,7,7,8,0,0,10,0,8,12,0,0.0,0.0,0.0,0.0,0.0,0.0,1.0,0.0,0.0,0.0,0.0,0.0,0.0,1.0,0.0,0.0,-1.0,-1.0,0.0,0.0,0.0,0.0
r3kb1r/ppq1nppp/2p1p1b1/4P1B1/2B5/2N5/PPP1QPPP/3R1RK1 b kq - 6 12,1,8,5,3,2908,2839,1,2,0,0,0,6,4,0,2,1,1,5,0,3,1,1,1,0,0,1,0,1,0,4,0,0,0,0,0,7,0,10,0,0,0,10,0,0,0,0,0,0,0,9,0,0,0,0,0,7,7,7,0,11,7,7,7,0,0,0,8,0,8,12,0,0.0,0.0,0.0,0.0,0.0,0.0,0.0,1.0,0.0,0.0,0.0,0.0,0.0,1.0,0.0,0.0,1.0,-2.0,0.0,0.0,0.0,0.0
r1bqk1nr/p2n3p/1pp1p1p1/2P2p2/3P1Q2/5N2/P1P2PPP/R1B1KB1R w KQkq - 0 11,10,11,4,3,1248,1182,0,2,0,4,5,6,0,3,2,1,0,0,3,0,0,0,1,0,1,1,0,1,0,1,0,0,0,7,0,0,1,0,0,0,0,0,7,0,11,0,0,0,0,0,0,0,9,0,0,7,0,7,0,0,7,7,7,8,0,10,0,12,10,0,8,0.0,0.0,0.0,1.0,0.0,0.0,0.0,0.0,0.0,0.0,0.0,0.0,0.0,0.0,1.0,0.0,-1.0,2.0,0.0,0.0,0.0,0.0
3r1rk1/p1p1nppp/7B/8/2PPP1Q1/2q2KP1/P6P/8 w - - 2 25,13,1,5,2,2033,2033,0,0,0,0,2,0,2,6,0,1,0,1,0,3,1,1,1,0,0,0,0,0,0,0,10,0,0,0,0,0,0,0,0,0,0,7,7,7,0,11,0,0,0,5,0,0,12,7,0,7,0,0,0,0,0,0,7,0,0,0,0,0,0,0,0,0.0,0.0,0.0,1.0,0.0,0.0,0.0,0.0,0.0,0.0,0.0,0.0,0.0,0.0,1.0,0.0,1.0,-1.0,0.0,0.0,0.0,0.0
2nrr1k1/pp4pp/6p1/2bPp3/4P3/5N1P/P4PP1/R2Q1RK1 w - - 7 22,2,7,5,4,1611,1633,0,0,0,3,2,2,0,6,0,1,1,0,0,0,0,1,1,0,0,0,0,0,0,1,0,0,0,4,7,1,0,0,0,0,0,0,0,7,0,0,0,0,0,0,0,0,9,0,7,7,0,0,0,0,7,7,0,8,0,0,11,0,8,12,0,0.0,0.0,0.0,1.0,0.0,0.0,0.0,0.0,0.0,0.0,0.0,0.0,0.0,0.0,1.0,0.0,1.0,2.0,0.0,0.0,0.0,0.0
r4rk1/1bqnbppp/pp1ppn2/8/2PNP3/2N3P1/PP3P1P/R1BQRBK1 b - - 2 13,2,1,5,3,2117,2143,1,2,0,0,0,0,2,6,0,0,4,5,3,4,1,1,1,1,1,0,1,1,3,0,0,0,0,0,0,0,0,0,0,0,0,7,9,7,0,0,0,0,0,9,0,0,0,7,0,7,7,0,0,0,7,0,7,8,0,10,11,8,10,12,0,0.0,0.0,0.0,0.0,0.0,0.0,0.0,1.0,0.0,0.0,0.0,0.0,1.0,0.0,0.0,0.0,1.0,-2.0,0.0,0.0,0.0,0.0
rnbqk2r/ppp1bp2/3p3p/4pPpP/1PP3P1/3Pn3/P3B3/RN1QK1NR b KQkq - 0 11,14,5,2,4,1115,1111,1,2,3,4,5,6,0,0,2,1,1,1,0,4,1,0,0,0,0,0,1,0,0,0,1,0,0,0,0,1,7,1,7,0,7,7,0,0,0,7,0,0,0,0,7,3,0,0,0,7,0,0,0,10,0,0,0,8,9,0,11,12,0,9,8,0.0,0.0,0.0,1.0,0.0,0.0,0.0,0.0,0.0,0.0,0.0,0.0,0.0,1.0,0.0,0.0,-1.0,-2.0,0.0,0.0,0.0,0.0
rnbqkbnr/pppppppp/8/8/3P4/8/PPP1PPPP/RNBQKBNR b KQkq - 0 1,4,1,3,0,1888,1869,1,2,3,4,5,6,4,3,2,1,1,1,1,1,1,1,1,0,0,0,0,0,0,0,0,0,0,0,0,0,0,0,0,0,0,0,7,0,0,0,0,0,0,0,0,0,0,0,0,7,7,7,0,7,7,7,7,8,9,10,11,12,10,9,8,0.0,0.0,0.0,0.0,0.0,0.0,0.0,1.0,0.0,0.0,0.0,0.0,1.0,0.0,0.0,0.0,0.0,-2.0,0.0,0.0,0.0,0.0
2r2rk1/pp3ppp/1q2bn2/2bpN3/N4Q2/6P1/PP2PPBP/R2R2K1 b - - 6 16,2,1,5,4,1932,2005,1,0,0,2,0,0,2,6,0,1,1,0,0,0,1,1,1,0,5,0,0,4,3,0,0,0,0,4,1,9,0,0,0,9,0,0,0,0,11,0,0,0,0,0,0,0,0,7,0,7,7,0,0,7,7,10,7,8,0,0,8,0,0,12,0,0.0,0.0,0.0,0.0,0.0,0.0,1.0,0.0,0.0,0.0,1.0,0.0,0.0,0.0,0.0,0.0,0.0,-4.0,0.0,0.0,0.0,0.0
r3r1k1/1p3ppp/2pb4/p2N4/2p1P1Q1/7P/PqP2PP1/R3R1K1 w - - 0 18,2,1,4,4,1484,1478,0,2,0,0,0,2,0,6,0,0,1,0,0,0,1,1,1,0,0,1,4,0,0,0,0,1,0,0,9,0,0,0,0,0,0,1,0,7,0,11,0,0,0,0,0,0,0,0,7,7,5,7,0,0,7,7,0,8,0,0,0,8,0,12,0,0.0,0.0,0.0,0.0,0.0,1.0,0.0,0.0,0.0,0.0,0.0,0.0,1.0,0.0,0.0,0.0,2.0,1.0,0.0,0.0,0.0,0.0
1r4k1/p4p1p/4P2p/3pP3/6Pb/2PQ3P/q1rN4/1N3RK1 b - - 0 25,11,7,4,3,1545,1554,1,0,2,0,0,0,0,6,0,1,0,0,0,0,1,0,1,0,0,0,0,7,0,0,1,0,0,0,1,7,0,0,0,0,0,0,0,0,0,7,4,0,0,7,11,0,0,0,7,5,0,2,9,0,0,0,0,0,9,0,0,0,8,12,0,0.0,0.0,0.0,0.0,0.0,0.0,0.0,1.0,0.0,0.0,0.0,0.0,0.0,0.0,1.0,0.0,-1.0,-1.0,0.0,0.0,0.0,0.0
r2q1rk1/pB3ppp/1n2b3/2b5/8/4PN2/PPPBQ1PP/R3K2R b KQ - 0 16,14,1,4,2,1082,1137,1,2,0,0,5,0,2,6,0,1,10,0,0,0,1,1,1,0,3,0,0,4,0,0,0,0,0,4,0,0,0,0,0,0,0,0,0,0,0,0,0,0,0,0,0,7,9,0,0,7,7,7,10,11,0,7,7,8,0,0,0,12,0,0,8,0.0,0.0,0.0,0.0,0.0,0.0,0.0,0.0,1.0,1.0,0.0,0.0,0.0,0.0,0.0,0.0,1.0,0.0,0.0,0.0,0.0,0.0
r2qk2r/pp1bnppp/2nbp3/2pp2P1/Q6P/2PP4/PP2PPB1/R1B1KNNR b KQkq - 0 10,2,5,3,5,2285,2289,1,2,0,0,5,6,0,0,2,1,1,0,4,3,1,1,1,0,0,3,4,1,0,0,0,0,0,1,1,0,0,7,0,11,0,0,0,0,0,0,7,0,0,7,7,0,0,0,0,7,7,0,0,7,7,10,0,8,0,10,0,12,9,9,8,0.0,0.0,0.0,0.0,0.0,0.0,0.0,1.0,0.0,0.0,0.0,0.0,0.0,1.0,0.0,0.0,1.0,-2.0,0.0,0.0,0.0,0.0
rnbqkb1r/pp3pp1/5n1p/3p4/3PpN2/1BP5/PP3PPP/RNBQK2R b KQkq - 1 8,10,10,4,4,1474,1362,1,2,3,4,5,6,4,0,2,1,1,0,0,0,1,1,0,0,0,0,0,0,3,0,1,0,0,0,1,0,0,0,0,0,0,0,7,1,9,0,0,0,10,7,0,0,0,0,0,7,7,0,0,0,7,7,7,8,9,10,11,12,0,0,8,0.0,0.0,0.0,0.0,0.0,0.0,0.0,0.0,1.0,0.0,0.0,1.0,0.0,0.0,0.0,0.0,2.0,-2.0,0.0,0.0,0.0,0.0
rn1qkb1r/ppp1pppp/8/3N1b2/3P1B2/7P/PP2PPP1/R2QKBNR b KQkq - 0 7,4,7,4,2,1550,1603,1,2,3,0,5,6,4,0,2,1,1,1,0,1,1,1,1,0,0,0,0,0,0,0,0,0,0,0,9,0,4,0,0,0,0,0,7,0,10,0,0,0,0,0,0,0,0,0,7,7,7,0,0,7,7,7,0,8,0,0,11,12,10,9,8,0.0,0.0,0.0,0.0,0.0,0.0,0.0,0.0,1.0,0.0,0.0,0.0,1.0,0.0,0.0,0.0,0.0,-3.0,0.0,0.0,0.0,0.0
rn2kb1r/pp2pp2/2pq1n1p/6p1/6b1/2NP1NPP/PP2PPB1/R1BQ1RK1 b kq - 0 9,3,7,4,4,2014,2060,1,2,3,0,0,6,4,0,2,1,1,0,0,1,1,0,0,0,0,1,5,0,3,0,1,0,0,0,0,0,0,1,0,0,0,0,0,0,0,4,0,0,0,9,7,0,9,7,7,7,7,0,0,7,7,10,0,8,0,10,11,0,8,12,0,0.0,0.0,0.0,0.0,1.0,0.0,0.0,0.0,0.0,0.0,0.0,0.0,0.0,0.0,0.0,1.0,1.0,1.0,0.0,0.0,0.0,0.0
r1bqk1nr/pppp1ppp/2n5/8/1b2P3/8/PPP2PPP/RNBQKBNR w KQkq - 3 5,10,7,3,2,1618,1624,0,2,0,4,5,6,0,3,2,1,1,1,1,0,1,1,1,0,0,3,0,0,0,0,0,0,0,0,0,0,0,0,0,0,4,0,0,7,0,0,0,0,0,0,0,0,0,0,0,7,7,7,0,0,7,7,7,8,9,10,11,12,10,9,8,0.0,1.0,0.0,0.0,0.0,0.0,0.0,0.0,0.0,0.0,1.0,0.0,0.0,0.0,0.0,0.0,1.0,2.0,0.0,0.0,0.0,0.0
8/5k1q/7P/6P1/6K1/8/8/8 b - - 2 59,8,19,0,1,2245,2277,1,0,0,0,0,0,0,0,0,0,0,0,0,0,6,0,5,0,0,0,0,0,0,0,7,0,0,0,0,0,0,7,0,0,0,0,0,0,0,12,0,0,0,0,0,0,0,0,0,0,0,0,0,0,0,0,0,0,0,0,0,0,0,0,0,0.0,0.0,0.0,0.0,0.0,0.0,0.0,1.0,0.0,0.0,0.0,0.0,0.0,0.0,1.0,0.0,1.0,-1.0,0.0,0.0,0.0,0.0
r1b2r2/ppppq1k1/2n1p1pb/3PPp1p/8/1BPQ1N2/PP3PPP/R4RK1 b - - 0 16,1,3,6,4,1943,1939,1,2,0,4,0,0,2,0,0,1,1,1,1,5,0,6,0,0,0,3,0,1,0,1,4,0,0,0,7,7,1,0,1,0,0,0,0,0,0,0,0,0,10,7,11,0,9,0,0,7,7,0,0,0,7,7,7,8,0,0,0,0,8,12,0,0.0,0.0,0.0,0.0,0.0,0.0,1.0,0.0,0.0,0.0,0.0,0.0,0.0,1.0,0.0,0.0,-1.0,-1.0,0.0,0.0,0.0,0.0
r2qkb1r/1ppbpppp/p1n2n2/3p4/3P4/2PBPN2/PP1N1PPP/R1BQK2R b KQkq - 2 6,5,4,4,5,1329,1347,1,2,0,0,5,6,4,0,2,0,1,1,4,1,1,1,1,1,0,3,0,0,3,0,0,0,0,0,1,0,0,0,0,0,0,0,7,0,0,0,0,0,0,7,10,7,9,0,0,7,7,0,9,0,7,7,7,8,0,10,11,12,0,0,8,0.0,0.0,0.0,0.0,0.0,0.0,0.0,1.0,0.0,0.0,0.0,0.0,0.0,1.0,0.0,0.0,0.0,-1.0,0.0,0.0,0.0,0.0
r4rk1/1b1pppbp/1qn3p1/2p1P3/pp3PP1/4P2N/PPPBQ1BP/1K1R3R w - - 0 16,1,2,5,2,2049,2102,0,2,0,0,0,0,2,6,0,0,4,0,1,1,1,4,1,0,5,3,0,0,0,1,0,0,0,1,0,7,0,0,0,1,1,0,0,0,7,7,0,0,0,0,0,7,0,0,9,7,7,7,10,11,0,10,7,0,12,0,8,0,0,0,8,0.0,0.0,0.0,1.0,0.0,0.0,0.0,0.0,0.0,0.0,0.0,0.0,0.0,0.0,0.0,0.0,-1.0,2.0,0.0,0.0,0.0,0.0
r2r2k1/pp4pp/n1pqpn2/8/8/5N2/PPP1QPPP/R1B2RK1 w - - 4 14,1,7,3,4,2160,2210,0,2,0,0,2,0,0,6,0,1,1,0,0,0,0,1,1,3,0,1,5,1,3,0,0,0,0,0,0,0,0,0,0,0,0,0,0,0,0,0,0,0,0,0,0,0,9,0,0,7,7,7,0,11,7,7,7,8,0,10,0,0,8,12,0,0.0,0.0,0.0,1.0,0.0,0.0,0.0,0.0,0.0,0.0,0.0,0.0,0.0,0.0,1.0,0.0,1.0,2.0,0.0,0.0,0.0,0.0
4r3/p5bk/1p1R3p/5Np1/3Nn3/4P1P1/P5P1/6K1 w - - 8 31,13,2,3,4,1684,1695,0,0,0,0,0,2,0,0,0,1,0,0,0,0,0,4,6,0,1,0,8,0,0,0,1,0,0,0,0,0,9,1,0,0,0,0,9,3,0,0,0,0,0,0,0,7,0,7,0,7,0,0,0,0,0,7,0,0,0,0,0,0,0,12,0,0.0,0.0,0.0,0.0,1.0,0.0,0.0,0.0,0.0,0.0,0.0,0.0,1.0,0.0,0.0,0.0,-1.0,2.0,0.0,0.0,0.0,0.0
r1b1k1nr/5ppp/p1p1p3/1q6/3pPB2/3P2N1/PP4PP/R2Q1RK1 b kq - 0 16,7,8,4,3,2106,2122,1,2,0,4,0,6,0,3,2,0,0,0,0,0,1,1,1,1,0,1,0,1,0,0,0,0,5,0,0,0,0,0,0,0,0,0,1,7,10,0,0,0,0,0,7,0,0,9,0,7,7,0,0,0,0,7,7,8,0,0,11,0,8,12,0,0.0,0.0,0.0,0.0,0.0,0.0,0.0,0.0,1.0,0.0,0.0,0.0,0.0,0.0,0.0,1.0,-2.0,-1.0,0.0,0.0,0.0,0.0
4rrk1/pbq1npp1/1p2p3/3p2P1/3P1B2/2P2B2/PP4K1/RN1QR3 b - - 0 20,16,7,5,4,1403,1322,1,0,0,0,0,2,2,6,0,1,4,5,0,3,1,1,0,0,1,0,0,1,0,0,0,0,0,0,1,0,0,7,0,0,0,0,7,0,10,0,0,0,0,7,0,0,10,0,0,7,7,0,0,0,0,12,0,8,9,0,11,8,0,0,0,0.0,0.0,0.0,0.0,0.0,0.0,0.0,1.0,0.0,0.0,0.0,1.0,0.0,0.0,0.0,0.0,3.0,-3.0,0.0,0.0,0.0,0.0
1r1qk2r/p2bb1pp/2pp1n2/4p3/4B3/2P1PP2/PP4PP/RNBQK2R b KQk - 0 12,9,11,4,5,1100,1022,1,0,2,0,5,6,0,0,2,1,0,0,4,4,0,1,1,0,0,1,1,0,3,0,0,0,0,0,0,1,0,0,0,0,0,0,0,10,0,0,0,0,0,7,0,7,7,0,0,7,7,0,0,0,0,7,7,8,9,10,11,12,0,0,8,0.0,0.0,0.0,0.0,0.0,0.0,1.0,0.0,0.0,0.0,0.0,0.0,0.0,0.0,1.0,0.0,-1.0,-2.0,0.0,0.0,0.0,0.0
r1b1kbnr/pp4pp/3q4/4p3/2PpQB2/1N1P4/P5PP/R3KB1R b KQkq - 1 14,14,16,5,5,1952,1965,1,2,0,4,0,6,4,3,2,1,1,0,0,0,0,1,1,0,0,0,5,0,0,0,0,0,0,0,0,1,0,0,0,0,0,7,1,11,10,0,0,0,9,0,7,0,0,0,0,7,0,0,0,0,0,7,7,8,0,0,0,12,10,0,8,0.0,0.0,0.0,0.0,0.0,0.0,0.0,0.0,1.0,0.0,0.0,0.0,0.0,0.0,0.0,1.0,-1.0,-2.0,0.0,0.0,0.0,0.0
rn3rk1/pp3p1p/6p1/q3bb1P/4n3/2N5/PP1BB3/R2QK1NR w KQ - 1 18,19,2,2,6,1721,1748,0,2,3,0,0,0,2,6,0,1,1,0,0,0,1,0,1,0,0,0,0,0,0,1,0,5,0,0,0,4,4,0,7,0,0,0,0,3,0,0,0,0,0,9,0,0,0,0,0,7,7,0,10,10,0,0,0,8,0,0,11,12,0,9,8,0.0,0.0,0.0,0.0,0.0,1.0,0.0,0.0,0.0,0.0,0.0,0.0,0.0,0.0,0.0,0.0,-1.0,1.0,0.0,0.0,0.0,0.0
r1bqr1k1/pppn1pbp/5np1/4p3/4P3/2N1BN1P/PPP1BPP1/R2Q1RK1 w - - 6 10,2,2,5,5,2757,2812,0,2,0,4,5,2,0,6,0,1,1,1,3,0,1,4,1,0,0,0,0,0,3,1,0,0,0,0,0,1,0,0,0,0,0,0,0,7,0,0,0,0,0,9,0,10,9,0,7,7,7,7,0,10,7,7,0,8,0,0,11,0,8,12,0,0.0,0.0,0.0,1.0,0.0,0.0,0.0,0.0,0.0,0.0,0.0,0.0,0.0,0.0,1.0,0.0,-2.0,-1.0,0.0,0.0,0.0,0.0
r7/pbpRp1k1/1p2p1pp/4N3/5P2/1P4P1/1PP4P/2K5 b - - 2 22,7,7,4,2,2313,2249,1,2,0,0,0,0,0,0,0,1,4,1,8,1,0,6,0,0,1,0,0,1,0,1,1,0,0,0,0,9,0,0,0,0,0,0,0,0,7,0,0,0,7,0,0,0,0,7,0,0,7,7,0,0,0,0,7,0,0,12,0,0,0,0,0,0.0,0.0,0.0,0.0,0.0,0.0,0.0,1.0,0.0,0.0,0.0,0.0,0.0,0.0,0.0,1.0,-1.0,-1.0,0.0,0.0,0.0,0.0
rn2k2r/1bqp1ppp/p2b1n2/4p3/4P3/1B3N2/PBPPNPPP/R2QK2R b KQkq - 1 12,4,4,4,5,1509,1503,1,2,3,0,0,6,0,0,2,0,4,5,1,0,1,1,1,1,0,0,4,0,3,0,0,0,0,0,0,1,0,0,0,0,0,0,0,7,0,0,0,0,10,0,0,0,9,0,0,7,10,7,7,9,7,7,7,8,0,0,11,12,0,0,8,0.0,0.0,0.0,0.0,0.0,0.0,1.0,0.0,0.0,0.0,0.0,0.0,0.0,0.0,1.0,0.0,-1.0,-2.0,0.0,0.0,0.0,0.0
rnbqkbnr/pppp1ppp/8/4p3/4P3/2P5/PP1P1PPP/RNBQKBNR b KQkq - 0 2,4,4,3,2,1402,1338,1,2,3,4,5,6,4,3,2,1,1,1,1,0,1,1,1,0,0,0,0,0,0,0,0,0,0,0,0,1,0,0,0,0,0,0,0,7,0,0,0,0,0,7,0,0,0,0,0,7,7,0,7,0,7,7,7,8,9,10,11,12,10,9,8,0.0,0.0,0.0,0.0,0.0,0.0,0.0,0.0,1.0,0.0,1.0,0.0,0.0,0.0,0.0,0.0,1.0,-2.0,0.0,0.0,0.0,0.0
8/7p/pp1k2p1/5p2/1K6/6P1/P5PP/8 b - - 1 36,19,19,0,3,1474,1488,1,0,0,0,0,0,0,0,0,0,0,0,0,0,0,0,1,1,1,0,6,0,0,1,0,0,0,0,0,0,1,0,0,0,12,0,0,0,0,0,0,0,0,0,0,0,0,7,0,7,0,0,0,0,0,7,7,0,0,0,0,0,0,0,0,0.0,0.0,0.0,0.0,0.0,0.0,1.0,0.0,0.0,0.0,0.0,0.0,1.0,0.0,0.0,0.0,-1.0,0.0,0.0,0.0,0.0,0.0
rn2kb1r/2p1pppb/p4P1p/1p2q3/2p1P2P/2N2Q2/PP3P2/R1B1KB1R b KQkq - 0 13,10,7,3,4,1122,1214,1,2,3,0,0,6,4,0,2,0,0,1,0,1,1,1,4,1,0,0,0,0,7,0,1,0,1,0,0,5,0,0,0,0,0,1,0,7,0,0,7,0,0,9,0,0,11,0,0,7,7,0,0,0,7,0,0,8,0,10,0,12,10,0,8,0.0,0.0,0.0,0.0,0.0,0.0,0.0,1.0,0.0,0.0,0.0,0.0,0.0,1.0,0.0,0.0,1.0,-1.0,0.0,0.0,0.0,0.0
6k1/ppq2p2/2p2r1p/4r3/2PP1pP1/1P3K2/P3B3/R2QR3 w - - 0 26,13,8,5,4,1872,1925,0,0,0,0,0,0,0,6,0,1,1,5,0,0,1,0,0,0,0,1,0,0,2,0,1,0,0,0,0,2,0,0,0,0,0,7,7,0,1,7,0,0,7,0,0,0,12,0,0,7,0,0,0,10,0,0,0,8,0,0,11,8,0,0,0,0.0,0.0,0.0,0.0,1.0,0.0,0.0,0.0,0.0,0.0,0.0,0.0,1.0,0.0,0.0,0.0,1.0,1.0,0.0,0.0,0.0,0.0
rnbqkbnr/ppp1pppp/8/3p4/3P4/8/PPP1PPPP/RNBQKBNR w KQkq - 0 2,4,4,3,3,1868,1870,0,2,3,4,5,6,4,3,2,1,1,1,0,1,1,1,1,0,0,0,0,0,0,0,0,0,0,0,1,0,0,0,0,0,0,0,7,0,0,0,0,0,0,0,0,0,0,0,0,7,7,7,0,7,7,7,7,8,9,10,11,12,10,9,8,0.0,0.0,1.0,0.0,0.0,0.0,0.0,0.0,0.0,0.0,0.0,0.0,0.0,1.0,0.0,0.0,0.0,2.0,0.0,0.0,0.0,0.0
r2q4/pbp1n1k1/1pn2r1p/5p2/2BP1Pp1/1N2B3/PP4PP/R2Q1RK1 w - - 1 19,4,5,4,4,933,949,0,2,0,0,5,0,0,0,0,1,4,1,0,3,0,6,0,0,1,3,0,0,2,0,1,0,0,0,0,0,1,0,0,0,0,10,7,0,7,1,0,0,9,0,0,10,0,0,0,7,7,0,0,0,0,7,7,8,0,0,11,0,8,12,0,0.0,0.0,0.0,0.0,1.0,0.0,0.0,0.0,0.0,0.0,0.0,0.0,1.0,0.0,0.0,0.0,0.0,1.0,0.0,0.0,0.0,0.0
r2qkb1r/ppp2ppp/2n1p1n1/5b2/7P/2NPB1Q1/PPP2PP1/2KR2NR b kq - 0 11,2,8,4,4,2096,2103,1,2,0,0,5,6,4,0,2,1,1,1,0,0,1,1,1,0,0,3,0,1,0,3,0,0,0,0,0,0,4,0,0,0,0,0,0,0,0,0,7,0,0,9,7,10,0,11,0,7,7,7,0,0,7,7,0,0,0,12,8,0,0,9,8,0.0,0.0,0.0,0.0,0.0,0.0,0.0,0.0,1.0,0.0,0.0,0.0,0.0,0.0,1.0,0.0,-2.0,-2.0,0.0,0.0,0.0,0.0
r2qk2r/ppp2ppp/2nbbn2/3pp1P1/8/1P2P2P/PBPP1P2/RN1QKBNR w KQkq - 1 7,2,7,2,6,1930,1936,0,2,0,0,5,6,0,0,2,1,1,1,0,0,1,1,1,0,0,3,4,4,3,0,0,0,0,0,1,1,0,7,0,0,0,0,0,0,0,0,0,0,7,0,0,7,0,0,7,7,10,7,7,0,7,0,0,8,9,0,11,12,10,9,8,0.0,0.0,0.0,0.0,0.0,1.0,0.0,0.0,0.0,0.0,0.0,0.0,0.0,0.0,0.0,1.0,-1.0,1.0,0.0,0.0,0.0,0.0
2R5/R4pk1/4p1pp/P7/8/6P1/5P1P/6K1 b - - 0 31,2,7,0,1,1538,1576,1,0,0,8,0,0,0,0,0,8,0,0,0,0,1,6,0,0,0,0,0,1,0,1,1,7,0,0,0,0,0,0,0,0,0,0,0,0,0,0,0,0,0,0,0,0,0,7,0,0,0,0,0,0,7,0,7,0,0,0,0,0,0,12,0,0.0,0.0,0.0,0.0,0.0,0.0,0.0,1.0,0.0,0.0,0.0,0.0,0.0,0.0,0.0,1.0,-1.0,-1.0,0.0,0.0,0.0,0.0
r2q1rk1/pppn1ppp/3b1n2/3p3b/3P4/2N2N1P/PPP1BPP1/R1BQ1RK1 w - - 3 10,2,1,5,4,2027,2013,0,2,0,0,5,0,2,6,0,1,1,1,3,0,1,1,1,0,0,0,4,0,3,0,0,0,0,0,1,0,0,0,4,0,0,0,7,0,0,0,0,0,0,9,0,0,9,0,7,7,7,7,0,10,7,7,0,8,0,10,11,0,8,12,0,0.0,1.0,0.0,0.0,0.0,0.0,0.0,0.0,0.0,0.0,0.0,1.0,0.0,0.0,0.0,0.0,4.0,4.0,0.0,0.0,0.0,0.0
rnbqkbnr/pppp1ppp/4p3/8/2B1P3/8/PPPP1PPP/RNBQK1NR b KQkq - 1 2,4,2,2,1,696,754,1,2,3,4,5,6,4,3,2,1,1,1,1,0,1,1,1,0,0,0,0,1,0,0,0,0,0,0,0,0,0,0,0,0,0,10,0,7,0,0,0,0,0,0,0,0,0,0,0,7,7,7,7,0,7,7,7,8,9,10,11,12,0,9,8,0.0,0.0,0.0,0.0,0.0,0.0,0.0,1.0,0.0,0.0,0.0,0.0,1.0,0.0,0.0,0.0,0.0,-2.0,0.0,0.0,0.0,0.0
r3kbnr/pp2pppp/1qn5/1B1p3b/3P4/2N1BN1P/PPP2PP1/R2QK2R b KQkq - 4 8,10,4,5,4,1220,1216,1,2,0,0,0,6,4,3,2,1,1,0,0,1,1,1,1,0,5,3,0,0,0,0,0,0,10,0,1,0,0,0,4,0,0,0,7,0,0,0,0,0,0,9,0,10,9,0,7,7,7,7,0,0,7,7,0,8,0,0,11,12,0,0,8,0.0,0.0,0.0,0.0,0.0,0.0,0.0,1.0,0.0,0.0,0.0,0.0,0.0,1.0,0.0,0.0,0.0,-1.0,0.0,0.0,0.0,0.0
rnbqkbnr/ppp1pppp/8/3p4/3P4/8/PPP1PPPP/RNBQKBNR w KQkq - 0 2,4,4,3,3,1238,1227,0,2,3,4,5,6,4,3,2,1,1,1,0,1,1,1,1,0,0,0,0,0,0,0,0,0,0,0,1,0,0,0,0,0,0,0,7,0,0,0,0,0,0,0,0,0,0,0,0,7,7,7,0,7,7,7,7,8,9,10,11,12,10,9,8,0.0,0.0,1.0,0.0,0.0,0.0,0.0,0.0,0.0,0.0,0.0,1.0,0.0,0.0,0.0,0.0,0.0,2.0,0.0,0.0,0.0,0.0
r1bqkbnr/pp5p/2p1pp2/3pP1p1/2P5/2N1P3/PP3PPP/R2QKBNR w KQkq - 0 8,8,6,4,4,1045,1030,0,2,0,4,5,6,4,3,2,1,1,0,0,0,0,0,1,0,0,1,0,1,1,0,0,0,0,0,1,7,0,1,0,0,0,7,0,0,0,0,0,0,0,9,0,7,0,0,0,7,7,0,0,0,7,7,7,8,0,0,11,12,10,9,8,0.0,1.0,0.0,0.0,0.0,0.0,0.0,0.0,0.0,0.0,0.0,0.0,0.0,0.0,0.0,1.0,-1.0,2.0,0.0,0.0,0.0,0.0
r7/pp4kp/2p3p1/2Q1P3/2P1P3/2P3nP/P1P1q3/2K5 b - - 14 34,13,13,5,2,1207,1162,1,2,0,0,0,0,0,0,0,1,1,0,0,0,0,6,1,0,0,1,0,0,0,1,0,0,0,11,0,7,0,0,0,0,0,7,0,7,0,0,0,0,0,7,0,0,0,3,7,7,0,7,0,5,0,0,0,0,0,12,0,0,0,0,0,0.0,0.0,1.0,0.0,0.0,0.0,0.0,0.0,0.0,0.0,0.0,0.0,0.0,1.0,0.0,0.0,0.0,-1.0,0.0,0.0,0.0,0.0
rnbqkbnr/pppp1ppp/4p3/8/4P3/5N2/PPPP1PPP/RNBQKB1R b KQkq - 1 2,4,2,4,1,1578,1565,1,2,3,4,5,6,4,3,2,1,1,1,1,0,1,1,1,0,0,0,0,1,0,0,0,0,0,0,0,0,0,0,0,0,0,0,0,7,0,0,0,0,0,0,0,0,9,0,0,7,7,7,7,0,7,7,7,8,9,10,11,12,10,0,8,0.0,0.0,0.0,0.0,0.0,0.0,0.0,1.0,0.0,0.0,0.0,0.0,1.0,0.0,0.0,0.0,0.0,-2.0,0.0,0.0,0.0,0.0
r1bqk2r/pp1p1pbp/2n1pnp1/8/2B1P3/2N1BN2/PP3PPP/2RQK2R w Kkq - 6 9,10,2,5,4,1731,1705,0,2,0,4,5,6,0,0,2,1,1,0,1,0,1,4,1,0,0,3,0,1,3,1,0,0,0,0,0,0,0,0,0,0,0,10,0,7,0,0,0,0,0,9,0,10,9,0,0,7,7,0,0,0,7,7,7,0,0,8,11,12,0,0,8,0.0,1.0,0.0,0.0,0.0,0.0,0.0,0.0,0.0,0.0,0.0,0.0,1.0,0.0,0.0,0.0,1.0,1.0,0.0,0.0,0.0,0.0
r2qk1nr/ppp1bpp1/7p/2n2p2/2B2B2/3P1N2/PPP2PPP/R2Q1RK1 w kq - 0 12,1,13,4,3,1439,1396,0,2,0,0,5,6,0,3,2,1,1,1,0,4,1,1,0,0,0,0,0,0,0,0,1,0,0,3,0,0,1,0,0,0,0,10,0,0,10,0,0,0,0,0,7,0,9,0,0,7,7,7,0,0,7,7,7,8,0,0,11,0,8,12,0,0.0,1.0,0.0,0.0,0.0,0.0,0.0,0.0,0.0,0.0,0.0,0.0,0.0,0.0,1.0,0.0,-1.0,0.0,0.0,0.0,0.0,0.0
2rq1rk1/1p6/1p1p1p1p/p1n1pPp1/P3P1P1/Q2P1B1P/P1PB4/1R2K3 w - - 0 25,11,6,3,4,1554,1550,0,0,0,2,5,0,2,6,0,0,1,0,0,0,0,0,0,0,1,0,1,0,1,0,1,1,0,3,0,1,7,1,0,7,0,0,0,7,0,7,0,11,0,0,7,0,10,0,7,7,0,7,10,0,0,0,0,0,8,0,0,12,0,0,0,0.0,0.0,1.0,0.0,0.0,0.0,0.0,0.0,0.0,0.0,0.0,0.0,1.0,0.0,0.0,0.0,1.0,1.0,0.0,0.0,0.0,0.0
2k5/ppp4p/6p1/5p2/5P2/P2B3P/1P3KP1/n6r w - - 0 26,14,7,2,1,1512,1483,0,0,0,6,0,0,0,0,0,1,1,1,0,0,0,0,1,0,0,0,0,0,0,1,0,0,0,0,0,0,1,0,0,0,0,0,0,0,7,0,0,7,0,0,10,0,0,0,7,0,7,0,0,0,12,7,0,3,0,0,0,0,0,0,2,0.0,0.0,1.0,0.0,0.0,0.0,0.0,0.0,0.0,0.0,0.0,0.0,0.0,0.0,0.0,1.0,0.0,2.0,0.0,0.0,0.0,0.0
rnbqkbnr/pppppppp/8/8/3P4/8/PPP1PPPP/RNBQKBNR b KQkq - 0 1,4,1,3,0,1822,1797,1,2,3,4,5,6,4,3,2,1,1,1,1,1,1,1,1,0,0,0,0,0,0,0,0,0,0,0,0,0,0,0,0,0,0,0,7,0,0,0,0,0,0,0,0,0,0,0,0,7,7,7,0,7,7,7,7,8,9,10,11,12,10,9,8,0.0,0.0,0.0,0.0,0.0,0.0,0.0,1.0,0.0,0.0,0.0,0.0,1.0,0.0,0.0,0.0,0.0,-2.0,0.0,0.0,0.0,0.0
rnbqkbnr/ppp1pppp/8/3p4/3P4/2N5/PPP1PPPP/R1BQKBNR b KQkq - 1 2,4,4,5,3,1594,1606,1,2,3,4,5,6,4,3,2,1,1,1,0,1,1,1,1,0,0,0,0,0,0,0,0,0,0,0,1,0,0,0,0,0,0,0,7,0,0,0,0,0,0,9,0,0,0,0,0,7,7,7,0,7,7,7,7,8,0,10,11,12,10,9,8,0.0,0.0,0.0,0.0,0.0,0.0,0.0,0.0,1.0,0.0,1.0,0.0,0.0,0.0,0.0,0.0,1.0,-2.0,0.0,0.0,0.0,0.0
rnbqkbnr/ppp1pppp/8/3p4/3P1B2/8/PPP1PPPP/RN1QKBNR b KQkq - 1 2,4,4,3,3,1583,1643,1,2,3,4,5,6,4,3,2,1,1,1,0,1,1,1,1,0,0,0,0,0,0,0,0,0,0,0,1,0,0,0,0,0,0,0,7,0,10,0,0,0,0,0,0,0,0,0,0,7,7,7,0,7,7,7,7,8,9,0,11,12,10,9,8,0.0,0.0,0.0,0.0,0.0,0.0,0.0,0.0,1.0,0.0,0.0,1.0,0.0,0.0,0.0,0.0,4.0,-4.0,0.0,0.0,0.0,0.0
rnbq1rk1/pp2bppp/4pn2/8/2pP4/2N1P3/PP3PPP/R2QKBNR b KQ - 0 9,5,1,5,3,2229,2391,1,2,3,4,5,0,2,6,0,1,1,0,0,4,1,1,1,0,0,0,0,1,3,0,0,0,0,0,0,0,0,0,0,0,0,1,7,0,0,0,0,0,0,9,0,7,0,0,0,7,7,0,0,0,7,7,7,8,0,0,11,12,10,9,8,0.0,0.0,0.0,0.0,0.0,0.0,0.0,1.0,0.0,0.0,1.0,0.0,0.0,0.0,0.0,0.0,0.0,-2.0,0.0,0.0,0.0,0.0
rn3rk1/p3qpb1/bpp1pnpp/4N3/N2PP3/P5P1/1P1B1PBP/2RQR1K1 b - - 3 15,2,3,6,2,2358,2184,1,2,3,0,0,0,2,6,0,1,0,0,0,5,1,4,0,4,1,1,0,1,3,1,1,0,0,0,0,9,0,0,0,9,0,0,7,7,0,0,0,7,0,0,0,0,0,7,0,0,7,0,10,0,7,10,7,0,0,8,11,8,0,12,0,0.0,0.0,0.0,0.0,0.0,0.0,1.0,0.0,0.0,0.0,0.0,0.0,0.0,0.0,1.0,0.0,-2.0,1.0,0.0,0.0,0.0,0.0
3r2k1/5pp1/4b3/4K1P1/1n5P/b7/P4P2/8 b - - 7 35,19,7,4,2,1201,1216,1,0,0,0,2,0,0,6,0,0,0,0,0,0,1,1,0,0,0,0,0,4,0,0,0,0,0,0,0,12,0,7,0,0,3,0,0,0,0,0,7,4,0,0,0,0,0,0,0,7,0,0,0,0,7,0,0,0,0,0,0,0,0,0,0,0.0,0.0,0.0,0.0,0.0,0.0,0.0,0.0,1.0,0.0,0.0,0.0,1.0,0.0,0.0,0.0,0.0,-6.0,0.0,0.0,0.0,0.0
1b2rk2/5p2/3p2r1/P2PpN2/4P3/2q2PPp/8/3R1QRK w - - 0 39,8,10,5,3,1938,2010,0,0,4,0,0,2,6,0,0,0,0,0,0,0,1,0,0,0,0,0,1,0,0,2,0,7,0,0,7,1,9,0,0,0,0,0,0,7,0,0,0,0,0,5,0,0,7,7,1,0,0,0,0,0,0,0,0,0,0,0,8,0,11,8,12,0.0,1.0,0.0,0.0,0.0,0.0,0.0,0.0,0.0,0.0,0.0,0.0,0.0,0.0,1.0,0.0,0.0,1.0,0.0,0.0,0.0,0.0
3bn1k1/5pp1/nNp1p3/2Pp3p/1P1P4/4PN2/3BKPPP/8 b - - 2 24,8,4,4,3,1381,1411,1,0,0,0,4,3,0,6,0,0,0,0,0,0,1,1,0,3,9,1,0,1,0,0,0,0,0,7,1,0,0,0,1,0,7,0,7,0,0,0,0,0,0,0,0,7,9,0,0,0,0,0,10,12,7,7,7,0,0,0,0,0,0,0,0,0.0,0.0,0.0,0.0,0.0,0.0,0.0,0.0,1.0,0.0,0.0,0.0,0.0,1.0,0.0,0.0,-2.0,-1.0,0.0,0.0,0.0,0.0
2r3k1/6pn/pp1p3p/3Pp3/8/P1N2PP1/1Pb2K1P/8 w - - 0 29,7,8,3,4,1775,1783,0,0,0,2,0,0,0,6,0,0,0,0,0,0,0,1,3,1,1,0,1,0,0,0,1,0,0,0,7,1,0,0,0,0,0,0,0,0,0,0,0,7,0,9,0,0,7,7,0,0,7,4,0,0,12,0,7,0,0,0,0,0,0,0,0,0.0,0.0,1.0,0.0,0.0,0.0,0.0,0.0,0.0,0.0,0.0,0.0,0.0,0.0,1.0,0.0,-1.0,1.0,0.0,0.0,0.0,0.0
8/p4k2/1p2pp1p/6p1/1r6/5PKP/6P1/8 w - - 0 47,19,2,1,4,1521,1497,0,0,0,0,0,0,0,0,0,1,0,0,0,0,6,0,0,0,1,0,0,1,1,0,1,0,0,0,0,0,0,1,0,0,2,0,0,0,0,0,0,0,0,0,0,0,7,12,7,0,0,0,0,0,0,7,0,0,0,0,0,0,0,0,0,0.0,0.0,0.0,1.0,0.0,0.0,0.0,0.0,0.0,0.0,0.0,0.0,0.0,0.0,0.0,1.0,-1.0,-1.0,0.0,0.0,0.0,0.0
rnbqkbnr/pppp1ppp/8/4p3/4P3/5N2/PPPP1PPP/RNBQKB1R b KQkq - 1 2,4,4,4,2,2259,2241,1,2,3,4,5,6,4,3,2,1,1,1,1,0,1,1,1,0,0,0,0,0,0,0,0,0,0,0,0,1,0,0,0,0,0,0,0,7,0,0,0,0,0,0,0,0,9,0,0,7,7,7,7,0,7,7,7,8,9,10,11,12,10,0,8,0.0,0.0,0.0,0.0,0.0,0.0,0.0,0.0,1.0,0.0,1.0,0.0,0.0,0.0,0.0,0.0,1.0,-2.0,0.0,0.0,0.0,0.0
1kr5/p1p5/1p1p4/5Qp1/4Pq2/5P1P/PPPN1P2/2KR3R b - - 0 20,7,2,4,2,1710,1605,1,0,6,2,0,0,0,0,0,1,0,1,0,0,0,0,0,0,1,0,1,0,0,0,0,0,0,0,0,0,11,1,0,0,0,0,0,7,5,0,0,0,0,0,0,0,7,0,7,7,7,7,9,0,7,0,0,0,0,12,8,0,0,0,8,0.0,0.0,0.0,0.0,1.0,0.0,0.0,0.0,0.0,0.0,0.0,0.0,0.0,0.0,1.0,0.0,2.0,0.0,0.0,0.0,0.0,0.0
r2qk2r/pp3ppp/4p3/3pP3/4n3/2P1B3/P1P2PPP/R2Q1RK1 w kq - 1 13,1,5,3,4,1531,1547,0,2,0,0,5,6,0,0,2,1,1,0,0,0,1,1,1,0,0,0,0,1,0,0,0,0,0,0,1,7,0,0,0,0,0,0,0,3,0,0,0,0,0,7,0,10,0,0,0,7,0,7,0,0,7,7,7,8,0,0,11,0,8,12,0,0.0,0.0,0.0,1.0,0.0,0.0,0.0,0.0,0.0,0.0,0.0,0.0,0.0,1.0,0.0,0.0,-1.0,1.0,0.0,0.0,0.0,0.0
rnbqkbnr/pppppppp/8/8/4P3/8/PPPP1PPP/RNBQKBNR b KQkq - 0 1,4,1,2,0,835,734,1,2,3,4,5,6,4,3,2,1,1,1,1,1,1,1,1,0,0,0,0,0,0,0,0,0,0,0,0,0,0,0,0,0,0,0,0,7,0,0,0,0,0,0,0,0,0,0,0,7,7,7,7,0,7,7,7,8,9,10,11,12,10,9,8,0.0,0.0,0.0,0.0,0.0,0.0,0.0,1.0,0.0,0.0,0.0,0.0,0.0,1.0,0.0,0.0,0.0,-2.0,0.0,0.0,0.0,0.0
r4rk1/1b1pb1pp/pq3n2/4pPB1/2p1P2P/2N5/PPP1Q1P1/2KR3R b - - 2 17,7,7,4,4,1599,1577,1,2,0,0,0,0,2,6,0,0,4,0,1,4,0,1,1,1,5,0,0,0,3,0,0,0,0,0,0,1,7,10,0,0,0,1,0,7,0,0,7,0,0,9,0,0,0,0,0,7,7,7,0,11,0,7,0,0,0,12,8,0,0,0,8,0.0,0.0,0.0,0.0,0.0,0.0,0.0,0.0,1.0,1.0,0.0,0.0,0.0,0.0,0.0,0.0,1.0,0.0,0.0,0.0,0.0,0.0
5rk1/1pq2ppp/2p5/P4B2/2P2bP1/P1p2Q1P/3r1P2/1R3RK1 w - - 4 24,5,1,2,3,1832,1913,0,0,0,0,0,0,2,6,0,0,1,5,0,0,1,1,1,0,0,1,0,0,0,0,0,7,0,0,0,0,10,0,0,0,0,7,0,0,4,7,0,7,0,1,0,0,11,0,7,0,0,0,2,0,7,0,0,0,8,0,0,0,8,12,0,0.0,1.0,0.0,0.0,0.0,0.0,0.0,0.0,0.0,0.0,0.0,0.0,0.0,0.0,1.0,0.0,-2.0,0.0,0.0,0.0,0.0,0.0
5rk1/4q1pp/4p3/3pP1P1/2bN3P/2P1Q3/8/R5K1 b - - 0 27,16,7,5,3,1524,1527,1,0,0,0,0,0,2,6,0,0,0,0,0,5,0,1,1,0,0,0,0,1,0,0,0,0,0,0,1,7,0,7,0,0,0,4,9,0,0,0,7,0,0,7,0,11,0,0,0,0,0,0,0,0,0,0,0,8,0,0,0,0,0,12,0,0.0,0.0,0.0,0.0,0.0,0.0,0.0,1.0,0.0,0.0,0.0,0.0,0.0,0.0,0.0,0.0,0.0,-1.0,0.0,0.0,0.0,0.0
8/4R3/8/3K4/8/5k2/8/8 w - - 15 56,19,19,4,1,1963,1833,0,0,0,0,0,0,0,0,0,0,0,0,0,8,0,0,0,0,0,0,0,0,0,0,0,0,0,0,12,0,0,0,0,0,0,0,0,0,0,0,0,0,0,0,0,0,6,0,0,0,0,0,0,0,0,0,0,0,0,0,0,0,0,0,0,0.0,0.0,0.0,0.0,0.0,1.0,0.0,0.0,0.0,0.0,0.0,0.0,1.0,0.0,0.0,0.0,0.0,-1.0,0.0,0.0,0.0,0.0
r2qkbnr/pp3p1p/2n3p1/3p4/3Pp3/1P3B2/PBP2PPP/RN1Q1RK1 w kq - 0 10,1,10,4,6,1334,1362,0,2,0,0,5,6,4,3,2,1,1,0,0,0,1,0,1,0,0,3,0,0,0,1,0,0,0,0,1,0,0,0,0,0,0,0,7,1,0,0,0,0,7,0,0,0,10,0,0,7,10,7,0,0,7,7,7,8,9,0,11,0,8,12,0,0.0,1.0,0.0,0.0,0.0,0.0,0.0,0.0,0.0,0.0,0.0,0.0,0.0,0.0,1.0,0.0,-1.0,0.0,0.0,0.0,0.0,0.0
Q4b1r/p1pqkppn/3p3p/4P3/2b5/8/PPP2PPP/RNB2RK1 w - - 1 13,1,13,3,2,1201,1241,0,11,0,0,0,0,4,0,2,1,0,1,5,6,1,1,3,0,0,0,1,0,0,0,1,0,0,0,0,7,0,0,0,0,0,4,0,0,0,0,0,0,0,0,0,0,0,0,0,7,7,7,0,0,7,7,7,8,9,10,0,0,8,12,0,0.0,0.0,0.0,0.0,0.0,1.0,0.0,0.0,0.0,0.0,0.0,0.0,0.0,1.0,0.0,0.0,-1.0,1.0,0.0,0.0,0.0,0.0
r1bq1rk1/pp2b1pp/2n1p3/2p1Pp2/2P2P2/P2PpNN1/1P2B1PP/R2QK2R w KQ - 0 14,11,4,5,4,2187,2112,0,2,0,4,5,0,2,6,0,1,1,0,0,4,0,1,1,0,0,3,0,1,0,0,0,0,0,1,0,7,1,0,0,0,0,7,0,0,7,0,0,7,0,0,7,1,9,9,0,0,7,0,0,10,0,7,7,8,0,0,11,12,0,0,8,0.0,1.0,0.0,0.0,0.0,0.0,0.0,0.0,0.0,0.0,0.0,0.0,1.0,0.0,0.0,0.0,-1.0,0.0,0.0,0.0,0.0,0.0
2kr3r/1pp2ppp/p1p1bn2/2b5/8/3PBN2/PPP2PPP/RN2RK2 b - - 2 12,7,7,3,3,1244,1310,1,0,0,6,2,0,0,0,2,0,1,1,0,0,1,1,1,1,0,1,0,4,3,0,0,0,0,4,0,0,0,0,0,0,0,0,0,0,0,0,0,0,0,0,7,10,9,0,0,7,7,7,0,0,7,7,7,8,9,0,0,8,12,0,0,0.0,0.0,0.0,0.0,0.0,1.0,0.0,0.0,0.0,0.0,0.0,1.0,0.0,0.0,0.0,0.0,1.0,1.0,0.0,0.0,0.0,0.0
r6r/pp4p1/1npkpBQ1/q2p4/2PP4/2P1PP2/P5PP/2KR3R w - - 1 17,11,13,5,4,1577,1599,0,2,0,0,0,0,0,0,2,1,1,0,0,0,0,1,0,0,3,1,6,1,10,11,0,5,0,0,1,0,0,0,0,0,0,7,7,0,0,0,0,0,0,7,0,7,7,0,0,7,0,0,0,0,0,7,7,0,0,12,8,0,0,0,8,0.0,0.0,0.0,0.0,0.0,0.0,1.0,0.0,0.0,0.0,0.0,0.0,0.0,0.0,1.0,0.0,-1.0,-1.0,0.0,0.0,0.0,0.0
r1b1kbnr/1p1ppppp/p1n5/8/2P5/1P2PN2/1P1BB1PP/RN2K2R b KQkq - 1 9,14,1,3,2,1653,1665,1,2,0,4,0,6,4,3,2,0,1,0,1,1,1,1,1,1,0,3,0,0,0,0,0,0,0,0,0,0,0,0,0,0,0,7,0,0,0,0,0,0,7,0,0,7,9,0,0,0,7,0,10,10,0,7,7,8,9,0,0,12,0,0,8,0.0,0.0,0.0,0.0,0.0,0.0,0.0,0.0,1.0,0.0,0.0,0.0,0.0,0.0,0.0,1.0,-1.0,-2.0,0.0,0.0,0.0,0.0
rnbqkbnr/pppp1ppp/8/4p2Q/4P3/8/PPPP1PPP/RNB1KBNR b KQkq - 1 2,4,4,3,2,1394,1316,1,2,3,4,5,6,4,3,2,1,1,1,1,0,1,1,1,0,0,0,0,0,0,0,0,0,0,0,0,1,0,0,11,0,0,0,0,7,0,0,0,0,0,0,0,0,0,0,0,7,7,7,7,0,7,7,7,8,9,10,0,12,10,9,8,0.0,0.0,0.0,0.0,0.0,0.0,0.0,0.0,1.0,0.0,1.0,0.0,0.0,0.0,0.0,0.0,1.0,-2.0,0.0,0.0,0.0,0.0
r1bqk1nr/pp2bppp/2n5/1B1PQ3/8/2N5/PPP2PPP/R1B1K1NR w KQkq - 1 8,13,13,5,3,2103,2082,0,2,0,4,5,6,0,3,2,1,1,0,0,4,1,1,1,0,0,3,0,0,0,0,0,0,10,0,7,11,0,0,0,0,0,0,0,0,0,0,0,0,0,9,0,0,0,0,0,7,7,7,0,0,7,7,7,8,0,10,0,12,0,9,8,0.0,0.0,0.0,0.0,0.0,1.0,0.0,0.0,0.0,0.0,0.0,0.0,1.0,0.0,0.0,0.0,-1.0,1.0,0.0,0.0,0.0,0.0
rnbqk2r/ppp3pp/4P3/8/4p1n1/4P3/PP3PPP/RNBQKB1R b KQkq - 0 9,8,19,2,4,1820,1808,1,2,3,4,5,6,0,0,2,1,1,1,0,0,0,1,1,0,0,0,0,7,0,0,0,0,0,0,0,0,0,0,0,0,0,0,0,1,0,3,0,0,0,0,0,7,0,0,0,7,7,0,0,0,7,7,7,8,9,10,11,12,10,0,8,0.0,0.0,0.0,0.0,0.0,0.0,0.0,0.0,1.0,0.0,0.0,0.0,1.0,0.0,0.0,0.0,0.0,-7.0,0.0,0.0,0.0,0.0
r1bqkb1N/ppp3p1/4nn1p/3pP3/8/3PB3/PPP2PPP/RN1QK2R b KQ - 0 11,8,16,3,4,1668,1499,1,2,0,4,5,6,4,0,9,1,1,1,0,0,0,1,0,0,0,0,0,3,3,0,1,0,0,0,1,7,0,0,0,0,0,0,0,0,0,0,0,0,0,0,7,10,0,0,0,7,7,7,0,0,7,7,7,8,9,0,11,12,0,0,8,0.0,0.0,0.0,0.0,0.0,0.0,1.0,0.0,0.0,0.0,0.0,0.0,0.0,0.0,1.0,0.0,-2.0,1.0,0.0,0.0,0.0,0.0
rnbqk1nr/ppppppbp/6p1/8/3PP3/8/PPP2PPP/RNBQKBNR b KQkq - 0 3,7,1,5,2,2046,1926,1,2,3,4,5,6,0,3,2,1,1,1,1,1,1,4,1,0,0,0,0,0,0,1,0,0,0,0,0,0,0,0,0,0,0,0,7,7,0,0,0,0,0,0,0,0,0,0,0,7,7,7,0,0,7,7,7,8,9,10,11,12,10,9,8,0.0,0.0,0.0,0.0,0.0,0.0,0.0,1.0,0.0,0.0,0.0,0.0,1.0,0.0,0.0,0.0,0.0,-1.0,0.0,0.0,0.0,0.0
2k1rb2/pp3Npp/2bp4/8/P1P5/2NPq3/1PK3PP/2Q2R2 b - - 1 24,8,8,3,4,942,901,1,0,0,6,0,2,4,0,0,1,1,0,0,0,9,1,1,0,0,4,1,0,0,0,0,0,0,0,0,0,0,0,0,7,0,7,0,0,0,0,0,0,0,9,7,5,0,0,0,0,7,12,0,0,0,7,7,0,0,11,0,0,8,0,0,0.0,0.0,0.0,0.0,0.0,0.0,1.0,0.0,0.0,0.0,0.0,1.0,0.0,0.0,0.0,0.0,-2.0,-2.0,0.0,0.0,0.0,0.0
r4rk1/5pp1/2N1p2p/7q/1b1Pp3/nP4BP/1Q3PP1/R1R3K1 b - - 5 25,2,2,3,3,1539,1529,1,2,0,0,0,0,2,6,0,0,0,0,0,0,1,1,0,0,0,9,0,1,0,0,1,0,0,0,0,0,0,0,5,0,4,0,7,1,0,0,0,3,7,0,0,0,0,10,7,0,11,0,0,0,7,7,0,8,0,8,0,0,0,12,0,0.0,0.0,0.0,0.0,1.0,0.0,0.0,0.0,0.0,0.0,0.0,0.0,0.0,1.0,0.0,0.0,0.0,-1.0,0.0,0.0,0.0,0.0
r3k2r/ppB1bppp/2n5/2q5/6b1/1R1B1N2/P1P3PP/3Q1R1K b kq - 4 15,1,13,3,3,1390,1371,1,2,0,0,0,6,0,0,2,1,1,10,0,4,1,1,1,0,0,3,0,0,0,0,0,0,0,5,0,0,0,0,0,0,0,0,0,0,0,4,0,0,8,0,10,0,9,0,0,7,0,7,0,0,0,7,7,0,0,0,11,0,8,0,12,0.0,0.0,0.0,0.0,0.0,0.0,1.0,0.0,0.0,0.0,0.0,1.0,0.0,0.0,0.0,0.0,1.0,-2.0,0.0,0.0,0.0,0.0
r1bqr1k1/pp3pbp/n2p2p1/2pP4/4n3/P1N1BN1P/1P2BPP1/R2QK2R w KQ - 0 12,13,2,5,4,1995,2003,0,2,0,4,5,2,0,6,0,1,1,0,0,0,1,4,1,3,0,0,1,0,0,1,0,0,0,1,7,0,0,0,0,0,0,0,0,3,0,0,0,7,0,9,0,10,9,0,7,0,7,0,0,10,7,7,0,8,0,0,11,12,0,0,8,0.0,0.0,0.0,1.0,0.0,0.0,0.0,0.0,0.0,0.0,0.0,1.0,0.0,0.0,0.0,0.0,2.0,1.0,0.0,0.0,0.0,0.0
rnbqkbnr/pppppppp/8/8/8/8/PPPPPPPP/RNBQKBNR w KQkq - 0 1,1,1,0,0,1602,1574,0,2,3,4,5,6,4,3,2,1,1,1,1,1,1,1,1,0,0,0,0,0,0,0,0,0,0,0,0,0,0,0,0,0,0,0,0,0,0,0,0,0,0,0,0,0,0,0,0,7,7,7,7,7,7,7,7,8,9,10,11,12,10,9,8,0.0,0.0,1.0,0.0,0.0,0.0,0.0,0.0,0.0,0.0,0.0,0.0,1.0,0.0,0.0,0.0,0.0,2.0,0.0,0.0,0.0,0.0
r1bqk1nr/ppp1bppp/3p4/8/3QP3/8/PPP2PPP/RNB1KB1R b KQkq - 0 7,10,8,5,1,1557,1565,1,2,0,4,5,6,0,3,2,1,1,1,0,4,1,1,1,0,0,0,1,0,0,0,0,0,0,0,0,0,0,0,0,0,0,0,11,7,0,0,0,0,0,0,0,0,0,0,0,7,7,7,0,0,7,7,7,8,9,10,0,12,10,0,8,0.0,0.0,0.0,0.0,0.0,0.0,0.0,0.0,1.0,0.0,0.0,0.0,0.0,0.0,0.0,1.0,-1.0,-2.0,0.0,0.0,0.0,0.0
r2qkbnr/ppp1pppp/8/3Pn3/3QpBb1/2N5/PPP2PPP/R3KBNR b KQkq - 4 6,13,7,5,3,1318,1182,1,2,0,0,5,6,4,3,2,1,1,1,0,1,1,1,1,0,0,0,0,0,0,0,0,0,0,0,7,3,0,0,0,0,0,0,11,1,10,4,0,0,0,9,0,0,0,0,0,7,7,7,0,0,7,7,7,8,0,0,0,12,10,9,8,0.0,0.0,0.0,0.0,0.0,1.0,0.0,0.0,0.0,0.0,0.0,0.0,0.0,1.0,0.0,0.0,2.0,1.0,0.0,0.0,0.0,0.0
r1b1kbnr/ppp2ppp/2nq4/3Np3/4P3/3P1NP1/PP3P1P/R1BQKB1R b KQkq - 0 8,5,10,6,4,1056,1064,1,2,0,4,0,6,4,3,2,1,1,1,0,0,1,1,1,0,0,3,5,0,0,0,0,0,0,0,9,1,0,0,0,0,0,0,0,7,0,0,0,0,0,0,7,0,9,7,0,7,7,0,0,0,7,0,7,8,0,10,11,12,10,0,8,0.0,0.0,0.0,0.0,0.0,0.0,0.0,1.0,0.0,0.0,0.0,0.0,0.0,0.0,1.0,0.0,0.0,-2.0,0.0,0.0,0.0,0.0
3r1rk1/1pN2ppp/p1nb4/3p4/4b3/1PN5/PB3PPP/R2R2K1 w - - 2 21,1,1,3,6,2222,2291,0,0,0,0,2,0,2,6,0,0,1,9,0,0,1,1,1,1,0,3,4,0,0,0,0,0,0,0,1,0,0,0,0,0,0,0,0,4,0,0,0,0,7,9,0,0,0,0,0,7,10,0,0,0,7,7,7,8,0,0,8,0,0,12,0,0.0,0.0,0.0,0.0,0.0,0.0,0.0,1.0,0.0,0.0,0.0,1.0,0.0,0.0,0.0,0.0,1.0,-2.0,0.0,0.0,0.0,0.0
r1b1k1nr/ppp2ppp/4p1q1/3pP3/3P4/P4NP1/1P1N1P1P/R2QKB1R b KQkq - 0 10,10,5,5,3,928,955,1,2,0,4,0,6,0,3,2,1,1,1,0,0,1,1,1,0,0,0,0,1,0,5,0,0,0,0,1,7,0,0,0,0,0,0,7,0,0,0,0,7,0,0,0,0,9,7,0,0,7,0,9,0,7,0,7,8,0,0,11,12,10,0,8,0.0,0.0,0.0,0.0,0.0,0.0,0.0,0.0,1.0,0.0,0.0,0.0,0.0,0.0,0.0,1.0,1.0,-2.0,0.0,0.0,0.0,0.0
rn1qkb1r/ppp2ppp/3pbn2/4p1B1/4P3/2PP1N2/PP3PPP/RN1QKB1R b KQkq - 2 5,5,5,5,5,1405,1535,1,2,3,0,5,6,4,0,2,1,1,1,0,0,1,1,1,0,0,0,1,4,3,0,0,0,0,0,0,1,0,10,0,0,0,0,0,7,0,0,0,0,0,7,7,0,9,0,0,7,7,0,0,0,7,7,7,8,9,0,11,12,10,0,8,0.0,0.0,0.0,0.0,0.0,0.0,0.0,1.0,0.0,0.0,0.0,0.0,0.0,0.0,0.0,0.0,0.0,-1.0,0.0,0.0,0.0,0.0
8/8/8/7p/8/5K2/7k/8 b - - 1 56,19,13,1,0,1833,1819,1,0,0,0,0,0,0,0,0,0,0,0,0,0,0,0,0,0,0,0,0,0,0,0,0,0,0,0,0,0,0,0,1,0,0,0,0,0,0,0,0,0,0,0,0,0,12,0,0,0,0,0,0,0,0,0,6,0,0,0,0,0,0,0,0,0.0,0.0,0.0,0.0,0.0,1.0,0.0,0.0,0.0,0.0,0.0,0.0,0.0,0.0,0.0,0.0,0.0,-1.0,0.0,0.0,0.0,0.0
3RQ3/ppp1n2p/1k1p4/4q3/2P5/1P5P/P7/4r1RK b - - 2 37,8,19,1,5,2192,2125,1,0,0,0,8,11,0,0,0,1,1,1,0,3,0,0,1,0,6,0,1,0,0,0,0,0,0,0,0,5,0,0,0,0,0,7,0,0,0,0,0,0,7,0,0,0,0,0,7,7,0,0,0,0,0,0,0,0,0,0,0,2,0,8,12,0.0,0.0,0.0,0.0,0.0,1.0,0.0,0.0,0.0,0.0,0.0,0.0,0.0,1.0,0.0,0.0,0.0,-1.0,0.0,0.0,0.0,0.0
3b4/1k3pp1/1p1p3p/r1n1p3/1RP1PP2/3P3P/3N2PK/8 b - - 0 32,7,13,4,4,1318,1334,1,0,0,0,4,0,0,0,0,0,6,0,0,0,1,1,0,0,1,0,1,0,0,0,1,2,0,3,0,1,0,0,0,0,8,7,0,7,7,0,0,0,0,0,7,0,0,0,7,0,0,0,9,0,0,7,12,0,0,0,0,0,0,0,0,0.0,0.0,0.0,0.0,0.0,0.0,0.0,1.0,0.0,0.0,0.0,0.0,0.0,0.0,1.0,0.0,0.0,-1.0,0.0,0.0,0.0,0.0
rnbqkbnr/pp1ppppp/2p5/8/4P3/5N2/PPPP1PPP/RNBQKB1R b KQkq - 1 2,4,1,4,1,1032,1033,1,2,3,4,5,6,4,3,2,1,1,0,1,1,1,1,1,0,0,1,0,0,0,0,0,0,0,0,0,0,0,0,0,0,0,0,0,7,0,0,0,0,0,0,0,0,9,0,0,7,7,7,7,0,7,7,7,8,9,10,11,12,10,0,8,0.0,0.0,0.0,0.0,0.0,0.0,0.0,1.0,0.0,0.0,0.0,0.0,1.0,0.0,0.0,0.0,0.0,-2.0,0.0,0.0,0.0,0.0
r1b1k1r1/1pB1nq1p/p4p2/4p1p1/3NP3/2P3QP/P1P1BPP1/R4RK1 w q - 0 21,2,11,5,4,1678,1670,0,2,0,4,0,6,0,2,0,0,1,10,0,3,5,0,1,1,0,0,0,0,1,0,0,0,0,0,0,1,0,1,0,0,0,0,9,7,0,0,0,0,0,7,0,0,0,11,7,7,0,7,0,10,7,7,0,8,0,0,0,0,8,12,0,0.0,0.0,0.0,0.0,1.0,0.0,0.0,0.0,0.0,0.0,0.0,0.0,1.0,0.0,0.0,0.0,2.0,1.0,0.0,0.0,0.0,0.0
rn1qkb1r/pp3ppp/4pn2/3p1b2/2pP1B2/2P1PN2/PP1N1PPP/R2QKB1R w KQkq - 2 7,5,5,4,3,1518,1633,0,2,3,0,5,6,4,0,2,1,1,0,0,0,1,1,1,0,0,0,0,1,3,0,0,0,0,0,1,0,4,0,0,0,0,1,7,0,10,0,0,0,0,7,0,7,9,0,0,7,7,0,9,0,7,7,7,8,0,0,11,12,10,0,8,0.0,1.0,0.0,0.0,0.0,0.0,0.0,0.0,0.0,0.0,0.0,0.0,1.0,0.0,0.0,0.0,-3.0,3.0,0.0,0.0,0.0,0.0
r1q2rk1/pp2ppb1/2np1np1/2p3Np/4P2P/2PPN1Pb/PP3P2/R1BQR1KB b - - 7 14,5,5,4,4,2215,2281,1,2,0,5,0,0,2,6,0,1,1,0,0,1,1,4,0,0,0,3,1,0,3,1,0,0,0,1,0,0,0,9,1,0,0,0,0,7,0,0,7,0,0,7,7,9,0,7,4,7,7,0,0,0,7,0,0,8,0,10,11,8,0,12,10,0.0,0.0,0.0,1.0,0.0,0.0,0.0,0.0,0.0,0.0,0.0,0.0,0.0,0.0,0.0,0.0,-4.0,4.0,0.0,0.0,0.0,0.0
r1bqkbnr/pp1p1ppp/2n5/4p3/4P3/4Q3/PPP2PPP/RNB1KBNR w KQkq - 0 5,10,4,4,3,1233,1265,0,2,0,4,5,6,4,3,2,1,1,0,1,0,1,1,1,0,0,3,0,0,0,0,0,0,0,0,0,1,0,0,0,0,0,0,0,7,0,0,0,0,0,0,0,11,0,0,0,7,7,7,0,0,7,7,7,8,9,10,0,12,10,9,8,0.0,0.0,1.0,0.0,0.0,0.0,0.0,0.0,0.0,0.0,0.0,1.0,0.0,0.0,0.0,0.0,0.0,1.0,0.0,0.0,0.0,0.0
2q1k1nr/p1p2pbp/6p1/4p3/4P3/5N2/PP1P1PPP/nNBK3R w k - 2 11,10,10,4,3,921,1073,0,0,0,5,0,6,0,3,2,1,0,1,0,0,1,4,1,0,0,0,0,0,0,1,0,0,0,0,0,1,0,0,0,0,0,0,0,7,0,0,0,0,0,0,0,0,9,0,0,7,7,0,7,0,7,7,7,3,9,10,12,0,0,0,8,0.0,0.0,0.0,1.0,0.0,0.0,0.0,0.0,0.0,0.0,0.0,0.0,0.0,0.0,1.0,0.0,-1.0,2.0,0.0,0.0,0.0,0.0
r1bqkb1r/pppp1ppp/2n2n2/4p3/2B1P3/5N2/PPPP1PPP/RNBQK2R w KQkq - 4 4,4,4,4,5,1506,1434,0,2,0,4,5,6,4,0,2,1,1,1,1,0,1,1,1,0,0,3,0,0,3,0,0,0,0,0,0,1,0,0,0,0,0,10,0,7,0,0,0,0,0,0,0,0,9,0,0,7,7,7,7,0,7,7,7,8,9,10,11,12,0,0,8,0.0,1.0,0.0,0.0,0.0,0.0,0.0,0.0,0.0,0.0,0.0,0.0,0.0,1.0,0.0,0.0,2.0,0.0,0.0,0.0,0.0,0.0
r3kb1r/1p2pppp/p7/q2p2B1/8/nPN3Q1/PK2PPPP/3R1B1R w kq - 3 15,13,4,4,3,1984,1937,0,2,0,0,0,6,4,0,2,0,1,0,0,1,1,1,1,1,0,0,0,0,0,0,0,5,0,0,1,0,0,10,0,0,0,0,0,0,0,0,0,3,7,9,0,0,0,11,0,7,12,0,0,7,7,7,7,0,0,0,8,0,10,0,8,0.0,0.0,1.0,0.0,0.0,0.0,0.0,0.0,0.0,0.0,0.0,0.0,0.0,1.0,0.0,0.0,0.0,2.0,0.0,0.0,0.0,0.0
1r3rk1/1p3ppp/2pp4/p3b3/2P1Q2q/4PB1N/P4PPP/1R3RK1 b - - 3 22,1,1,5,5,1596,1594,1,0,2,0,0,0,2,6,0,0,1,0,0,0,1,1,1,0,0,1,1,0,0,0,0,1,0,0,0,4,0,0,0,0,0,7,0,11,0,0,5,0,0,0,0,7,10,0,9,7,0,0,0,0,7,7,7,0,8,0,0,0,8,12,0,0.0,0.0,0.0,0.0,1.0,0.0,0.0,0.0,0.0,0.0,0.0,0.0,0.0,0.0,0.0,0.0,0.0,2.0,0.0,0.0,0.0,0.0
r3kb1r/pppqn1pp/3p4/3N4/2B5/5Q1P/PPP3P1/R1B1R1K1 w kq - 1 15,8,14,4,2,1627,1618,0,2,0,0,0,6,4,0,2,1,1,1,5,3,0,1,1,0,0,0,1,0,0,0,0,0,0,0,9,0,0,0,0,0,0,10,0,0,0,0,0,0,0,0,0,0,11,0,7,7,7,7,0,0,0,7,0,8,0,10,0,8,0,12,0,0.0,0.0,0.0,0.0,0.0,1.0,0.0,0.0,0.0,0.0,0.0,0.0,1.0,0.0,0.0,0.0,1.0,2.0,0.0,0.0,0.0,0.0
8/1p1qn1k1/2p1bbn1/1pPp2p1/P2Ppp2/2N1P3/1BQKBPPr/R3N3 w - - 0 27,5,11,5,6,2209,2174,0,0,0,0,0,0,0,0,0,0,1,0,5,3,0,6,0,0,0,1,0,4,4,3,0,0,1,7,1,0,0,1,0,7,0,0,7,1,1,0,0,0,0,9,0,7,0,0,0,0,10,11,12,10,7,7,2,8,0,0,0,9,0,0,0,0.0,0.0,0.0,0.0,1.0,0.0,0.0,0.0,0.0,1.0,0.0,0.0,0.0,0.0,0.0,0.0,1.0,1.0,0.0,0.0,0.0,0.0
rnbqkb1r/ppp1pppp/3p1n2/8/3P4/4P3/PPP2PPP/RNBQKBNR w KQkq - 0 3,5,2,3,3,2328,2424,0,2,3,4,5,6,4,0,2,1,1,1,0,1,1,1,1,0,0,0,1,0,3,0,0,0,0,0,0,0,0,0,0,0,0,0,7,0,0,0,0,0,0,0,0,7,0,0,0,7,7,7,0,0,7,7,7,8,9,10,11,12,10,9,8,0.0,1.0,0.0,0.0,0.0,0.0,0.0,0.0,0.0,0.0,0.0,0.0,0.0,0.0,0.0,1.0,-1.0,2.0,0.0,0.0,0.0,0.0
1rbq1rk1/1p2bppp/p3pn2/8/3NP3/2P3P1/PP4BP/R1BQ1RK1 w - - 1 14,8,1,5,3,1735,1745,0,0,2,4,5,0,2,6,0,0,1,0,0,4,1,1,1,1,0,0,0,1,3,0,0,0,0,0,0,0,0,0,0,0,0,0,9,7,0,0,0,0,0,7,0,0,0,7,0,7,7,0,0,0,0,10,7,8,0,10,11,0,8,12,0,0.0,1.0,0.0,0.0,0.0,0.0,0.0,0.0,0.0,0.0,0.0,0.0,1.0,0.0,0.0,0.0,1.0,1.0,0.0,0.0,0.0,0.0
4r1k1/ppp2pb1/3p3p/5qp1/3Prp2/P1P2Q2/1P1B2PP/4RR1K w - - 3 23,1,5,4,5,2004,2063,0,0,0,0,0,2,0,6,0,1,1,1,0,0,1,4,0,0,0,0,1,0,0,0,1,0,0,0,0,0,5,1,0,0,0,0,7,2,1,0,0,7,0,7,0,0,11,0,0,0,7,0,10,0,0,7,7,0,0,0,0,8,8,0,12,0.0,1.0,0.0,0.0,0.0,0.0,0.0,0.0,0.0,0.0,0.0,0.0,0.0,1.0,0.0,0.0,-1.0,0.0,0.0,0.0,0.0,0.0
8/p1kn4/1p3p2/2bPp3/2N3p1/2P1B1P1/1P4KP/8 w - - 0 35,13,13,3,3,2610,2521,0,0,0,0,0,0,0,0,0,1,0,6,3,0,0,0,0,0,1,0,0,0,1,0,0,0,0,4,7,1,0,0,0,0,0,9,0,0,0,1,0,0,0,7,0,10,0,7,0,0,7,0,0,0,0,12,7,0,0,0,0,0,0,0,0,0.0,0.0,1.0,0.0,0.0,0.0,0.0,0.0,0.0,0.0,0.0,0.0,0.0,0.0,0.0,0.0,0.0,1.0,0.0,0.0,0.0,0.0
r2k4/1pp2Rpp/2p5/2b1r3/p3B1b1/2P5/PP1N2PP/R1B1K3 w Q - 0 15,19,13,4,4,834,753,0,2,0,0,6,0,0,0,0,0,1,1,0,0,8,1,1,0,0,1,0,0,0,0,0,0,0,4,0,2,0,0,0,1,0,0,0,10,0,4,0,0,0,7,0,0,0,0,0,7,7,0,9,0,0,7,7,8,0,10,0,12,0,0,0,0.0,0.0,0.0,0.0,0.0,0.0,0.0,1.0,0.0,0.0,0.0,0.0,0.0,0.0,1.0,0.0,0.0,1.0,0.0,0.0,0.0,0.0
rnbqkbnr/pppppppp/8/8/8/4P3/PPPP1PPP/RNBQKBNR b KQkq - 0 1,2,1,1,0,1363,1402,1,2,3,4,5,6,4,3,2,1,1,1,1,1,1,1,1,0,0,0,0,0,0,0,0,0,0,0,0,0,0,0,0,0,0,0,0,0,0,0,0,0,0,0,0,7,0,0,0,7,7,7,7,0,7,7,7,8,9,10,11,12,10,9,8,0.0,0.0,0.0,0.0,0.0,0.0,0.0,1.0,0.0,0.0,0.0,1.0,0.0,0.0,0.0,0.0,0.0,-2.0,0.0,0.0,0.0,0.0
8/pkp1q1pp/1p2p3/1N6/1nP1n3/1P2QN1P/5PP1/6K1 b - - 4 24,2,13,4,2,1253,1253,1,0,0,0,0,0,0,0,0,1,6,1,0,5,0,1,1,0,1,0,0,1,0,0,0,0,9,0,0,0,0,0,0,0,3,7,0,3,0,0,0,0,7,0,0,11,9,0,7,0,0,0,0,0,7,7,0,0,0,0,0,0,0,12,0,0.0,0.0,0.0,0.0,1.0,0.0,0.0,0.0,0.0,0.0,0.0,0.0,0.0,1.0,0.0,0.0,-2.0,-1.0,0.0,0.0,0.0,0.0
r5k1/1p4pp/p1b2p2/P2N1P2/2pP4/2P3q1/6Q1/5RK1 b - - 7 31,19,2,6,2,2130,2089,1,2,0,0,0,0,0,6,0,0,1,0,0,0,0,1,1,1,0,4,0,0,1,0,0,7,0,0,9,0,7,0,0,0,0,1,7,0,0,0,0,0,0,7,0,0,0,5,0,0,0,0,0,0,0,11,0,0,0,0,0,0,8,12,0,0.0,0.0,0.0,1.0,0.0,0.0,0.0,0.0,0.0,0.0,0.0,0.0,0.0,0.0,0.0,1.0,0.0,-1.0,0.0,0.0,0.0,0.0
6k1/2p2rp1/p4p1p/1p2P3/1r2P3/6QP/6PK/4R3 b - - 0 33,7,3,5,3,1325,1195,1,0,0,0,0,0,0,6,0,0,0,1,0,0,2,1,0,1,0,0,0,0,1,0,1,0,1,0,0,7,0,0,0,0,2,0,0,7,0,0,0,0,0,0,0,0,0,11,7,0,0,0,0,0,0,7,12,0,0,0,0,8,0,0,0,0.0,0.0,0.0,0.0,0.0,0.0,1.0,0.0,0.0,0.0,0.0,0.0,0.0,0.0,1.0,0.0,-1.0,-1.0,0.0,0.0,0.0,0.0
r1q1k1nb/1b3p1p/pp1p4/4p3/3NP3/2NB4/PPP2PPP/R2QK2R b KQq - 0 13,10,5,4,5,1580,1584,1,2,0,5,0,6,0,3,4,0,4,0,0,0,1,0,1,1,1,0,1,0,0,0,0,0,0,0,0,1,0,0,0,0,0,0,9,7,0,0,0,0,0,9,10,0,0,0,0,7,7,7,0,0,7,7,7,8,0,0,11,12,0,0,8,0.0,0.0,0.0,0.0,0.0,1.0,0.0,0.0,0.0,0.0,0.0,0.0,0.0,1.0,0.0,0.0,-1.0,-1.0,0.0,0.0,0.0,0.0
r1bq2k1/pppnnr1p/3p1ppQ/3Pp3/4P3/2NB1N2/PPP2PPP/R3K2R w KQ - 2 11,10,3,6,4,1561,1560,0,2,0,4,5,0,0,6,0,1,1,1,3,3,2,0,1,0,0,0,1,0,1,1,11,0,0,0,7,1,0,0,0,0,0,0,0,7,0,0,0,0,0,9,10,0,9,0,0,7,7,7,0,0,7,7,7,8,0,0,0,12,0,0,8,0.0,1.0,0.0,0.0,0.0,0.0,0.0,0.0,0.0,0.0,0.0,0.0,0.0,1.0,0.0,0.0,-2.0,0.0,0.0,0.0,0.0,0.0
rnbqkbnr/pppppppp/8/8/8/8/PPPPPPPP/RNBQKBNR w KQkq - 0 1,1,1,0,0,1805,1815,0,2,3,4,5,6,4,3,2,1,1,1,1,1,1,1,1,0,0,0,0,0,0,0,0,0,0,0,0,0,0,0,0,0,0,0,0,0,0,0,0,0,0,0,0,0,0,0,0,7,7,7,7,7,7,7,7,8,9,10,11,12,10,9,8,0.0,0.0,1.0,0.0,0.0,0.0,0.0,0.0,0.0,0.0,0.0,0.0,0.0,1.0,0.0,0.0,0.0,2.0,0.0,0.0,0.0,0.0
r1bqk2r/1p2bppp/p1n1pn2/8/P1pP1B2/2N2N2/1PQ2PPP/R3KB1R w KQkq - 0 10,10,8,5,4,1744,1749,0,2,0,4,5,6,0,0,2,0,1,0,0,4,1,1,1,1,0,3,0,1,3,0,0,0,0,0,0,0,0,0,0,7,0,1,7,0,10,0,0,0,0,9,0,0,9,0,0,0,7,11,0,0,7,7,7,8,0,0,0,12,10,0,8,0.0,1.0,0.0,0.0,0.0,0.0,0.0,0.0,0.0,0.0,0.0,0.0,0.0,0.0,1.0,0.0,-3.0,3.0,0.0,0.0,0.0,0.0
r2qr1k1/1pp2ppp/p1nb1n2/8/4p3/1PN1P1P1/PBP1QPBP/3R1RK1 w - - 0 13,2,1,3,5,1053,1136,0,2,0,0,5,2,0,6,0,0,1,1,0,0,1,1,1,1,0,3,4,0,3,0,0,0,0,0,0,0,0,0,0,0,0,0,0,1,0,0,0,0,7,9,0,7,0,7,0,7,10,7,0,11,7,10,7,0,0,0,8,0,8,12,0,0.0,0.0,0.0,1.0,0.0,0.0,0.0,0.0,0.0,0.0,0.0,1.0,0.0,0.0,0.0,0.0,-2.0,1.0,0.0,0.0,0.0,0.0
rn1qkbnr/5p2/b3p2p/p5p1/2pP4/1B3N2/1P3PPP/RNBQR1K1 w kq - 0 14,1,8,4,2,1381,1361,0,2,3,0,5,6,4,3,2,0,0,0,0,0,1,0,0,4,0,0,0,1,0,0,1,1,0,0,0,0,0,1,0,0,0,1,7,0,0,0,0,0,10,0,0,0,9,0,0,0,7,0,0,0,7,7,7,8,9,10,11,8,0,12,0,0.0,0.0,0.0,1.0,0.0,0.0,0.0,0.0,0.0,0.0,1.0,0.0,0.0,0.0,0.0,0.0,-1.0,1.0,0.0,0.0,0.0,0.0
rnbqkbnr/pppp1ppp/8/4p3/4P3/8/PPPP1PPP/RNBQKBNR w KQkq - 0 2,4,4,2,2,1696,1618,0,2,3,4,5,6,4,3,2,1,1,1,1,0,1,1,1,0,0,0,0,0,0,0,0,0,0,0,0,1,0,0,0,0,0,0,0,7,0,0,0,0,0,0,0,0,0,0,0,7,7,7,7,0,7,7,7,8,9,10,11,12,10,9,8,0.0,1.0,0.0,0.0,0.0,0.0,0.0,0.0,0.0,0.0,1.0,0.0,0.0,0.0,0.0,0.0,1.0,2.0,0.0,0.0,0.0,0.0
r1b1k1nr/pp2ppqp/2np2p1/8/2P1P3/4B3/P2N1PPP/R2QKB1R w KQkq - 0 10,10,2,4,2,1717,1726,0,2,0,4,0,6,0,3,2,1,1,0,0,1,1,5,1,0,0,3,1,0,0,1,0,0,0,0,0,0,0,0,0,0,0,7,0,7,0,0,0,0,0,0,0,10,0,0,0,7,0,0,9,0,7,7,7,8,0,0,11,12,10,0,8,0.0,0.0,1.0,0.0,0.0,0.0,0.0,0.0,0.0,0.0,0.0,0.0,0.0,0.0,1.0,0.0,0.0,2.0,0.0,0.0,0.0,0.0
r1bqk2r/pp1nppbp/2pp1np1/8/2PP1B2/3BPN2/PP1N1PPP/R2QK2R b KQkq - 0 7,5,2,5,3,1879,1878,1,2,0,4,5,6,0,0,2,1,1,0,3,1,1,4,1,0,0,1,1,0,3,1,0,0,0,0,0,0,0,0,0,0,0,7,7,0,10,0,0,0,0,0,10,7,9,0,0,7,7,0,9,0,7,7,7,8,0,0,11,12,0,0,8,0.0,0.0,0.0,0.0,0.0,0.0,0.0,0.0,1.0,0.0,0.0,0.0,0.0,1.0,0.0,0.0,2.0,0.0,0.0,0.0,0.0,0.0
rnbqkbnr/pppppppp/8/8/8/8/PPPPPPPP/RNBQKBNR w KQkq - 0 1,1,1,0,0,1601,1569,0,2,3,4,5,6,4,3,2,1,1,1,1,1,1,1,1,0,0,0,0,0,0,0,0,0,0,0,0,0,0,0,0,0,0,0,0,0,0,0,0,0,0,0,0,0,0,0,0,7,7,7,7,7,7,7,7,8,9,10,11,12,10,9,8,0.0,0.0,1.0,0.0,0.0,0.0,0.0,0.0,0.0,0.0,0.0,0.0,0.0,1.0,0.0,0.0,0.0,2.0,0.0,0.0,0.0,0.0
rnbqkbnr/pppppppp/8/8/3P4/8/PPP1PPPP/RNBQKBNR b KQkq - 0 1,4,1,3,0,1884,1895,1,2,3,4,5,6,4,3,2,1,1,1,1,1,1,1,1,0,0,0,0,0,0,0,0,0,0,0,0,0,0,0,0,0,0,0,7,0,0,0,0,0,0,0,0,0,0,0,0,7,7,7,0,7,7,7,7,8,9,10,11,12,10,9,8,0.0,0.0,0.0,0.0,0.0,0.0,0.0,0.0,1.0,0.0,1.0,0.0,0.0,0.0,0.0,0.0,1.0,-2.0,0.0,0.0,0.0,0.0
rnbqkbnr/pppppppp/8/8/8/8/PPPPPPPP/RNBQKBNR w KQkq - 0 1,1,1,0,0,928,811,0,2,3,4,5,6,4,3,2,1,1,1,1,1,1,1,1,0,0,0,0,0,0,0,0,0,0,0,0,0,0,0,0,0,0,0,0,0,0,0,0,0,0,0,0,0,0,0,0,7,7,7,7,7,7,7,7,8,9,10,11,12,10,9,8,0.0,0.0,1.0,0.0,0.0,0.0,0.0,0.0,0.0,0.0,0.0,0.0,0.0,1.0,0.0,0.0,0.0,2.0,0.0,0.0,0.0,0.0
r4rk1/ppp3pp/2n5/3qp3/4b1P1/2P2N1P/P1PB1P2/R2QR1K1 w - - 1 17,5,7,3,7,1152,1180,0,2,0,0,0,0,2,6,0,1,1,1,0,0,0,1,1,0,0,3,0,0,0,0,0,0,0,0,5,1,0,0,0,0,0,0,0,4,0,7,0,0,0,7,0,0,9,0,7,7,0,7,10,0,7,0,0,8,0,0,11,8,0,12,0,0.0,0.0,0.0,1.0,0.0,0.0,0.0,0.0,0.0,0.0,0.0,1.0,0.0,0.0,0.0,0.0,0.0,1.0,0.0,0.0,0.0,0.0
r2qr1k1/pp1n2p1/2p1b2p/3p1p1n/3P3b/2NBPP2/PP2N1PP/R2Q1RBK w - - 0 15,1,5,5,4,2261,2208,0,2,0,0,5,2,0,6,0,1,1,0,3,0,0,1,0,0,0,1,0,4,0,0,1,0,0,0,1,0,1,0,3,0,0,0,7,0,0,0,4,0,0,9,10,7,7,0,0,7,7,0,0,9,0,7,7,8,0,0,11,0,8,10,12,0.0,0.0,0.0,1.0,0.0,0.0,0.0,0.0,0.0,0.0,0.0,0.0,0.0,1.0,0.0,0.0,0.0,1.0,0.0,0.0,0.0,0.0
rnbqkb1r/pppp1ppp/5n2/4p3/4P3/2N5/PPPP1PPP/R1BQKBNR w KQkq - 2 3,4,4,3,4,1545,1607,0,2,3,4,5,6,4,0,2,1,1,1,1,0,1,1,1,0,0,0,0,0,3,0,0,0,0,0,0,1,0,0,0,0,0,0,0,7,0,0,0,0,0,9,0,0,0,0,0,7,7,7,7,0,7,7,7,8,0,10,11,12,10,9,8,0.0,0.0,1.0,0.0,0.0,0.0,0.0,0.0,0.0,0.0,0.0,0.0,0.0,0.0,1.0,0.0,0.0,2.0,0.0,0.0,0.0,0.0
r4rk1/1pp2p2/pb2bq2/3pP2p/PP2P1p1/N1P3Pn/1BQ2PKP/R2B1R2 b - - 0 20,13,10,5,5,2020,2024,1,2,0,0,0,0,2,6,0,0,1,1,0,0,1,0,0,1,4,0,0,4,5,0,0,0,0,0,1,7,0,0,1,7,7,0,0,7,0,1,0,9,0,7,0,0,0,7,3,0,10,11,0,0,7,12,7,8,0,0,10,0,8,0,0,0.0,0.0,0.0,0.0,0.0,0.0,1.0,0.0,0.0,0.0,0.0,0.0,0.0,0.0,1.0,0.0,1.0,0.0,0.0,0.0,0.0,0.0
r1b1rk2/p4Bbp/8/1Pp1N1p1/3pnP2/P5B1/6PP/Q3K2R w K - 1 21,16,16,4,4,1441,1438,0,2,0,4,0,2,6,0,0,1,0,0,0,0,10,4,1,0,0,0,0,0,0,0,0,0,7,1,0,9,0,1,0,0,0,0,1,3,7,0,0,7,0,0,0,0,0,10,0,0,0,0,0,0,0,7,7,11,0,0,0,12,0,0,8,0.0,0.0,0.0,0.0,0.0,0.0,0.0,1.0,0.0,0.0,0.0,0.0,0.0,0.0,1.0,0.0,-1.0,1.0,0.0,0.0,0.0,0.0
r3r1k1/2pb1p2/1p5p/3p4/3P3p/P4P2/4B1PP/R3K2R b KQ - 0 20,11,8,3,3,1296,1316,1,2,0,0,0,2,0,6,0,0,0,1,4,0,1,0,0,0,1,0,0,0,0,0,1,0,0,0,1,0,0,0,0,0,0,0,7,0,0,0,1,7,0,0,0,0,7,0,0,0,0,0,0,10,0,7,7,8,0,0,0,12,0,0,8,0.0,0.0,0.0,0.0,0.0,0.0,0.0,1.0,0.0,0.0,0.0,0.0,1.0,0.0,0.0,0.0,-2.0,-2.0,0.0,0.0,0.0,0.0
r1bqk1nr/pp1p1pbp/2n1p1p1/2p3B1/2B1P3/3P1N2/PPP2PPP/RN1QK2R w KQkq - 3 6,5,2,5,3,1984,2035,0,2,0,4,5,6,0,3,2,1,1,0,1,0,1,4,1,0,0,3,0,1,0,1,0,0,0,1,0,0,0,10,0,0,0,10,0,7,0,0,0,0,0,0,7,0,9,0,0,7,7,7,0,0,7,7,7,8,9,0,11,12,0,0,8,0.0,1.0,0.0,0.0,0.0,0.0,0.0,0.0,0.0,0.0,1.0,0.0,0.0,0.0,0.0,0.0,1.0,2.0,0.0,0.0,0.0,0.0
r1b2rk1/ppp2p1p/2nq1p2/3p2N1/Pb6/1PNBP3/1BPP2PP/R2Q2K1 w - - 0 13,7,7,3,5,1576,1558,0,2,0,4,0,0,2,6,0,1,1,1,0,0,1,0,1,0,0,3,5,0,1,0,0,0,0,0,1,0,0,9,0,7,4,0,0,0,0,0,0,0,7,9,10,7,0,0,0,0,10,7,7,0,0,7,7,8,0,0,11,0,0,12,0,0.0,0.0,0.0,0.0,0.0,1.0,0.0,0.0,0.0,0.0,0.0,0.0,0.0,0.0,0.0,1.0,1.0,2.0,0.0,0.0,0.0,0.0
r2qk2r/p1ppbpp1/1p2p1p1/8/3P2n1/P1N2b1P/1PPB1PP1/R2QR1K1 w kq - 0 13,2,2,4,3,1733,1757,0,2,0,0,5,6,0,0,2,1,0,1,1,4,1,1,0,0,1,0,0,1,0,1,0,0,0,0,0,0,0,0,0,0,0,0,7,0,0,3,0,7,0,9,0,0,4,0,7,0,7,7,10,0,7,7,0,8,0,0,11,8,0,12,0,0.0,1.0,0.0,0.0,0.0,0.0,0.0,0.0,0.0,0.0,0.0,0.0,1.0,0.0,0.0,0.0,2.0,2.0,0.0,0.0,0.0,0.0
rnbqkbnr/pp2pppp/2pp4/8/2B1P3/8/PPPP1PPP/RNBQK1NR w KQkq - 0 3,4,2,2,2,1204,1206,0,2,3,4,5,6,4,3,2,1,1,0,0,1,1,1,1,0,0,1,1,0,0,0,0,0,0,0,0,0,0,0,0,0,0,10,0,7,0,0,0,0,0,0,0,0,0,0,0,7,7,7,7,0,7,7,7,8,9,10,11,12,0,9,8,0.0,0.0,0.0,0.0,1.0,0.0,0.0,0.0,0.0,0.0,0.0,1.0,0.0,0.0,0.0,0.0,-1.0,-1.0,0.0,0.0,0.0,0.0
r1b2rk1/5pp1/5q1p/p1b1p2P/1p5N/6Q1/PPP2PP1/2KR1B1R b - - 1 20,7,2,3,3,1900,1912,1,2,0,4,0,0,2,6,0,0,0,0,0,0,1,1,0,0,0,0,0,0,5,0,1,1,0,4,0,1,0,0,7,0,1,0,0,0,0,0,9,0,0,0,0,0,0,11,0,7,7,7,0,0,7,7,0,0,0,12,8,0,10,0,8,0.0,0.0,0.0,0.0,0.0,0.0,0.0,0.0,1.0,0.0,0.0,1.0,0.0,0.0,0.0,0.0,2.0,-2.0,0.0,0.0,0.0,0.0
rnbqkbnr/pppppppp/8/8/8/8/PPPPPPPP/RNBQKBNR w KQkq - 0 1,1,1,0,0,1603,1582,0,2,3,4,5,6,4,3,2,1,1,1,1,1,1,1,1,0,0,0,0,0,0,0,0,0,0,0,0,0,0,0,0,0,0,0,0,0,0,0,0,0,0,0,0,0,0,0,0,7,7,7,7,7,7,7,7,8,9,10,11,12,10,9,8,0.0,0.0,1.0,0.0,0.0,0.0,0.0,0.0,0.0,0.0,0.0,0.0,0.0,1.0,0.0,0.0,0.0,2.0,0.0,0.0,0.0,0.0
r3r1k1/5pbp/1qp2np1/ppNpnb2/1P6/4P1P1/P1PBNPBP/1R1Q1RK1 w - - 0 16,2,2,3,5,1541,1505,0,2,0,0,0,2,0,6,0,0,0,0,0,0,1,4,1,0,5,1,0,0,3,1,0,1,1,9,1,3,4,0,0,0,7,0,0,0,0,0,0,0,0,0,0,7,0,7,0,7,0,7,10,9,7,10,7,0,8,0,11,0,8,12,0,0.0,0.0,1.0,0.0,0.0,0.0,0.0,0.0,0.0,1.0,0.0,0.0,0.0,0.0,0.0,0.0,0.0,1.0,0.0,0.0,0.0,0.0
r3kbnr/pq3ppp/8/3Np3/2Pp4/6P1/PP2PP1P/R1BQ1RK1 b kq - 3 12,2,10,3,4,1727,1708,1,2,0,0,0,6,4,3,2,1,5,0,0,0,1,1,1,0,0,0,0,0,0,0,0,0,0,0,9,1,0,0,0,0,0,7,1,0,0,0,0,0,0,0,0,0,0,7,0,7,7,0,0,7,7,0,7,8,0,10,11,0,8,12,0,0.0,0.0,0.0,0.0,0.0,0.0,0.0,0.0,1.0,0.0,0.0,0.0,0.0,0.0,0.0,1.0,-1.0,-2.0,0.0,0.0,0.0,0.0
r6r/2p1k2p/4p1p1/2p5/p3P3/2N2P2/PKPR2PP/4R3 w - - 0 21,19,13,4,2,1760,1774,0,2,0,0,0,0,0,0,2,0,0,1,0,6,0,0,1,0,0,0,0,1,0,1,0,0,0,1,0,0,0,0,0,1,0,0,0,7,0,0,0,0,0,9,0,0,7,0,0,7,12,7,8,0,0,7,7,0,0,0,0,8,0,0,0,0.0,0.0,1.0,0.0,0.0,0.0,0.0,0.0,0.0,1.0,0.0,0.0,0.0,0.0,0.0,0.0,0.0,1.0,0.0,0.0,0.0,0.0
rn1q1rk1/pbppbppp/1p2p1n1/5P2/4P1P1/2PP4/PPQ1B2P/RNB1K1NR b KQ - 0 8,11,1,4,3,1826,1882,1,2,3,0,5,0,2,6,0,1,4,1,1,4,1,1,1,0,1,0,0,1,0,3,0,0,0,0,0,0,7,0,0,0,0,0,0,7,0,7,0,0,0,7,7,0,0,0,0,7,7,11,0,10,0,0,7,8,9,10,0,12,0,9,8,0.0,0.0,0.0,0.0,0.0,0.0,1.0,0.0,0.0,0.0,0.0,0.0,0.0,1.0,0.0,0.0,1.0,-1.0,0.0,0.0,0.0,0.0
r6r/pb1k3p/1p1Pp1p1/1B2Qn2/8/1P6/P4PPP/2KR3R b - - 1 20,14,13,4,3,1188,1155,1,2,0,0,0,0,0,0,2,1,4,0,6,0,0,0,1,0,1,0,7,1,0,1,0,0,10,0,0,11,3,0,0,0,0,0,0,0,0,0,0,0,7,0,0,0,0,0,0,7,0,0,0,0,7,7,7,0,0,12,8,0,0,0,8,0.0,0.0,0.0,0.0,0.0,0.0,0.0,1.0,0.0,0.0,0.0,0.0,1.0,0.0,0.0,0.0,0.0,1.0,0.0,0.0,0.0,0.0
rn1qk2r/pbppbppp/1p2pn2/8/8/2PP1NP1/PP1NPPBP/R1BQK2R w KQkq - 2 7,2,2,3,2,1896,2066,0,2,3,0,5,6,0,0,2,1,4,1,1,4,1,1,1,0,1,0,0,1,3,0,0,0,0,0,0,0,0,0,0,0,0,0,0,0,0,0,0,0,0,7,7,0,9,7,0,7,7,0,9,7,7,10,7,8,0,10,11,12,0,0,8,0.0,1.0,0.0,0.0,0.0,0.0,0.0,0.0,0.0,0.0,0.0,0.0,0.0,1.0,0.0,0.0,2.0,0.0,0.0,0.0,0.0,0.0
7r/2pk1q2/Qpnpb2p/4P3/P2N4/2P4p/3N1P1P/R4RK1 w - - 0 26,7,13,4,3,1509,1527,0,0,0,0,0,0,0,0,2,0,0,1,6,0,5,0,0,11,1,3,1,4,0,0,1,0,0,0,0,7,0,0,0,7,0,0,9,0,0,0,0,0,0,7,0,0,0,0,1,0,0,0,9,0,7,0,7,8,0,0,0,0,8,12,0,0.0,1.0,0.0,0.0,0.0,0.0,0.0,0.0,0.0,0.0,0.0,0.0,0.0,0.0,0.0,1.0,1.0,0.0,0.0,0.0,0.0,0.0
4k3/8/4PK2/5p1p/7P/8/8/8 b - - 3 55,19,16,1,1,1200,1116,1,0,0,0,0,6,0,0,0,0,0,0,0,0,0,0,0,0,0,0,0,7,12,0,0,0,0,0,0,0,1,0,1,0,0,0,0,0,0,0,7,0,0,0,0,0,0,0,0,0,0,0,0,0,0,0,0,0,0,0,0,0,0,0,0,0.0,0.0,0.0,0.0,0.0,0.0,0.0,0.0,1.0,0.0,0.0,0.0,0.0,1.0,0.0,0.0,1.0,0.0,0.0,0.0,0.0,0.0
1k1r2nr/1p2b1pp/3p1p2/1q6/3BP3/Q7/PPP2PPP/RN3RK1 b - - 5 15,1,13,4,2,1443,1399,1,0,6,0,2,0,0,3,2,0,1,0,0,4,0,1,1,0,0,0,1,0,1,0,0,0,5,0,0,0,0,0,0,0,0,0,10,7,0,0,0,11,0,0,0,0,0,0,0,7,7,7,0,0,7,7,7,8,9,0,0,0,8,12,0,0.0,0.0,0.0,0.0,0.0,0.0,0.0,0.0,1.0,0.0,1.0,0.0,0.0,0.0,0.0,0.0,1.0,-1.0,0.0,0.0,0.0,0.0
2kr2nr/1ppqb3/p2p3p/4p1p1/3QP1P1/1PN4P/P1P2P2/R1B2RK1 w - - 0 15,5,2,5,3,1054,1057,0,0,0,6,2,0,0,3,2,0,1,1,5,4,0,0,0,1,0,0,1,0,0,0,1,0,0,0,0,1,0,1,0,0,0,0,11,7,0,7,0,0,7,9,0,0,0,0,7,7,0,7,0,0,7,0,0,8,0,10,0,0,8,12,0,0.0,0.0,0.0,0.0,1.0,0.0,0.0,0.0,0.0,0.0,0.0,0.0,1.0,0.0,0.0,0.0,-3.0,3.0,0.0,0.0,0.0,0.0
rnbq1rk1/ppppppbp/5np1/8/2BP1B2/4PN2/PPP2PPP/RN1QK2R b KQ - 4 5,5,2,4,2,1305,1292,1,2,3,4,5,0,2,6,0,1,1,1,1,1,1,4,1,0,0,0,0,0,3,1,0,0,0,0,0,0,0,0,0,0,0,10,7,0,10,0,0,0,0,0,0,7,9,0,0,7,7,7,0,0,7,7,7,8,9,0,11,12,0,0,8,0.0,0.0,0.0,0.0,0.0,0.0,0.0,1.0,0.0,0.0,0.0,0.0,1.0,0.0,0.0,0.0,0.0,-1.0,0.0,0.0,0.0,0.0
r1b1kb1r/ppp1qpp1/2n2n1p/3p4/3P4/5N2/PPP1NPPP/R1BQKB1R b KQkq - 3 8,10,10,3,5,614,710,1,2,0,4,0,6,4,0,2,1,1,1,0,5,1,1,0,0,0,3,0,0,3,0,1,0,0,0,1,0,0,0,0,0,0,0,7,0,0,0,0,0,0,0,0,0,9,0,0,7,7,7,0,9,7,7,7,8,0,10,11,12,10,0,8,0.0,0.0,0.0,0.0,0.0,0.0,1.0,0.0,0.0,0.0,0.0,0.0,0.0,0.0,1.0,0.0,-1.0,-2.0,0.0,0.0,0.0,0.0
r1bq1rk1/ppp2ppp/2n5/2bnp3/8/P3P1P1/1P1PNPBP/RNBQ1RK1 b - - 0 8,2,1,3,5,1834,1865,1,2,0,4,5,0,2,6,0,1,1,1,0,0,1,1,1,0,0,3,0,0,0,0,0,0,0,4,3,1,0,0,0,0,0,0,0,0,0,0,0,7,0,0,0,7,0,7,0,0,7,0,7,9,7,10,7,8,9,10,11,0,8,12,0,0.0,0.0,0.0,0.0,0.0,0.0,0.0,0.0,1.0,0.0,0.0,1.0,0.0,0.0,0.0,0.0,2.0,-2.0,0.0,0.0,0.0,0.0
rnbqkbnr/pp1ppppp/2p5/8/3PP3/8/PPP2PPP/RNBQKBNR b KQkq - 0 2,7,1,5,1,1627,1605,1,2,3,4,5,6,4,3,2,1,1,0,1,1,1,1,1,0,0,1,0,0,0,0,0,0,0,0,0,0,0,0,0,0,0,0,7,7,0,0,0,0,0,0,0,0,0,0,0,7,7,7,0,0,7,7,7,8,9,10,11,12,10,9,8,0.0,0.0,0.0,0.0,0.0,0.0,0.0,1.0,0.0,0.0,0.0,0.0,1.0,0.0,0.0,0.0,0.0,-2.0,0.0,0.0,0.0,0.0
8/pp4R1/2k5/8/3p4/7P/P4r2/3KR3 w - - 1 32,19,14,2,2,958,945,0,0,0,0,0,0,0,0,0,1,1,0,0,0,0,8,0,0,0,6,0,0,0,0,0,0,0,0,0,0,0,0,0,0,0,0,1,0,0,0,0,0,0,0,0,0,0,0,7,7,0,0,0,0,2,0,0,0,0,0,12,8,0,0,0,0.0,1.0,0.0,0.0,0.0,0.0,0.0,0.0,0.0,0.0,0.0,0.0,0.0,1.0,0.0,0.0,0.0,5.0,0.0,0.0,0.0,0.0
4k3/8/5K2/4P3/8/8/8/8 b - - 2 66,19,19,2,0,1665,1647,1,0,0,0,0,6,0,0,0,0,0,0,0,0,0,0,0,0,0,0,0,0,12,0,0,0,0,0,0,7,0,0,0,0,0,0,0,0,0,0,0,0,0,0,0,0,0,0,0,0,0,0,0,0,0,0,0,0,0,0,0,0,0,0,0,0.0,0.0,0.0,0.0,0.0,0.0,0.0,0.0,1.0,0.0,0.0,0.0,0.0,1.0,0.0,0.0,1.0,0.0,0.0,0.0,0.0,0.0
rn1qkb1r/ppp1pppp/5n2/3p4/3P2b1/3BP3/PPP2PPP/RNBQK1NR w KQkq - 2 4,5,4,4,3,944,905,0,2,3,0,5,6,4,0,2,1,1,1,0,1,1,1,1,0,0,0,0,0,3,0,0,0,0,0,1,0,0,0,0,0,0,0,7,0,0,4,0,0,0,0,10,7,0,0,0,7,7,7,0,0,7,7,7,8,9,10,11,12,0,9,8,0.0,0.0,1.0,0.0,0.0,0.0,0.0,0.0,0.0,0.0,0.0,0.0,0.0,0.0,1.0,0.0,0.0,1.0,0.0,0.0,0.0,0.0
rnbqkbnr/pppppppp/8/8/8/8/PPPPPPPP/RNBQKBNR w KQkq - 0 1,1,1,0,0,1880,1753,0,2,3,4,5,6,4,3,2,1,1,1,1,1,1,1,1,0,0,0,0,0,0,0,0,0,0,0,0,0,0,0,0,0,0,0,0,0,0,0,0,0,0,0,0,0,0,0,0,7,7,7,7,7,7,7,7,8,9,10,11,12,10,9,8,0.0,0.0,1.0,0.0,0.0,0.0,0.0,0.0,0.0,0.0,0.0,0.0,0.0,1.0,0.0,0.0,0.0,2.0,0.0,0.0,0.0,0.0
rn1qkb1r/1ppb1ppp/4p3/p2pn3/3P4/1QP1P3/PP1N1PPP/R1B1KB1R b KQkq - 1 8,5,5,5,4,933,1022,1,2,3,0,5,6,4,0,2,0,1,1,4,0,1,1,1,0,0,0,0,1,0,0,0,1,0,0,1,3,0,0,0,0,0,0,7,0,0,0,0,0,11,7,0,7,0,0,0,7,7,0,9,0,7,7,7,8,0,10,0,12,10,0,8,0.0,0.0,0.0,0.0,0.0,1.0,0.0,0.0,0.0,0.0,0.0,0.0,0.0,1.0,0.0,0.0,2.0,1.0,0.0,0.0,0.0,0.0
rnb2rk1/pp3ppp/3qpn2/3pN3/3P4/2P5/PP1N1PPP/R2QKB1R b KQ - 5 9,10,1,5,4,2145,2059,1,2,3,4,0,0,2,6,0,1,1,0,0,0,1,1,1,0,0,0,5,1,3,0,0,0,0,0,1,9,0,0,0,0,0,0,7,0,0,0,0,0,0,7,0,0,0,0,0,7,7,0,9,0,7,7,7,8,0,0,11,12,10,0,8,0.0,0.0,0.0,0.0,0.0,0.0,0.0,0.0,1.0,0.0,1.0,0.0,0.0,0.0,0.0,0.0,1.0,-2.0,0.0,0.0,0.0,0.0
8/5k2/6p1/2p2p2/1pP2P2/pP1PK2r/P5R1/8 w - - 4 37,13,8,4,2,1627,1664,0,0,0,0,0,0,0,0,0,0,0,0,0,0,6,0,0,0,0,0,0,0,0,1,0,0,0,1,0,0,1,0,0,0,1,7,0,0,7,0,0,1,7,0,7,12,0,0,2,7,0,0,0,0,0,8,0,0,0,0,0,0,0,0,0,0.0,0.0,1.0,0.0,0.0,0.0,0.0,0.0,0.0,0.0,0.0,0.0,0.0,0.0,0.0,1.0,0.0,1.0,0.0,0.0,0.0,0.0
8/5p2/1R1p2pp/2k5/2P1P3/3PK2P/6P1/8 b - - 0 46,13,19,4,3,1539,1518,1,0,0,0,0,0,0,0,0,0,0,0,0,0,1,0,0,0,8,0,1,0,0,1,1,0,0,6,0,0,0,0,0,0,0,7,0,7,0,0,0,0,0,0,7,12,0,0,7,0,0,0,0,0,0,7,0,0,0,0,0,0,0,0,0,0.0,0.0,0.0,0.0,0.0,1.0,0.0,0.0,0.0,0.0,0.0,1.0,0.0,0.0,0.0,0.0,-1.0,1.0,0.0,0.0,0.0,0.0
r1bqkb1r/1p3ppp/p1p1pn2/4n3/8/2NP1Q2/PPPBNPPP/1K1R1B1R w kq - 4 10,1,8,3,4,1117,1066,0,2,0,4,5,6,4,0,2,0,1,0,0,0,1,1,1,1,0,1,0,1,3,0,0,0,0,0,0,3,0,0,0,0,0,0,0,0,0,0,0,0,0,9,7,0,11,0,0,7,7,7,10,9,7,7,7,0,12,0,8,0,10,0,8,0.0,0.0,0.0,1.0,0.0,0.0,0.0,0.0,0.0,0.0,0.0,0.0,0.0,0.0,1.0,0.0,1.0,0.0,0.0,0.0,0.0,0.0
r2q1rk1/ppp2ppp/1b1p4/nP2P3/4P1b1/P1N2N2/2PB1PP1/R2QKB1R w KQ - 0 12,10,1,6,2,876,850,0,2,0,0,5,0,2,6,0,1,1,1,0,0,1,1,1,0,4,0,1,0,0,0,0,3,7,0,0,7,0,0,0,0,0,0,0,7,0,4,0,7,0,9,0,0,9,0,0,0,0,7,10,0,7,7,0,8,0,0,11,12,10,0,8,0.0,1.0,0.0,0.0,0.0,0.0,0.0,0.0,0.0,0.0,0.0,0.0,0.0,0.0,1.0,0.0,-1.0,1.0,0.0,0.0,0.0,0.0
r1bqk2r/ppp2ppp/2nbpn2/3p4/3P1B2/2P1PN1P/PP3PP1/RN1QKB1R b KQkq - 2 6,5,5,3,5,1717,1707,1,2,0,4,5,6,0,0,2,1,1,1,0,0,1,1,1,0,0,3,4,1,3,0,0,0,0,0,1,0,0,0,0,0,0,0,7,0,10,0,0,0,0,7,0,7,9,0,7,7,7,0,0,0,7,7,0,8,9,0,11,12,10,0,8,0.0,0.0,0.0,0.0,0.0,0.0,0.0,0.0,1.0,0.0,0.0,0.0,0.0,1.0,0.0,0.0,2.0,0.0,0.0,0.0,0.0,0.0
8/8/8/2p1p1k1/2P1P1P1/2q5/5K1q/6R1 w - - 1 56,9,19,2,3,1373,1432,0,0,0,0,0,0,0,0,0,0,0,0,0,0,0,0,0,0,0,0,0,0,0,0,0,0,0,1,0,1,0,6,0,0,0,7,0,7,0,7,0,0,0,5,0,0,0,0,0,0,0,0,0,0,12,0,5,0,0,0,0,0,0,8,0,0.0,1.0,0.0,0.0,0.0,0.0,0.0,0.0,0.0,0.0,0.0,0.0,0.0,0.0,0.0,1.0,0.0,1.0,0.0,0.0,0.0,0.0
r1bqkbnr/ppp1pppp/2np4/8/5P2/5N2/PPPPP1PP/RNBQKB1R w KQkq - 2 3,4,2,2,2,1045,1148,0,2,0,4,5,6,4,3,2,1,1,1,0,1,1,1,1,0,0,3,1,0,0,0,0,0,0,0,0,0,0,0,0,0,0,0,0,0,7,0,0,0,0,0,0,0,9,0,0,7,7,7,7,7,0,7,7,8,9,10,11,12,10,0,8,0.0,0.0,1.0,0.0,0.0,0.0,0.0,0.0,0.0,0.0,0.0,0.0,0.0,1.0,0.0,0.0,0.0,1.0,0.0,0.0,0.0,0.0
rnbqkbnr/ppp1pppp/8/3p4/2PP4/8/PP2PPPP/RNBQKBNR b KQkq - 0 2,4,4,4,3,2037,2016,1,2,3,4,5,6,4,3,2,1,1,1,0,1,1,1,1,0,0,0,0,0,0,0,0,0,0,0,1,0,0,0,0,0,0,7,7,0,0,0,0,0,0,0,0,0,0,0,0,7,7,0,0,7,7,7,7,8,9,10,11,12,10,9,8,0.0,0.0,0.0,0.0,0.0,0.0,0.0,0.0,1.0,0.0,0.0,0.0,0.0,0.0,0.0,1.0,-1.0,-2.0,0.0,0.0,0.0,0.0
8/8/2k5/1p5Q/5N2/2P5/6PP/1K6 w - - 1 44,14,13,3,1,998,989,0,0,0,0,0,0,0,0,0,0,0,0,0,0,0,0,0,0,0,6,0,0,0,0,0,0,1,0,0,0,0,0,11,0,0,0,0,0,9,0,0,0,0,7,0,0,0,0,0,0,0,0,0,0,0,7,7,0,12,0,0,0,0,0,0,0.0,0.0,0.0,0.0,1.0,0.0,0.0,0.0,0.0,0.0,0.0,0.0,0.0,0.0,1.0,0.0,-2.0,-1.0,0.0,0.0,0.0,0.0
rn3rk1/pppbbppp/3q4/4N3/2BP1B2/7P/PP3PP1/R2Q1RK1 b - - 5 14,2,1,5,3,1442,1447,1,2,3,0,0,0,2,6,0,1,1,1,4,4,1,1,1,0,0,0,5,0,0,0,0,0,0,0,0,9,0,0,0,0,0,10,7,0,10,0,0,0,0,0,0,0,0,0,7,7,7,0,0,0,7,7,0,8,0,0,11,0,8,12,0,0.0,0.0,0.0,0.0,0.0,0.0,1.0,0.0,0.0,0.0,0.0,0.0,1.0,0.0,0.0,0.0,2.0,0.0,0.0,0.0,0.0,0.0
r2q1rk1/ppp1bppp/2p2nb1/4N1B1/6P1/2NP3P/PPP2P2/R2QR1K1 b - - 4 12,5,1,4,3,1992,1937,1,2,0,0,5,0,2,6,0,1,1,1,0,4,1,1,1,0,0,1,0,0,3,4,0,0,0,0,0,9,0,10,0,0,0,0,0,0,0,7,0,0,0,9,7,0,0,0,7,7,7,7,0,0,7,0,0,8,0,0,11,8,0,12,0,0.0,0.0,0.0,0.0,0.0,0.0,0.0,0.0,1.0,0.0,0.0,0.0,0.0,0.0,1.0,0.0,-1.0,0.0,0.0,0.0,0.0,0.0
rnbqkbnr/pppp1ppp/8/8/3QP3/8/PPP2PPP/RNB1KBNR b KQkq - 0 3,10,7,5,0,1426,1429,1,2,3,4,5,6,4,3,2,1,1,1,1,0,1,1,1,0,0,0,0,0,0,0,0,0,0,0,0,0,0,0,0,0,0,0,11,7,0,0,0,0,0,0,0,0,0,0,0,7,7,7,0,0,7,7,7,8,9,10,0,12,10,9,8,0.0,0.0,0.0,0.0,0.0,0.0,0.0,0.0,1.0,0.0,1.0,0.0,0.0,0.0,0.0,0.0,1.0,-2.0,0.0,0.0,0.0,0.0
rnbqk1nr/3p1p2/2pbp3/pp6/3PP1N1/2NBB1Pp/PPP2P1P/R2QK2R b KQkq - 0 12,7,2,6,2,1515,1546,1,2,3,4,5,6,0,3,2,0,0,0,1,0,1,0,0,0,0,1,4,1,0,0,0,1,1,0,0,0,0,0,0,0,0,0,7,7,0,9,0,0,0,9,10,10,0,7,1,7,7,7,0,0,7,0,7,8,0,0,11,12,0,0,8,0.0,0.0,0.0,0.0,0.0,1.0,0.0,0.0,0.0,1.0,0.0,0.0,0.0,0.0,0.0,0.0,0.0,-1.0,0.0,0.0,0.0,0.0
r1bqk2r/pp1p1ppp/2n2n2/4p3/1b2P3/2NP1N2/PP1BBPPP/R2Q1RK1 b kq - 5 8,1,4,5,5,1885,1890,1,2,0,4,5,6,0,0,2,1,1,0,1,0,1,1,1,0,0,3,0,0,3,0,0,0,0,0,0,1,0,0,0,0,4,0,0,7,0,0,0,0,0,9,7,0,9,0,0,7,7,0,10,10,7,7,7,8,0,0,11,0,8,12,0,0.0,0.0,0.0,0.0,0.0,0.0,0.0,0.0,1.0,0.0,0.0,0.0,0.0,1.0,0.0,0.0,2.0,0.0,0.0,0.0,0.0,0.0
r4rk1/pp4b1/2pp1qpB/5b2/2P5/2Nn2P1/PP1Q1PBP/R4RK1 w - - 0 18,2,14,2,4,1279,1236,0,2,0,0,0,0,2,6,0,1,1,0,0,0,0,4,0,0,0,1,1,0,5,1,10,0,0,0,0,0,4,0,0,0,0,7,0,0,0,0,0,0,0,9,3,0,0,7,0,7,7,0,11,0,7,10,7,8,0,0,0,0,8,12,0,0.0,0.0,0.0,0.0,0.0,0.0,1.0,0.0,0.0,0.0,0.0,0.0,0.0,0.0,0.0,0.0,-1.0,1.0,0.0,0.0,0.0,0.0
rn2kb1r/pp2qppp/2pp1n2/4p3/2B1P1b1/2NP2Q1/PPP2PPP/R1B1K1NR b KQkq - 4 7,5,5,4,5,1776,1749,1,2,3,0,0,6,4,0,2,1,1,0,0,5,1,1,1,0,0,1,1,0,3,0,0,0,0,0,0,1,0,0,0,0,0,10,0,7,0,4,0,0,0,9,7,0,0,11,0,7,7,7,0,0,7,7,7,8,0,10,0,12,0,9,8,0.0,0.0,0.0,0.0,0.0,0.0,0.0,1.0,0.0,0.0,0.0,0.0,0.0,1.0,0.0,0.0,-1.0,0.0,0.0,0.0,0.0,0.0
4Q3/1p4k1/p1p5/P2p4/1P4q1/6Pp/7P/4RRK1 b - - 2 35,8,19,2,4,1856,1873,1,0,0,0,0,11,0,0,0,0,1,0,0,0,0,6,0,1,0,1,0,0,0,0,0,7,0,0,1,0,0,0,0,0,7,0,0,0,0,5,0,0,0,0,0,0,0,7,1,0,0,0,0,0,0,0,7,0,0,0,0,8,8,12,0,0.0,0.0,0.0,0.0,0.0,0.0,0.0,1.0,0.0,0.0,0.0,0.0,0.0,0.0,0.0,1.0,1.0,-1.0,0.0,0.0,0.0,0.0
r3k2r/bpp1qppp/p1npb3/4p1P1/PP2P2P/2PPBP2/4Q1R1/RN2K3 b Qkq - 2 15,6,5,4,4,1702,1681,1,2,0,0,0,6,0,0,2,4,1,1,0,5,1,1,1,1,0,3,1,4,0,0,0,0,0,0,0,1,0,7,0,7,7,0,0,7,0,0,7,0,0,7,7,10,7,0,0,0,0,0,0,11,0,8,0,8,9,0,0,12,0,0,0,0.0,0.0,0.0,0.0,0.0,0.0,1.0,0.0,0.0,0.0,0.0,0.0,1.0,0.0,0.0,0.0,0.0,-1.0,0.0,0.0,0.0,0.0
1r6/p2kbpp1/1r1p1pbp/2P5/4P3/1PP2N2/P2N1PPP/R4RK1 b - - 0 18,1,13,5,2,1835,1805,1,0,2,0,0,0,0,0,0,1,0,0,6,4,1,1,0,0,2,0,1,0,1,4,1,0,0,7,0,0,0,0,0,0,0,0,0,7,0,0,0,0,7,7,0,0,9,0,0,7,0,0,9,0,7,7,7,8,0,0,0,0,8,12,0,0.0,0.0,0.0,0.0,0.0,0.0,1.0,0.0,0.0,0.0,0.0,0.0,1.0,0.0,0.0,0.0,-1.0,-1.0,0.0,0.0,0.0,0.0
rnbqkb1r/pppppp1p/5np1/8/3P4/4PN2/PPP2PPP/RNBQKB1R b KQkq - 1 3,5,1,3,2,1189,1236,1,2,3,4,5,6,4,0,2,1,1,1,1,1,1,0,1,0,0,0,0,0,3,1,0,0,0,0,0,0,0,0,0,0,0,0,7,0,0,0,0,0,0,0,0,7,9,0,0,7,7,7,0,0,7,7,7,8,9,10,11,12,10,0,8,0.0,0.0,0.0,0.0,0.0,0.0,0.0,0.0,1.0,0.0,0.0,0.0,0.0,0.0,1.0,0.0,1.0,-1.0,0.0,0.0,0.0,0.0
r2q2k1/6pp/1pb1pp2/1N1p4/P2P3P/4P1P1/4BP2/1R1Q1RK1 b - - 0 29,5,2,3,4,1454,1465,1,2,0,0,5,0,0,6,0,0,0,0,0,0,0,1,1,0,1,4,0,1,1,0,0,0,9,0,1,0,0,0,0,7,0,0,7,0,0,0,7,0,0,0,0,7,0,7,0,0,0,0,0,10,7,0,0,0,8,0,11,0,8,12,0,0.0,0.0,0.0,0.0,0.0,0.0,1.0,0.0,0.0,0.0,0.0,0.0,0.0,1.0,0.0,0.0,0.0,-1.0,0.0,0.0,0.0,0.0
r1b3k1/2q1n1pp/p2bp2r/1p1pNpN1/3P1P2/2PB4/PP2Q1PP/2R2RK1 b - - 1 16,4,4,5,4,1681,1703,1,2,0,4,0,0,0,6,0,0,0,5,0,3,0,1,1,1,0,0,4,1,0,0,2,0,1,0,1,9,1,9,0,0,0,0,7,0,7,0,0,0,0,7,10,0,0,0,0,7,7,0,0,11,0,7,7,0,0,8,0,0,8,12,0,0.0,0.0,0.0,0.0,0.0,0.0,0.0,0.0,1.0,0.0,0.0,1.0,0.0,0.0,0.0,0.0,-1.0,-1.0,0.0,0.0,0.0,0.0
rnbqkbnr/pppppppp/8/8/3P4/8/PPP1PPPP/RNBQKBNR b KQkq - 0 1,4,1,3,0,1010,929,1,2,3,4,5,6,4,3,2,1,1,1,1,1,1,1,1,0,0,0,0,0,0,0,0,0,0,0,0,0,0,0,0,0,0,0,7,0,0,0,0,0,0,0,0,0,0,0,0,7,7,7,0,7,7,7,7,8,9,10,11,12,10,9,8,0.0,0.0,0.0,0.0,0.0,0.0,0.0,0.0,1.0,0.0,1.0,0.0,0.0,0.0,0.0,0.0,1.0,-2.0,0.0,0.0,0.0,0.0
rnbqkbnr/pp1ppppp/8/2p5/4P3/5N2/PPPP1PPP/RNBQKB1R b KQkq - 1 2,4,1,4,1,1945,1937,1,2,3,4,5,6,4,3,2,1,1,0,1,1,1,1,1,0,0,0,0,0,0,0,0,0,0,1,0,0,0,0,0,0,0,0,0,7,0,0,0,0,0,0,0,0,9,0,0,7,7,7,7,0,7,7,7,8,9,10,11,12,10,0,8,0.0,0.0,0.0,0.0,0.0,0.0,0.0,1.0,0.0,0.0,0.0,0.0,1.0,0.0,0.0,0.0,0.0,-1.0,0.0,0.0,0.0,0.0
r1bqk2r/ppp2ppp/8/4p3/4n3/8/PPK3PP/R1B2B1R w kq - 0 13,19,10,0,4,917,943,0,2,0,4,5,6,0,0,2,1,1,1,0,0,1,1,1,0,0,0,0,0,0,0,0,0,0,0,0,1,0,0,0,0,0,0,0,3,0,0,0,0,0,0,0,0,0,0,0,7,7,12,0,0,0,7,7,8,0,10,0,0,10,0,8,0.0,1.0,0.0,0.0,0.0,0.0,0.0,0.0,0.0,0.0,0.0,0.0,0.0,0.0,1.0,0.0,-4.0,4.0,0.0,0.0,0.0,0.0
8/1p1Q3B/p1p1qk2/7p/8/P7/KPP5/8 w - - 6 36,7,19,3,3,1128,1119,0,0,0,0,0,0,0,0,0,0,1,0,11,0,0,0,10,1,0,1,0,5,6,0,0,0,0,0,0,0,0,0,1,0,0,0,0,0,0,0,0,7,0,0,0,0,0,0,0,12,7,7,0,0,0,0,0,0,0,0,0,0,0,0,0,0.0,0.0,0.0,0.0,0.0,0.0,0.0,1.0,0.0,0.0,0.0,0.0,1.0,0.0,0.0,0.0,1.0,-1.0,0.0,0.0,0.0,0.0
rnbqkbnr/pp1ppppp/8/8/3p4/5N2/PPP1PPPP/RNBQKB1R w KQkq - 0 3,7,1,2,1,1500,1597,0,2,3,4,5,6,4,3,2,1,1,0,1,1,1,1,1,0,0,0,0,0,0,0,0,0,0,0,0,0,0,0,0,0,0,0,1,0,0,0,0,0,0,0,0,0,9,0,0,7,7,7,0,7,7,7,7,8,9,10,11,12,10,0,8,0.0,1.0,0.0,0.0,0.0,0.0,0.0,0.0,0.0,0.0,0.0,0.0,1.0,0.0,0.0,0.0,0.0,3.0,0.0,0.0,0.0,0.0
1r2nrk1/2p2pbp/6p1/nN2p3/6P1/PbNRPP1P/1BK5/5B1R w - - 0 20,19,2,3,4,1829,1820,0,0,2,0,0,3,2,6,0,0,0,1,0,0,1,4,1,0,0,0,0,0,0,1,0,3,9,0,0,1,0,0,0,0,0,0,0,0,0,7,0,7,4,9,8,7,7,0,7,0,10,12,0,0,0,0,0,0,0,0,0,0,10,0,8,0.0,0.0,1.0,0.0,0.0,0.0,0.0,0.0,0.0,0.0,0.0,1.0,0.0,0.0,0.0,0.0,-1.0,-1.0,0.0,0.0,0.0,0.0
3r3k/1pp3pp/8/pP3pP1/P2Q1B2/1B6/6PP/5RK1 b - - 0 26,7,1,4,3,1185,1060,1,0,0,0,2,0,0,0,6,0,1,1,0,0,0,1,1,0,0,0,0,0,0,0,0,1,7,0,0,0,1,7,0,7,0,0,11,0,10,0,0,0,10,0,0,0,0,0,0,0,0,0,0,0,0,7,7,0,0,0,0,0,8,12,0,0.0,0.0,0.0,0.0,0.0,0.0,0.0,0.0,1.0,0.0,0.0,0.0,1.0,0.0,0.0,0.0,0.0,-4.0,0.0,0.0,0.0,0.0
r2qkb1r/ppp2pp1/2p2n1p/4p3/4P3/2NP1b1P/PPP2PP1/R1BQK2R w KQkq - 0 8,5,10,3,4,1089,1080,0,2,0,0,5,6,4,0,2,1,1,1,0,0,1,1,0,0,0,1,0,0,3,0,1,0,0,0,0,1,0,0,0,0,0,0,0,7,0,0,0,0,0,9,7,0,4,0,7,7,7,7,0,0,7,7,0,8,0,10,11,12,0,0,8,0.0,1.0,0.0,0.0,0.0,0.0,0.0,0.0,0.0,0.0,0.0,0.0,1.0,0.0,0.0,0.0,2.0,2.0,0.0,0.0,0.0,0.0
3r3r/2pk2pp/p1p5/8/1Q1P2b1/P1P1qN2/6PP/1R2R2K b - - 3 23,1,13,3,4,1180,1134,1,0,0,0,2,0,0,0,2,0,0,1,6,0,0,1,1,1,0,1,0,0,0,0,0,0,0,0,0,0,0,0,0,0,11,0,7,0,0,4,0,7,0,7,0,5,9,0,0,0,0,0,0,0,0,7,7,0,8,0,0,8,0,0,12,0.0,0.0,0.0,1.0,0.0,0.0,0.0,0.0,0.0,0.0,0.0,0.0,0.0,1.0,0.0,0.0,3.0,3.0,0.0,0.0,0.0,0.0
r1bqkb1r/1ppp1ppp/p1n2n2/4p3/2B1P3/2NP4/PPP2PPP/R1BQK1NR w KQkq - 0 5,5,4,3,5,1429,1369,0,2,0,4,5,6,4,0,2,0,1,1,1,0,1,1,1,1,0,3,0,0,3,0,0,0,0,0,0,1,0,0,0,0,0,10,0,7,0,0,0,0,0,9,7,0,0,0,0,7,7,7,0,0,7,7,7,8,0,10,11,12,0,9,8,0.0,0.0,1.0,0.0,0.0,0.0,0.0,0.0,0.0,0.0,0.0,0.0,0.0,0.0,1.0,0.0,0.0,2.0,0.0,0.0,0.0,0.0
rnbqkbnr/pppppppp/8/8/8/8/PPPPPPPP/RNBQKBNR w KQkq - 0 1,1,1,0,0,1882,1914,0,2,3,4,5,6,4,3,2,1,1,1,1,1,1,1,1,0,0,0,0,0,0,0,0,0,0,0,0,0,0,0,0,0,0,0,0,0,0,0,0,0,0,0,0,0,0,0,0,7,7,7,7,7,7,7,7,8,9,10,11,12,10,9,8,0.0,0.0,1.0,0.0,0.0,0.0,0.0,0.0,0.0,0.0,0.0,0.0,1.0,0.0,0.0,0.0,0.0,2.0,0.0,0.0,0.0,0.0
2kr3r/p1pbq2p/1p1p1ppn/1PnPp3/N1P1P3/P2B1N1P/5PP1/R2QK2R b KQ - 3 15,10,3,6,4,1611,1684,1,0,0,6,2,0,0,0,2,1,0,1,4,5,0,0,1,0,1,0,1,0,1,1,3,0,7,3,7,1,0,0,0,9,0,7,0,7,0,0,0,7,0,0,10,0,9,0,7,0,0,0,0,0,7,7,0,8,0,0,11,12,0,0,8,0.0,0.0,0.0,0.0,0.0,1.0,0.0,0.0,0.0,0.0,0.0,1.0,0.0,0.0,0.0,0.0,1.0,-2.0,0.0,0.0,0.0,0.0
3rr1k1/p1p2p1p/2p2qp1/3n4/Q7/2P1PN2/PP3PPP/R4RK1 b - - 5 17,1,2,3,5,1592,1620,1,0,0,0,2,2,0,6,0,1,0,1,0,0,1,0,1,0,0,1,0,0,5,1,0,0,0,0,3,0,0,0,0,11,0,0,0,0,0,0,0,0,0,7,0,7,9,0,0,7,7,0,0,0,7,7,7,8,0,0,0,0,8,12,0,0.0,0.0,0.0,0.0,0.0,0.0,0.0,0.0,1.0,0.0,0.0,0.0,1.0,0.0,0.0,0.0,-3.0,0.0,0.0,0.0,0.0,0.0
1k1r3r/p2p4/Bp2p2p/4P1q1/1P2Q1p1/P7/1K4PP/3R4 b - - 0 31,8,8,5,2,1661,1703,1,0,6,0,2,0,0,0,2,1,0,0,1,0,0,0,0,10,1,0,0,1,0,0,1,0,0,0,0,7,0,5,0,0,7,0,0,11,0,1,0,7,0,0,0,0,0,0,0,0,12,0,0,0,0,7,7,0,0,0,8,0,0,0,0,0.0,0.0,0.0,0.0,0.0,0.0,0.0,1.0,0.0,0.0,0.0,0.0,1.0,0.0,0.0,0.0,0.0,-2.0,0.0,0.0,0.0,0.0
2N1k3/p4ppp/1p1np3/3p4/P2P4/6PP/3RK3/8 w - - 1 33,14,5,3,3,2028,2013,0,0,0,9,0,6,0,0,0,1,0,0,0,0,1,1,1,0,1,0,3,1,0,0,0,0,0,0,1,0,0,0,0,7,0,0,7,0,0,0,0,0,0,0,0,0,0,7,7,0,0,0,8,12,0,0,0,0,0,0,0,0,0,0,0,0.0,0.0,0.0,0.0,0.0,0.0,0.0,0.0,1.0,0.0,0.0,1.0,0.0,0.0,0.0,0.0,-2.0,-1.0,0.0,0.0,0.0,0.0
rnb1kbnr/ppp1pppp/8/3q4/8/5N2/PPPP1PPP/RNBQKB1R b KQkq - 1 3,7,7,2,4,1667,1704,1,2,3,4,0,6,4,3,2,1,1,1,0,1,1,1,1,0,0,0,0,0,0,0,0,0,0,0,5,0,0,0,0,0,0,0,0,0,0,0,0,0,0,0,0,0,9,0,0,7,7,7,7,0,7,7,7,8,9,10,11,12,10,0,8,0.0,0.0,0.0,0.0,0.0,1.0,0.0,0.0,0.0,0.0,0.0,0.0,1.0,0.0,0.0,0.0,0.0,3.0,0.0,0.0,0.0,0.0
8/8/8/2kpn2p/1p5P/1PPK4/P7/8 w - - 1 48,19,13,2,5,1423,1455,0,0,0,0,0,0,0,0,0,0,0,0,0,0,0,0,0,0,0,0,0,0,0,0,0,0,0,6,1,3,0,0,1,0,1,0,0,0,0,0,7,0,7,7,12,0,0,0,0,7,0,0,0,0,0,0,0,0,0,0,0,0,0,0,0,0.0,0.0,0.0,1.0,0.0,0.0,0.0,0.0,0.0,0.0,0.0,0.0,1.0,0.0,0.0,0.0,-1.0,-1.0,0.0,0.0,0.0,0.0
2rqrn1k/1bp1npbp/1p1pp1p1/p7/3PPP2/BPP2NPP/P2NQRBK/R7 b - - 4 15,1,2,6,4,2001,1888,1,0,0,2,5,2,3,0,6,0,4,1,0,3,1,4,1,0,1,0,1,1,0,1,0,1,0,0,0,0,0,0,0,0,0,0,7,7,7,0,0,10,7,7,0,0,9,7,7,7,0,0,9,11,8,10,12,8,0,0,0,0,0,0,0,0.0,0.0,0.0,0.0,0.0,0.0,0.0,1.0,0.0,0.0,0.0,0.0,0.0,1.0,0.0,0.0,2.0,1.0,0.0,0.0,0.0,0.0
3r4/8/5ppk/2Rp4/2pP1PK1/4P3/8/8 w - - 0 40,19,13,4,4,2141,2141,0,0,0,0,2,0,0,0,0,0,0,0,0,0,0,0,0,0,0,0,0,0,1,1,6,0,0,8,1,0,0,0,0,0,0,1,7,0,7,12,0,0,0,0,0,7,0,0,0,0,0,0,0,0,0,0,0,0,0,0,0,0,0,0,0,0.0,0.0,0.0,0.0,1.0,0.0,0.0,0.0,0.0,0.0,0.0,0.0,0.0,0.0,1.0,0.0,0.0,1.0,0.0,0.0,0.0,0.0
rnbqkb1r/pp3ppp/4pn2/3p4/3P4/2N3P1/PP2PP1P/R1BQKBNR w KQkq - 0 6,4,5,5,3,1644,1702,0,2,3,4,5,6,4,0,2,1,1,0,0,0,1,1,1,0,0,0,0,1,3,0,0,0,0,0,1,0,0,0,0,0,0,0,7,0,0,0,0,0,0,9,0,0,0,7,0,7,7,0,0,7,7,0,7,8,0,10,11,12,10,9,8,0.0,1.0,0.0,0.0,0.0,0.0,0.0,0.0,0.0,0.0,0.0,0.0,0.0,0.0,1.0,0.0,1.0,1.0,0.0,0.0,0.0,0.0
rn1qkb1r/ppp1pppp/3p1nb1/8/3P2P1/2P2N1P/PP2PP2/RNBQKB1R w KQkq - 1 6,4,2,3,3,2128,2114,0,2,3,0,5,6,4,0,2,1,1,1,0,1,1,1,1,0,0,0,1,0,3,4,0,0,0,0,0,0,0,0,0,0,0,0,7,0,0,7,0,0,0,7,0,0,9,0,7,7,7,0,0,7,7,0,0,8,9,10,11,12,10,0,8,0.0,1.0,0.0,0.0,0.0,0.0,0.0,0.0,0.0,0.0,0.0,0.0,0.0,0.0,1.0,0.0,1.0,1.0,0.0,0.0,0.0,0.0
rn1qkb1r/pppb1ppp/3p1n2/8/2PNP3/2N5/PP3PPP/R1BQKB1R w KQkq - 1 7,10,8,5,3,1861,1869,0,2,3,0,5,6,4,0,2,1,1,1,4,0,1,1,1,0,0,0,1,0,3,0,0,0,0,0,0,0,0,0,0,0,0,7,9,7,0,0,0,0,0,9,0,0,0,0,0,7,7,0,0,0,7,7,7,8,0,10,11,12,10,0,8,0.0,0.0,1.0,0.0,0.0,0.0,0.0,0.0,0.0,0.0,0.0,0.0,0.0,0.0,0.0,1.0,0.0,1.0,0.0,0.0,0.0,0.0
1rbqkb1r/Qp1p1ppp/4pn2/8/8/4P3/PPP2PPP/RN2KBNR b KQk - 0 6,8,2,1,2,1490,1491,1,0,2,4,5,6,4,0,2,11,1,0,1,0,1,1,1,0,0,0,0,1,3,0,0,0,0,0,0,0,0,0,0,0,0,0,0,0,0,0,0,0,0,0,0,7,0,0,0,7,7,7,0,0,7,7,7,8,9,0,0,12,10,9,8,0.0,0.0,0.0,0.0,0.0,0.0,0.0,0.0,1.0,0.0,0.0,0.0,0.0,0.0,1.0,0.0,-4.0,-4.0,0.0,0.0,0.0,0.0
r3k2r/pq2bppp/1p1pp3/8/3B1P2/3Q4/PPP3PP/3R1RK1 w kq - 1 16,4,3,4,3,2150,2287,0,2,0,0,0,6,0,0,2,1,5,0,0,4,1,1,1,0,1,0,1,1,0,0,0,0,0,0,0,0,0,0,0,0,0,0,10,0,7,0,0,0,0,0,11,0,0,0,0,7,7,7,0,0,0,7,7,0,0,0,8,0,8,12,0,0.0,0.0,0.0,0.0,1.0,0.0,0.0,0.0,0.0,0.0,0.0,0.0,1.0,0.0,0.0,0.0,3.0,3.0,0.0,0.0,0.0,0.0
4rrk1/pp6/6pp/2p2b2/2P1pP1B/4R2P/PP4B1/4R1K1 w - - 0 25,11,9,3,4,1258,1265,0,0,0,0,0,2,2,6,0,1,1,0,0,0,0,0,0,0,0,0,0,0,0,1,1,0,0,1,0,0,4,0,0,0,0,7,0,1,7,0,10,0,0,0,0,8,0,0,7,7,7,0,0,0,0,10,0,0,0,0,0,8,0,12,0,0.0,0.0,1.0,0.0,0.0,0.0,0.0,0.0,0.0,0.0,1.0,0.0,0.0,0.0,0.0,0.0,0.0,1.0,0.0,0.0,0.0,0.0
2kr4/1bqr2b1/1n2p1p1/4P2P/1pP5/1P2QN2/2BN3R/3RK3 b - - 0 27,19,19,5,4,1788,1857,1,0,0,6,2,0,0,0,0,0,4,5,2,0,0,4,0,0,3,0,0,1,0,1,0,0,0,0,0,7,0,0,7,0,1,7,0,0,0,0,0,0,7,0,0,11,9,0,0,0,0,10,9,0,0,0,8,0,0,0,8,12,0,0,0,0.0,0.0,0.0,0.0,0.0,0.0,1.0,0.0,0.0,0.0,0.0,0.0,0.0,0.0,0.0,1.0,1.0,-1.0,0.0,0.0,0.0,0.0
r1bq1rk1/pp2b1p1/4p2p/5p2/1n1P1P2/1B2BN2/PP4PP/R2Q1RK1 b - - 3 17,4,5,4,3,1722,1742,1,2,0,4,5,0,2,6,0,1,1,0,0,4,0,1,0,0,0,0,0,1,0,0,1,0,0,0,0,0,1,0,0,0,3,0,7,0,7,0,0,0,10,0,0,10,9,0,0,7,7,0,0,0,0,7,7,8,0,0,11,0,8,12,0,0.0,0.0,0.0,0.0,0.0,0.0,0.0,1.0,0.0,1.0,0.0,0.0,0.0,0.0,0.0,0.0,0.0,-2.0,0.0,0.0,0.0,0.0
1r4k1/2p2ppp/1p1b4/2n5/p4P2/5QP1/2P3KP/4R3 w - - 4 36,8,1,3,2,2079,2105,0,0,2,0,0,0,0,6,0,0,0,1,0,0,1,1,1,0,1,0,4,0,0,0,0,0,0,3,0,0,0,0,0,1,0,0,0,0,7,0,0,0,0,0,0,0,11,7,0,0,0,7,0,0,0,12,7,0,0,0,0,8,0,0,0,0.0,0.0,0.0,1.0,0.0,0.0,0.0,0.0,0.0,0.0,0.0,0.0,0.0,0.0,1.0,0.0,-3.0,3.0,0.0,0.0,0.0,0.0
q4rk1/p1p2ppp/5n2/2bp4/8/4PPPb/PPPN3P/R1BQR1K1 b - - 2 13,3,1,2,4,2547,2408,1,5,0,0,0,0,2,6,0,1,0,1,0,0,1,1,1,0,0,0,0,0,3,0,0,0,0,4,1,0,0,0,0,0,0,0,0,0,0,0,0,0,0,0,0,7,7,7,4,7,7,7,9,0,0,0,7,8,0,10,11,8,0,12,0,0.0,0.0,0.0,0.0,0.0,1.0,0.0,0.0,0.0,0.0,0.0,1.0,0.0,0.0,0.0,0.0,-1.0,1.0,0.0,0.0,0.0,0.0
3Q1bk1/1b3p2/2p4p/4p1pn/1pP1P3/1P3N1P/P1B2PPB/6K1 w - - 1 31,2,5,5,3,1884,1949,0,0,0,0,11,0,4,6,0,0,4,0,0,0,1,0,0,0,0,1,0,0,0,0,1,0,0,0,0,1,0,1,3,0,1,7,0,7,0,0,0,0,7,0,0,0,9,0,7,7,0,10,0,0,7,7,10,0,0,0,0,0,0,12,0,0.0,0.0,0.0,0.0,0.0,0.0,0.0,0.0,1.0,0.0,0.0,0.0,1.0,0.0,0.0,0.0,-1.0,-1.0,0.0,0.0,0.0,0.0
2k5/1p5p/pp1rr1p1/3n1p2/1P1P4/2P2P1P/1PB2P1K/4R3 w - - 0 34,7,13,4,4,1518,1511,0,0,0,6,0,0,0,0,0,0,1,0,0,0,0,0,1,1,1,0,2,2,0,1,0,0,0,0,3,0,1,0,0,0,7,0,7,0,0,0,0,0,0,7,0,0,7,0,7,0,7,10,0,0,7,0,12,0,0,0,0,8,0,0,0,0.0,1.0,0.0,0.0,0.0,0.0,0.0,0.0,0.0,0.0,0.0,0.0,0.0,1.0,0.0,0.0,0.0,5.0,0.0,0.0,0.0,0.0
2r3k1/p4p1p/bq4p1/3PB3/8/1P2bN2/P3NRPP/3Q2K1 w - - 0 26,7,2,5,1,1974,2028,0,0,0,2,0,0,0,6,0,1,0,0,0,0,1,0,1,4,5,0,0,0,0,1,0,0,0,0,7,10,0,0,0,0,0,0,0,0,0,0,0,0,7,0,0,4,9,0,0,7,0,0,0,9,8,7,7,0,0,0,11,0,0,12,0,0.0,0.0,0.0,0.0,0.0,1.0,0.0,0.0,0.0,0.0,0.0,0.0,0.0,1.0,0.0,0.0,-1.0,-1.0,0.0,0.0,0.0,0.0
r5k1/pb4pp/np1Q1rq1/8/2P2R2/4PP2/P3KP1P/R7 w - - 0 28,7,7,4,2,1548,1592,0,2,0,0,0,0,0,6,0,1,4,0,0,0,0,1,1,3,1,0,11,0,2,5,0,0,0,0,0,0,0,0,0,0,0,7,0,0,8,0,0,0,0,0,0,7,7,0,0,7,0,0,0,12,7,0,7,8,0,0,0,0,0,0,0,0.0,0.0,0.0,0.0,1.0,0.0,0.0,0.0,0.0,0.0,0.0,0.0,0.0,0.0,1.0,0.0,0.0,2.0,0.0,0.0,0.0,0.0
r6r/pb2k1pp/3ppp2/1p2n3/8/1B2B3/PP3PPP/2KRR3 w - - 2 18,13,1,2,4,1776,1787,0,2,0,0,0,0,0,0,2,1,4,0,0,6,0,1,1,0,0,0,1,1,1,0,0,0,1,0,0,3,0,0,0,0,0,0,0,0,0,0,0,0,10,0,0,10,0,0,0,7,7,0,0,0,7,7,7,0,0,12,8,8,0,0,0,0.0,0.0,1.0,0.0,0.0,0.0,0.0,0.0,0.0,0.0,0.0,0.0,0.0,0.0,1.0,0.0,0.0,2.0,0.0,0.0,0.0,0.0
8/p5pp/2Q1k1p1/7n/5B2/3P2PP/PP3q2/R6K b - - 0 27,3,19,3,3,1511,1510,1,0,0,0,0,0,0,0,0,1,0,0,0,0,0,1,1,0,0,11,0,6,0,1,0,0,0,0,0,0,0,0,3,0,0,0,0,0,10,0,0,0,0,0,7,0,0,7,7,7,7,0,0,0,5,0,0,8,0,0,0,0,0,0,12,0.0,0.0,0.0,0.0,0.0,0.0,1.0,0.0,0.0,0.0,0.0,0.0,0.0,1.0,0.0,0.0,1.0,-1.0,0.0,0.0,0.0,0.0
rnbqk2r/pp2npbp/2p1p1p1/3pN3/3P4/2NBP3/PPP2PPP/R1BQ1RK1 b kq - 3 7,1,5,6,4,925,1035,1,2,3,4,5,6,0,0,2,1,1,0,0,3,1,4,1,0,0,1,0,1,0,1,0,0,0,0,1,9,0,0,0,0,0,0,7,0,0,0,0,0,0,9,10,7,0,0,0,7,7,7,0,0,7,7,7,8,0,10,11,0,8,12,0,0.0,0.0,0.0,0.0,0.0,0.0,1.0,0.0,0.0,0.0,0.0,1.0,0.0,0.0,0.0,0.0,0.0,-1.0,0.0,0.0,0.0,0.0
1rbq1rk1/1p1n1ppp/p2bpn2/2p1N3/2B2P2/P1N2Q2/1PPP2PP/R1B1R1K1 b - - 2 11,4,1,4,4,1445,1514,1,0,2,4,5,0,2,6,0,0,1,0,3,0,1,1,1,1,0,0,4,1,3,0,0,0,0,1,0,9,0,0,0,0,0,10,0,0,7,0,0,7,0,9,0,0,11,0,0,0,7,7,7,0,0,7,7,8,0,10,0,8,0,12,0,0.0,0.0,0.0,0.0,0.0,0.0,0.0,1.0,0.0,0.0,1.0,0.0,0.0,0.0,0.0,0.0,0.0,-2.0,0.0,0.0,0.0,0.0
1k1r2r1/1pp5/p2p4/4q2p/2Q5/P4P2/2R2P1K/1R6 w - - 0 33,13,2,3,5,1605,1578,0,0,6,0,2,0,0,2,0,0,1,1,0,0,0,0,0,1,0,0,1,0,0,0,0,0,0,0,0,5,0,0,1,0,0,11,0,0,0,0,0,7,0,0,0,0,7,0,0,0,0,8,0,0,7,0,12,0,8,0,0,0,0,0,0,0.0,0.0,0.0,1.0,0.0,0.0,0.0,0.0,0.0,0.0,0.0,0.0,0.0,0.0,1.0,0.0,0.0,1.0,0.0,0.0,0.0,0.0
rn1qk2r/ppp1n1bp/3pbp2/4p3/4P3/2NP1B1P/PPP2PP1/R1BQR1K1 w kq - 3 10,2,6,3,4,1072,937,0,2,3,0,5,6,0,0,2,1,1,1,0,3,0,4,1,0,0,0,1,4,1,0,0,0,0,0,0,1,0,0,0,0,0,0,0,7,0,0,0,0,0,9,7,0,10,0,7,7,7,7,0,0,7,7,0,8,0,10,11,8,0,12,0,0.0,0.0,0.0,1.0,0.0,0.0,0.0,0.0,0.0,0.0,0.0,1.0,0.0,0.0,0.0,0.0,1.0,2.0,0.0,0.0,0.0,0.0
r1bq3r/p1p1nk2/2pp2p1/6B1/4P3/1P2Q3/P1P2PPP/RN2K2R b KQ - 1 13,10,13,4,2,1531,1472,1,2,0,4,5,0,0,0,2,1,0,1,0,3,6,0,0,0,0,1,1,0,0,1,0,0,0,0,0,0,0,10,0,0,0,0,0,7,0,0,0,0,7,0,0,11,0,0,0,7,0,7,0,0,7,7,7,8,9,0,0,12,0,0,8,0.0,0.0,0.0,0.0,0.0,0.0,0.0,0.0,1.0,0.0,0.0,0.0,0.0,0.0,0.0,0.0,0.0,-3.0,0.0,0.0,0.0,0.0
rnbqkbnr/pppppppp/8/8/8/2P5/PP1PPPPP/RNBQKBNR b KQkq - 0 1,1,1,1,0,2106,2162,1,2,3,4,5,6,4,3,2,1,1,1,1,1,1,1,1,0,0,0,0,0,0,0,0,0,0,0,0,0,0,0,0,0,0,0,0,0,0,0,0,0,0,7,0,0,0,0,0,7,7,0,7,7,7,7,7,8,9,10,11,12,10,9,8,0.0,0.0,0.0,0.0,0.0,0.0,0.0,1.0,0.0,0.0,0.0,0.0,1.0,0.0,0.0,0.0,0.0,-2.0,0.0,0.0,0.0,0.0
r2qkb1r/p3p2p/2p1bpp1/2np4/5B2/2NB4/PPP2PPP/R2QK2R w KQkq - 0 13,13,5,3,4,1030,1018,0,2,0,0,5,6,4,0,2,1,0,0,0,1,0,0,1,0,0,1,0,4,1,1,0,0,0,3,1,0,0,0,0,0,0,0,0,0,10,0,0,0,0,9,10,0,0,0,0,7,7,7,0,0,7,7,7,8,0,0,11,12,0,0,8,0.0,1.0,0.0,0.0,0.0,0.0,0.0,0.0,0.0,0.0,0.0,0.0,1.0,0.0,0.0,0.0,1.0,1.0,0.0,0.0,0.0,0.0
r3k2r/pbpqnppp/1pn1p3/8/4N3/3P1NP1/PPP2PBP/R2Q1RK1 b kq - 0 10,2,8,4,3,1811,1779,1,2,0,0,0,6,0,0,2,1,4,1,5,3,1,1,1,0,1,3,0,1,0,0,0,0,0,0,0,0,0,0,0,0,0,0,0,9,0,0,0,0,0,0,7,0,9,7,0,7,7,7,0,0,7,10,7,8,0,0,11,0,8,12,0,0.0,0.0,0.0,0.0,0.0,0.0,0.0,0.0,1.0,0.0,0.0,0.0,0.0,1.0,0.0,0.0,-2.0,0.0,0.0,0.0,0.0,0.0
rnbqkbnr/ppp1pppp/8/3p4/3P4/8/PPP1PPPP/RNBQKBNR w KQkq - 0 2,4,4,3,3,1226,1238,0,2,3,4,5,6,4,3,2,1,1,1,0,1,1,1,1,0,0,0,0,0,0,0,0,0,0,0,1,0,0,0,0,0,0,0,7,0,0,0,0,0,0,0,0,0,0,0,0,7,7,7,0,7,7,7,7,8,9,10,11,12,10,9,8,0.0,0.0,1.0,0.0,0.0,0.0,0.0,0.0,0.0,0.0,0.0,1.0,0.0,0.0,0.0,0.0,0.0,2.0,0.0,0.0,0.0,0.0
r1b1k2r/5ppp/pP2p3/2B1q3/Q1p5/2P5/PP1N4/R1K2R2 b kq - 0 25,8,8,2,4,1087,1168,1,2,0,4,0,6,0,0,2,0,0,0,0,0,1,1,1,1,7,0,0,1,0,0,0,0,0,10,0,5,0,0,0,11,0,1,0,0,0,0,0,0,0,7,0,0,0,0,0,7,7,0,9,0,0,0,0,8,0,12,0,0,8,0,0,0.0,0.0,0.0,0.0,0.0,0.0,0.0,0.0,1.0,0.0,0.0,1.0,0.0,0.0,0.0,0.0,1.0,-1.0,0.0,0.0,0.0,0.0
rnbqkbnr/pppp1ppp/8/4p3/2P5/2N5/PP1PPPPP/R1BQKBNR b KQkq - 1 2,1,4,2,2,1271,1254,1,2,3,4,5,6,4,3,2,1,1,1,1,0,1,1,1,0,0,0,0,0,0,0,0,0,0,0,0,1,0,0,0,0,0,7,0,0,0,0,0,0,0,9,0,0,0,0,0,7,7,0,7,7,7,7,7,8,0,10,11,12,10,9,8,0.0,0.0,0.0,0.0,0.0,0.0,0.0,0.0,1.0,0.0,1.0,0.0,0.0,0.0,0.0,0.0,1.0,-2.0,0.0,0.0,0.0,0.0
4r1k1/5p1p/3p2p1/p2Q4/8/2bRP3/1q4PP/6K1 b - - 0 30,7,2,5,3,1898,1887,1,0,0,0,0,2,0,6,0,0,0,0,0,0,1,0,1,0,0,0,1,0,0,1,0,1,0,0,11,0,0,0,0,0,0,0,0,0,0,0,0,0,0,4,8,7,0,0,0,0,5,0,0,0,0,7,7,0,0,0,0,0,0,12,0,0.0,0.0,1.0,0.0,0.0,0.0,0.0,0.0,0.0,0.0,1.0,0.0,0.0,0.0,0.0,0.0,1.0,-1.0,0.0,0.0,0.0,0.0
8/6pp/r4n2/2R2k2/1P6/2P3K1/8/8 b - - 1 44,19,19,3,3,2067,2056,1,0,0,0,0,0,0,0,0,0,0,0,0,0,0,1,1,2,0,0,0,0,3,0,0,0,0,8,0,0,6,0,0,0,7,0,0,0,0,0,0,0,0,7,0,0,0,12,0,0,0,0,0,0,0,0,0,0,0,0,0,0,0,0,0,0.0,0.0,0.0,0.0,0.0,1.0,0.0,0.0,0.0,0.0,0.0,0.0,0.0,0.0,1.0,0.0,-1.0,-1.0,0.0,0.0,0.0,0.0
r1bqk1nr/ppp2ppp/2np4/2b1p3/2B1P3/2P2N2/PP1P1PPP/RNBQK2R w KQkq - 0 5,4,5,4,3,1226,1246,0,2,0,4,5,6,0,3,2,1,1,1,0,0,1,1,1,0,0,3,1,0,0,0,0,0,0,4,0,1,0,0,0,0,0,10,0,7,0,0,0,0,0,7,0,0,9,0,0,7,7,0,7,0,7,7,7,8,9,10,11,12,0,0,8,0.0,0.0,1.0,0.0,0.0,0.0,0.0,0.0,0.0,0.0,0.0,0.0,1.0,0.0,0.0,0.0,0.0,2.0,0.0,0.0,0.0,0.0
8/1k6/1P1r2p1/1R4K1/7P/8/8/8 b - - 2 49,19,19,2,2,1387,1321,1,0,0,0,0,0,0,0,0,0,6,0,0,0,0,0,0,0,7,0,2,0,0,1,0,0,8,0,0,0,0,12,0,0,0,0,0,0,0,0,7,0,0,0,0,0,0,0,0,0,0,0,0,0,0,0,0,0,0,0,0,0,0,0,0,0.0,0.0,0.0,0.0,0.0,0.0,1.0,0.0,0.0,0.0,0.0,0.0,1.0,0.0,0.0,0.0,1.0,0.0,0.0,0.0,0.0,0.0
r1bqr1k1/p1pn1pbp/1p1p1np1/3Pp3/2P1P3/1PN2NP1/PB3PBP/R2QK2R b KQ - 1 10,10,2,6,5,1445,1479,1,2,0,4,5,2,0,6,0,1,0,1,3,0,1,4,1,0,1,0,1,0,3,1,0,0,0,0,7,1,0,0,0,0,0,7,0,7,0,0,0,0,7,9,0,0,9,7,0,7,10,0,0,0,7,10,7,8,0,0,11,12,0,0,8,0.0,0.0,0.0,0.0,0.0,0.0,0.0,0.0,1.0,0.0,0.0,1.0,0.0,0.0,0.0,0.0,-1.0,-1.0,0.0,0.0,0.0,0.0
r1bq1rk1/pp2nppp/8/3pp3/2BpP1Q1/3P3P/PPP2PP1/R4RK1 w - - 0 13,2,1,3,6,1599,1616,0,2,0,4,5,0,2,6,0,1,1,0,0,3,1,1,1,0,0,0,0,0,0,0,0,0,0,0,1,1,0,0,0,0,0,10,1,7,0,11,0,0,0,0,7,0,0,0,7,7,7,7,0,0,7,7,0,8,0,0,0,0,8,12,0,0.0,0.0,1.0,0.0,0.0,0.0,0.0,0.0,0.0,0.0,0.0,0.0,0.0,0.0,1.0,0.0,0.0,2.0,0.0,0.0,0.0,0.0
2kr4/3b4/p7/3R3P/2p5/P4P2/1q1N1K2/1R6 b - - 1 40,13,19,4,2,777,734,1,0,0,6,2,0,0,0,0,0,0,0,4,0,0,0,0,1,0,0,0,0,0,0,0,0,0,0,8,0,0,0,7,0,0,1,0,0,0,0,0,7,0,0,0,0,7,0,0,0,5,0,9,0,12,0,0,0,8,0,0,0,0,0,0,0.0,0.0,1.0,0.0,0.0,0.0,0.0,0.0,0.0,0.0,1.0,0.0,0.0,0.0,0.0,0.0,1.0,0.0,0.0,0.0,0.0,0.0
1r1r2k1/2q2ppp/pN3n2/P7/4p3/4Q1P1/P1P2P1N/1R3bK1 w - - 0 23,8,1,3,5,1715,1712,0,0,2,0,2,0,0,6,0,0,0,5,0,0,1,1,1,1,9,0,0,0,3,0,0,7,0,0,0,0,0,0,0,0,0,0,0,1,0,0,0,0,0,0,0,11,0,7,0,7,0,7,0,0,7,0,9,0,8,0,0,0,4,12,0,0.0,0.0,1.0,0.0,0.0,0.0,0.0,0.0,0.0,0.0,0.0,0.0,0.0,0.0,0.0,0.0,-2.0,-1.0,0.0,0.0,0.0,0.0
rn1qkb1r/pbpp2pp/1p2pn2/5p2/3P4/5NP1/PPP1PPBP/RNBQ1RK1 w kq - 2 6,2,5,3,2,1574,1581,0,2,3,0,5,6,4,0,2,1,4,1,1,0,0,1,1,0,1,0,0,1,3,0,0,0,0,0,0,0,1,0,0,0,0,0,7,0,0,0,0,0,0,0,0,0,9,7,0,7,7,7,0,7,7,10,7,8,9,10,11,0,8,12,0,0.0,0.0,1.0,0.0,0.0,0.0,0.0,0.0,0.0,0.0,0.0,1.0,0.0,0.0,0.0,0.0,0.0,1.0,0.0,0.0,0.0,0.0
rn1qkbnr/ppp1pppp/8/3p4/2PP4/4P3/PP3PPP/RbBQKBNR w KQkq - 0 4,5,4,4,3,1676,1710,0,2,3,0,5,6,4,3,2,1,1,1,0,1,1,1,1,0,0,0,0,0,0,0,0,0,0,0,1,0,0,0,0,0,0,7,7,0,0,0,0,0,0,0,0,7,0,0,0,7,7,0,0,0,7,7,7,8,4,10,11,12,10,9,8,0.0,1.0,0.0,0.0,0.0,0.0,0.0,0.0,0.0,1.0,0.0,0.0,0.0,0.0,0.0,0.0,1.0,0.0,0.0,0.0,0.0,0.0
r1bq1rk1/pp2b1pp/2pp2p1/3P1P1n/4Pp1P/2NB1N2/PPPQ4/2KR3R w - - 0 16,7,7,6,2,1430,1407,0,2,0,4,5,0,2,6,0,1,1,0,0,4,0,1,1,0,0,1,1,0,0,1,0,0,0,0,7,0,7,0,3,0,0,0,0,7,1,0,7,0,0,9,10,0,9,0,0,7,7,7,11,0,0,0,0,0,0,12,8,0,0,0,8,0.0,0.0,0.0,0.0,0.0,1.0,0.0,0.0,0.0,0.0,0.0,0.0,0.0,0.0,1.0,0.0,1.0,1.0,0.0,0.0,0.0,0.0
4r1k1/1pp2ppp/p1p5/4r1P1/4b2P/PP1P4/R1P5/4QK2 w - - 0 24,19,1,1,5,990,967,0,0,0,0,0,2,0,6,0,0,1,1,0,0,1,1,1,1,0,1,0,0,0,0,0,0,0,0,0,2,0,7,0,0,0,0,0,4,0,0,7,7,7,0,7,0,0,0,0,8,0,7,0,0,0,0,0,0,0,0,0,11,12,0,0,0.0,0.0,0.0,1.0,0.0,0.0,0.0,0.0,0.0,0.0,0.0,0.0,1.0,0.0,0.0,0.0,1.0,1.0,0.0,0.0,0.0,0.0
2r3k1/3q2bp/4p1p1/5r2/1p1P1PQB/2P1R3/1P5P/5RK1 w - - 0 27,10,8,4,3,2301,2263,0,0,0,2,0,0,0,6,0,0,0,0,5,0,0,4,1,0,0,0,0,1,0,1,0,0,0,0,0,0,2,0,0,0,1,0,7,0,7,11,10,0,0,7,0,8,0,0,0,0,7,0,0,0,0,0,7,0,0,0,0,0,8,12,0,0.0,1.0,0.0,0.0,0.0,0.0,0.0,0.0,0.0,0.0,0.0,0.0,0.0,0.0,1.0,0.0,-1.0,0.0,0.0,0.0,0.0,0.0
rnbqkbnr/pppp1ppp/8/4p3/4P3/5N2/PPPP1PPP/RNBQKB1R b KQkq - 1 2,4,4,4,2,926,960,1,2,3,4,5,6,4,3,2,1,1,1,1,0,1,1,1,0,0,0,0,0,0,0,0,0,0,0,0,1,0,0,0,0,0,0,0,7,0,0,0,0,0,0,0,0,9,0,0,7,7,7,7,0,7,7,7,8,9,10,11,12,10,0,8,0.0,0.0,0.0,0.0,0.0,0.0,0.0,0.0,1.0,0.0,0.0,0.0,0.0,0.0,0.0,1.0,-1.0,-2.0,0.0,0.0,0.0,0.0
r3k2r/1pp2pp1/p2b2qp/5P2/3QP1n1/1NP5/PP5P/R1B2R1K b kq - 0 17,7,13,6,1,1496,1464,1,2,0,0,0,6,0,0,2,0,1,1,0,0,1,1,0,1,0,0,4,0,0,5,1,0,0,0,0,0,7,0,0,0,0,0,11,7,0,3,0,0,9,7,0,0,0,0,0,7,7,0,0,0,0,0,7,8,0,10,0,0,8,0,12,0.0,0.0,0.0,0.0,0.0,0.0,1.0,0.0,0.0,0.0,0.0,0.0,0.0,0.0,0.0,1.0,1.0,-1.0,0.0,0.0,0.0,0.0
4kbnr/r1qb1ppp/ppn1p3/1B6/Q3PB2/2N2NP1/P1P2P1P/1R2K2R b Kk - 2 12,10,8,5,3,2005,1967,1,0,0,0,0,6,4,3,2,2,0,5,4,0,1,1,1,1,1,3,0,1,0,0,0,0,10,0,0,0,0,0,0,11,0,0,0,7,10,0,0,0,0,9,0,0,9,7,0,7,0,7,0,0,7,0,7,0,8,0,0,12,0,0,8,0.0,0.0,0.0,0.0,0.0,0.0,1.0,0.0,0.0,0.0,0.0,0.0,0.0,1.0,0.0,0.0,0.0,-1.0,0.0,0.0,0.0,0.0
2kr1bnr/pppq2pp/4p3/3P4/1N6/3PBQ2/PPP3PP/R4RK1 b - - 0 16,7,7,4,1,1607,1606,1,0,0,6,2,0,4,3,2,1,1,1,5,0,0,1,1,0,0,0,0,1,0,0,0,0,0,0,7,0,0,0,0,0,9,0,0,0,0,0,0,0,0,0,7,10,11,0,0,7,7,7,0,0,0,7,7,8,0,0,0,0,8,12,0,0.0,0.0,0.0,0.0,0.0,0.0,0.0,0.0,1.0,0.0,0.0,0.0,0.0,0.0,1.0,0.0,-4.0,-4.0,0.0,0.0,0.0,0.0
3r1rk1/pp1n1ppp/4pn2/2b5/8/1P2PN2/PB2KPPP/RN5R b - - 4 12,13,1,2,4,1832,1828,1,0,0,0,2,0,2,6,0,1,1,0,3,0,1,1,1,0,0,0,0,1,3,0,0,0,0,4,0,0,0,0,0,0,0,0,0,0,0,0,0,0,7,0,0,7,9,0,0,7,10,0,0,12,7,7,7,8,9,0,0,0,0,0,8,0.0,0.0,0.0,0.0,0.0,0.0,0.0,1.0,0.0,0.0,0.0,0.0,0.0,0.0,0.0,0.0,0.0,-1.0,0.0,0.0,0.0,0.0
r1bqk2r/ppp2ppp/1nnb4/1Q6/8/2P2N2/P4PPP/RNB1KB1R w KQkq - 0 10,13,13,3,3,1500,1518,0,2,0,4,5,6,0,0,2,1,1,1,0,0,1,1,1,0,3,3,4,0,0,0,0,0,11,0,0,0,0,0,0,0,0,0,0,0,0,0,0,0,0,7,0,0,9,0,0,7,0,0,0,0,7,7,7,8,9,10,0,12,10,0,8,0.0,1.0,0.0,0.0,0.0,0.0,0.0,0.0,0.0,0.0,0.0,1.0,0.0,0.0,0.0,0.0,4.0,4.0,0.0,0.0,0.0,0.0
rnbqk1nr/pppp1ppp/8/2b1p3/3PP3/2P5/PP3PPP/RNBQKBNR b KQkq - 0 4,7,4,5,2,1023,1178,1,2,3,4,5,6,0,3,2,1,1,1,1,0,1,1,1,0,0,0,0,0,0,0,0,0,0,4,0,1,0,0,0,0,0,0,7,7,0,0,0,0,0,7,0,0,0,0,0,7,7,0,0,0,7,7,7,8,9,10,11,12,10,9,8,0.0,0.0,0.0,0.0,0.0,1.0,0.0,0.0,0.0,0.0,0.0,0.0,0.0,1.0,0.0,0.0,-1.0,-1.0,0.0,0.0,0.0,0.0
rnbq1rk1/pp2b1pp/2p1pn2/3pNp2/3P1P2/3BP3/PPP3PP/RNBQ1RK1 w - - 3 8,4,4,5,3,1591,1594,0,2,3,4,5,0,2,6,0,1,1,0,0,4,0,1,1,0,0,1,0,1,3,0,0,0,0,0,1,9,1,0,0,0,0,0,7,0,7,0,0,0,0,0,10,7,0,0,0,7,7,7,0,0,0,7,7,8,9,10,11,0,8,12,0,0.0,1.0,0.0,0.0,0.0,0.0,0.0,0.0,0.0,0.0,1.0,0.0,0.0,0.0,0.0,0.0,2.0,1.0,0.0,0.0,0.0,0.0
8/2Q3k1/2B2pp1/4pb2/2pq4/7P/6PK/8 b - - 3 43,7,7,3,6,1856,1845,1,0,0,0,0,0,0,0,0,0,0,11,0,0,0,6,0,0,0,10,0,0,1,1,0,0,0,0,0,1,4,0,0,0,0,1,5,0,0,0,0,0,0,0,0,0,0,0,7,0,0,0,0,0,0,7,12,0,0,0,0,0,0,0,0,0.0,0.0,0.0,0.0,0.0,0.0,0.0,1.0,0.0,0.0,0.0,0.0,0.0,0.0,0.0,1.0,1.0,-1.0,0.0,0.0,0.0,0.0
r3k2r/1pp2ppp/p1n2n2/2bqp3/6b1/3P1NP1/PPPN1PBP/R1BQR1K1 b kq - 3 9,2,10,3,6,1748,1742,1,2,0,0,0,6,0,0,2,0,1,1,0,0,1,1,1,1,0,3,0,0,3,0,0,0,0,4,5,1,0,0,0,0,0,0,0,0,0,4,0,0,0,0,7,0,9,7,0,7,7,7,9,0,7,10,7,8,0,10,11,8,0,12,0,0.0,0.0,0.0,0.0,0.0,0.0,0.0,0.0,1.0,0.0,0.0,0.0,0.0,1.0,0.0,0.0,2.0,0.0,0.0,0.0,0.0,0.0
rn1q1rk1/2pbbppp/3p1n2/pB6/3PP3/2N2N2/PP3PPP/R1BQR1K1 b - - 0 10,1,1,6,3,1675,1628,1,2,3,0,5,0,2,6,0,0,0,1,4,4,1,1,1,0,0,0,1,0,3,0,0,1,10,0,0,0,0,0,0,0,0,0,7,7,0,0,0,0,0,9,0,0,9,0,0,7,7,0,0,0,7,7,7,8,0,10,11,8,0,12,0,0.0,0.0,0.0,0.0,0.0,0.0,0.0,1.0,0.0,0.0,0.0,0.0,1.0,0.0,0.0,0.0,-2.0,-2.0,0.0,0.0,0.0,0.0
r1b2rk1/pp2bpp1/1qn1pn1p/3p4/2Pp3B/1PNBPN2/P4PPP/2RQK2R w K - 0 11,8,2,4,6,1804,1767,0,2,0,4,0,0,2,6,0,1,1,0,0,4,1,1,0,0,5,3,0,1,3,0,1,0,0,0,1,0,0,0,0,0,0,7,1,0,0,0,10,0,7,9,10,7,9,0,0,7,0,0,0,0,7,7,7,0,0,8,11,12,0,0,8,0.0,0.0,0.0,1.0,0.0,0.0,0.0,0.0,0.0,0.0,0.0,0.0,0.0,1.0,0.0,0.0,-1.0,1.0,0.0,0.0,0.0,0.0
rn1qkb1r/pbppp2p/1p6/5PQp/8/3P4/PPP2PPP/RNB1K1NR b KQkq - 1 8,8,7,1,2,1180,1163,1,2,3,0,5,6,4,0,2,1,4,1,1,1,0,0,1,0,1,0,0,0,0,0,0,0,0,0,0,0,7,11,1,0,0,0,0,0,0,0,0,0,0,0,7,0,0,0,0,7,7,7,0,0,7,7,7,8,9,10,0,12,0,9,8,0.0,0.0,0.0,0.0,0.0,0.0,0.0,1.0,0.0,0.0,0.0,0.0,0.0,1.0,0.0,0.0,0.0,-1.0,0.0,0.0,0.0,0.0
rnbqk2r/ppp2pb1/3pp1pp/8/3PP3/2NBQN1P/PPP2PP1/R3K2R b KQkq - 0 9,7,3,6,3,1538,1537,1,2,3,4,5,6,0,0,2,1,1,1,0,0,1,4,0,0,0,0,1,1,0,1,1,0,0,0,0,0,0,0,0,0,0,0,7,7,0,0,0,0,0,9,10,11,9,0,7,7,7,7,0,0,7,7,0,8,0,0,0,12,0,0,8,0.0,0.0,0.0,0.0,0.0,0.0,0.0,0.0,1.0,0.0,1.0,0.0,0.0,0.0,0.0,0.0,1.0,-2.0,0.0,0.0,0.0,0.0
r2qk1nr/pbpnbp2/1p1pp3/8/P2P2p1/2P1PN2/1P2BPPB/RN1Q1RK1 w kq - 0 12,7,3,3,3,1990,1926,0,2,0,0,5,6,0,3,2,1,4,1,3,4,1,0,0,0,1,0,1,1,0,0,0,0,0,0,0,0,0,0,0,7,0,0,7,0,0,1,0,0,0,7,0,7,9,0,0,0,7,0,0,10,7,7,10,8,9,0,11,0,8,12,0,0.0,0.0,0.0,1.0,0.0,0.0,0.0,0.0,0.0,0.0,0.0,0.0,0.0,0.0,1.0,0.0,-2.0,-1.0,0.0,0.0,0.0,0.0
r2q1rk1/2pb1ppp/p1n1pn2/1p6/1PBP4/P1B1PN2/5PPP/R2Q1RK1 w - - 0 12,1,1,4,4,1829,1834,0,2,0,0,5,0,2,6,0,0,0,1,4,0,1,1,1,1,0,3,0,1,3,0,0,0,1,0,0,0,0,0,0,0,7,10,7,0,0,0,0,7,0,10,0,7,9,0,0,0,0,0,0,0,7,7,7,8,0,0,11,0,8,12,0,0.0,0.0,0.0,0.0,1.0,0.0,0.0,0.0,0.0,0.0,0.0,1.0,0.0,0.0,0.0,0.0,2.0,-2.0,0.0,0.0,0.0,0.0
7k/1p4p1/7p/3R1r2/4p1q1/2P1Q2P/PP3PP1/6K1 b - - 0 31,2,2,4,4,1910,1923,1,0,0,0,0,0,0,0,6,0,1,0,0,0,0,1,0,0,0,0,0,0,0,0,1,0,0,0,8,0,2,0,0,0,0,0,0,1,0,5,0,0,0,7,0,11,0,0,7,7,7,0,0,0,7,7,0,0,0,0,0,0,0,12,0,0.0,0.0,0.0,0.0,1.0,0.0,0.0,0.0,0.0,0.0,0.0,0.0,0.0,0.0,0.0,1.0,-1.0,0.0,0.0,0.0,0.0,0.0
b1r3k1/5ppp/p7/8/8/P2q1PB1/1P5P/R5RK b - - 1 30,7,1,2,3,2088,2073,1,4,0,2,0,0,0,6,0,0,0,0,0,0,1,1,1,1,0,0,0,0,0,0,0,0,0,0,0,0,0,0,0,0,0,0,0,0,0,0,0,7,0,0,5,0,7,10,0,0,7,0,0,0,0,0,7,8,0,0,0,0,0,8,12,0.0,0.0,0.0,0.0,0.0,0.0,0.0,0.0,1.0,0.0,0.0,1.0,0.0,0.0,0.0,0.0,3.0,0.0,0.0,0.0,0.0,0.0
rnbq1rk1/pp2bppp/5n2/3p2B1/3N4/2N1P3/PP2BPPP/R2QK2R b KQ - 0 9,8,1,4,3,1669,1664,1,2,3,4,5,0,2,6,0,1,1,0,0,4,1,1,1,0,0,0,0,0,3,0,0,0,0,0,1,0,0,10,0,0,0,0,9,0,0,0,0,0,0,9,0,7,0,0,0,7,7,0,0,10,7,7,7,8,0,0,11,12,0,0,8,0.0,0.0,0.0,0.0,0.0,0.0,0.0,0.0,1.0,0.0,1.0,0.0,0.0,0.0,0.0,0.0,1.0,-2.0,0.0,0.0,0.0,0.0
rnbqr1k1/pp2bpp1/2p1pn1p/3p4/3P2P1/P1N1P2P/1PPBNP2/R2QKB1R w KQ - 1 9,5,2,5,3,1519,1521,0,2,3,4,5,2,0,6,0,1,1,0,0,4,1,1,0,0,0,1,0,1,3,0,1,0,0,0,1,0,0,0,0,0,0,0,7,0,0,7,0,7,0,9,0,7,0,0,7,0,7,7,10,9,7,0,0,8,0,0,11,12,10,0,8,0.0,0.0,1.0,0.0,0.0,0.0,0.0,0.0,0.0,0.0,0.0,0.0,0.0,1.0,0.0,0.0,1.0,2.0,0.0,0.0,0.0,0.0
rn1qkbnr/1bpp1pp1/p3p2p/8/1p1PP3/P2B1N2/1PPN1PPP/R1BQK2R w KQkq - 0 7,7,2,6,2,1439,1417,0,2,3,0,5,6,4,3,2,0,4,1,1,0,1,1,0,1,0,0,0,1,0,0,1,0,0,0,0,0,0,0,0,0,1,0,7,7,0,0,0,7,0,0,10,0,9,0,0,0,7,7,9,0,7,7,7,8,0,10,11,12,0,0,8,0.0,0.0,0.0,1.0,0.0,0.0,0.0,0.0,0.0,1.0,0.0,0.0,0.0,0.0,0.0,0.0,1.0,1.0,0.0,0.0,0.0,0.0
3rk3/1p4p1/2pb4/p4P2/P3b1P1/2P3K1/4rB2/R7 w - - 3 30,8,19,1,4,713,739,0,0,0,0,2,6,0,0,0,0,1,0,0,0,0,1,0,0,0,1,4,0,0,0,0,1,0,0,0,0,7,0,0,7,0,0,0,4,0,7,0,0,0,7,0,0,0,12,0,0,0,0,0,2,10,0,0,8,0,0,0,0,0,0,0,0.0,0.0,0.0,1.0,0.0,0.0,0.0,0.0,0.0,0.0,0.0,0.0,0.0,0.0,0.0,1.0,1.0,1.0,0.0,0.0,0.0,0.0
rnbqkbnr/pppp1ppp/8/4N3/8/8/PPPPPPPP/RNBQKB1R b KQkq - 0 2,1,7,1,0,1455,1647,1,2,3,4,5,6,4,3,2,1,1,1,1,0,1,1,1,0,0,0,0,0,0,0,0,0,0,0,0,9,0,0,0,0,0,0,0,0,0,0,0,0,0,0,0,0,0,0,0,7,7,7,7,7,7,7,7,8,9,10,11,12,10,0,8,0.0,0.0,0.0,0.0,0.0,0.0,0.0,0.0,1.0,0.0,1.0,0.0,0.0,0.0,0.0,0.0,1.0,-2.0,0.0,0.0,0.0,0.0
rnbqkb1r/pppp1ppp/5n2/4p3/4P3/2N2N2/PPPP1PPP/R1BQKB1R b KQkq - 3 3,4,4,5,4,992,924,1,2,3,4,5,6,4,0,2,1,1,1,1,0,1,1,1,0,0,0,0,0,3,0,0,0,0,0,0,1,0,0,0,0,0,0,0,7,0,0,0,0,0,9,0,0,9,0,0,7,7,7,7,0,7,7,7,8,0,10,11,12,10,0,8,0.0,0.0,0.0,0.0,0.0,0.0,0.0,0.0,1.0,0.0,1.0,0.0,0.0,0.0,0.0,0.0,1.0,-2.0,0.0,0.0,0.0,0.0
r1bqk2r/ppp2ppp/2n1p3/4P3/2BPn3/2P2N2/P1Q2PPP/R1B1K2R b KQkq - 2 9,10,8,6,4,1306,1292,1,2,0,4,5,6,0,0,2,1,1,1,0,0,1,1,1,0,0,3,0,1,0,0,0,0,0,0,0,7,0,0,0,0,0,10,7,3,0,0,0,0,0,7,0,0,9,0,0,7,0,11,0,0,7,7,7,8,0,10,0,12,0,0,8,0.0,0.0,0.0,0.0,1.0,0.0,0.0,0.0,0.0,0.0,0.0,0.0,0.0,1.0,0.0,0.0,1.0,-2.0,0.0,0.0,0.0,0.0
rn1qkbnr/ppp2ppp/4p3/3p1b2/8/5NP1/PPPPPPBP/RNBQK2R w KQkq - 0 4,1,5,2,3,1697,1683,0,2,3,0,5,6,4,3,2,1,1,1,0,0,1,1,1,0,0,0,0,1,0,0,0,0,0,0,1,0,4,0,0,0,0,0,0,0,0,0,0,0,0,0,0,0,9,7,0,7,7,7,7,7,7,10,7,8,9,10,11,12,0,0,8,0.0,1.0,0.0,0.0,0.0,0.0,0.0,0.0,0.0,0.0,0.0,0.0,0.0,1.0,0.0,0.0,2.0,0.0,0.0,0.0,0.0,0.0
r1bqkbnr/ppp1pppp/2n5/3p4/8/1P4P1/PBPPPP1P/RN1QKBNR b KQkq - 0 3,1,4,2,5,1349,1461,1,2,0,4,5,6,4,3,2,1,1,1,0,1,1,1,1,0,0,3,0,0,0,0,0,0,0,0,1,0,0,0,0,0,0,0,0,0,0,0,0,0,7,0,0,0,0,7,0,7,10,7,7,7,7,0,7,8,9,0,11,12,10,9,8,0.0,0.0,0.0,0.0,0.0,0.0,0.0,1.0,0.0,0.0,0.0,0.0,0.0,1.0,0.0,0.0,0.0,-2.0,0.0,0.0,0.0,0.0
rnbqkbnr/pp2pppp/2p5/3p4/4P3/5N2/PPPP1PPP/RNBQKB1R w KQkq - 0 3,4,4,4,3,1914,1855,0,2,3,4,5,6,4,3,2,1,1,0,0,1,1,1,1,0,0,1,0,0,0,0,0,0,0,0,1,0,0,0,0,0,0,0,0,7,0,0,0,0,0,0,0,0,9,0,0,7,7,7,7,0,7,7,7,8,9,10,11,12,10,0,8,0.0,1.0,0.0,0.0,0.0,0.0,0.0,0.0,0.0,0.0,1.0,0.0,0.0,0.0,0.0,0.0,1.0,2.0,0.0,0.0,0.0,0.0
q4bnr/4kp1p/p3p1p1/3p1b2/3P4/2N5/PPP2PPP/R1BQ1RK1 w - - 0 12,1,8,5,3,1058,998,0,5,0,0,0,0,4,3,2,0,0,0,0,6,1,0,1,1,0,0,0,1,0,1,0,0,0,0,1,0,4,0,0,0,0,0,7,0,0,0,0,0,0,9,0,0,0,0,0,7,7,7,0,0,7,7,7,8,0,10,11,0,8,12,0,0.0,1.0,0.0,0.0,0.0,0.0,0.0,0.0,0.0,0.0,0.0,1.0,0.0,0.0,0.0,0.0,4.0,4.0,0.0,0.0,0.0,0.0
rnbqkbnr/ppp1pppp/8/3p4/2PP4/8/PP2PPPP/RNBQKBNR b KQkq - 0 2,4,4,4,3,1674,1629,1,2,3,4,5,6,4,3,2,1,1,1,0,1,1,1,1,0,0,0,0,0,0,0,0,0,0,0,1,0,0,0,0,0,0,7,7,0,0,0,0,0,0,0,0,0,0,0,0,7,7,0,0,7,7,7,7,8,9,10,11,12,10,9,8,0.0,0.0,0.0,0.0,0.0,1.0,0.0,0.0,0.0,0.0,0.0,0.0,1.0,0.0,0.0,0.0,-1.0,-1.0,0.0,0.0,0.0,0.0
r2r2k1/1p4pp/4p3/2P5/5Q2/P6P/1B4P1/4n1K1 w - - 3 28,8,7,3,2,1805,1742,0,2,0,0,2,0,0,6,0,0,1,0,0,0,0,1,1,0,0,0,0,1,0,0,0,0,0,7,0,0,0,0,0,0,0,0,0,0,11,0,0,7,0,0,0,0,0,0,7,0,10,0,0,0,0,7,0,0,0,0,0,3,0,12,0,0.0,0.0,0.0,0.0,1.0,0.0,0.0,0.0,0.0,0.0,0.0,0.0,0.0,0.0,1.0,0.0,-1.0,1.0,0.0,0.0,0.0,0.0
1r3r1k/p5p1/1q1PQ2p/8/8/P4R2/1P4P1/5R1K w - - 1 34,7,2,3,1,2052,2043,0,0,2,0,0,0,2,0,6,1,0,0,0,0,0,1,0,0,5,0,7,11,0,0,1,0,0,0,0,0,0,0,0,0,0,0,0,0,0,0,0,7,0,0,0,0,8,0,0,0,7,0,0,0,0,7,0,0,0,0,0,0,8,0,12,0.0,0.0,0.0,1.0,0.0,0.0,0.0,0.0,0.0,0.0,0.0,0.0,0.0,0.0,1.0,0.0,0.0,5.0,0.0,0.0,0.0,0.0
r2qkb1r/ppp3pp/2n5/3p1p1b/3P4/2P1PN1P/P3BPP1/R1BQ1RK1 b kq - 0 11,2,13,3,5,1363,1321,1,2,0,0,5,6,4,0,2,1,1,1,0,0,0,1,1,0,0,3,0,0,0,0,0,0,0,0,1,0,1,0,4,0,0,0,7,0,0,0,0,0,0,7,0,7,9,0,7,7,0,0,0,10,7,7,0,8,0,10,11,0,8,12,0,0.0,0.0,0.0,0.0,0.0,0.0,0.0,0.0,1.0,0.0,0.0,0.0,0.0,0.0,1.0,0.0,-2.0,-2.0,0.0,0.0,0.0,0.0
r4rk1/ppp1npp1/7p/2b1p3/8/2PP1B2/PP4PP/2KR3R b - - 2 21,3,2,3,3,1572,1567,1,2,0,0,0,0,2,6,0,1,1,1,0,3,1,1,0,0,0,0,0,0,0,0,1,0,0,4,0,1,0,0,0,0,0,0,0,0,0,0,0,0,0,7,7,0,10,0,0,7,7,0,0,0,0,7,7,0,0,12,8,0,0,0,8,0.0,0.0,0.0,0.0,0.0,0.0,0.0,1.0,0.0,0.0,0.0,0.0,0.0,1.0,0.0,0.0,2.0,-1.0,0.0,0.0,0.0,0.0
r4rk1/2qn1pp1/2p1p2p/p2p1P2/3P4/2PQ1N1P/PP4Pb/R4RK1 w - - 0 18,8,2,4,4,2025,1994,0,2,0,0,0,0,2,6,0,0,0,5,3,0,1,1,0,0,0,1,0,1,0,0,1,1,0,0,1,0,7,0,0,0,0,0,7,0,0,0,0,0,0,7,11,0,9,0,7,7,7,0,0,0,0,7,4,8,0,0,0,0,8,12,0,0.0,0.0,0.0,1.0,0.0,0.0,0.0,0.0,0.0,0.0,0.0,0.0,0.0,0.0,1.0,0.0,2.0,-1.0,0.0,0.0,0.0,0.0
rnbqkbnr/pppppppp/8/8/4P3/8/PPPP1PPP/RNBQKBNR b KQkq - 0 1,4,1,2,0,1385,1420,1,2,3,4,5,6,4,3,2,1,1,1,1,1,1,1,1,0,0,0,0,0,0,0,0,0,0,0,0,0,0,0,0,0,0,0,0,7,0,0,0,0,0,0,0,0,0,0,0,7,7,7,7,0,7,7,7,8,9,10,11,12,10,9,8,0.0,0.0,0.0,0.0,0.0,0.0,0.0,1.0,0.0,0.0,0.0,0.0,0.0,1.0,0.0,0.0,0.0,-2.0,0.0,0.0,0.0,0.0
2r2rk1/pp1q1pp1/2nb1n1p/2p1pN2/3pP3/2PP1NPb/PPQ2P1P/R1B1R1KB b - - 1 14,2,2,5,6,2351,2329,1,0,0,2,0,0,2,6,0,1,1,0,5,0,1,1,0,0,0,3,4,0,3,0,1,0,0,1,0,1,9,0,0,0,0,0,1,7,0,0,0,0,0,7,7,0,9,7,4,7,7,11,0,0,7,0,7,8,0,10,0,8,0,12,10,0.0,0.0,0.0,1.0,0.0,0.0,0.0,0.0,0.0,0.0,0.0,0.0,0.0,0.0,0.0,0.0,-2.0,2.0,0.0,0.0,0.0,0.0
rnbqkbnr/ppp1pppp/8/8/3Pp3/8/PPP2PPP/RNBQKBNR w KQkq - 0 3,10,7,3,3,1856,1900,0,2,3,4,5,6,4,3,2,1,1,1,0,1,1,1,1,0,0,0,0,0,0,0,0,0,0,0,0,0,0,0,0,0,0,0,7,1,0,0,0,0,0,0,0,0,0,0,0,7,7,7,0,0,7,7,7,8,9,10,11,12,10,9,8,0.0,1.0,0.0,0.0,0.0,0.0,0.0,0.0,0.0,0.0,1.0,0.0,0.0,0.0,0.0,0.0,1.0,2.0,0.0,0.0,0.0,0.0
r1bqkbnr/pp2nppp/8/4p3/3pP3/1BP2N2/PP3PPP/RNBQK2R b KQkq - 2 7,10,10,4,4,2082,2067,1,2,0,4,5,6,4,3,2,1,1,0,0,3,1,1,1,0,0,0,0,0,0,0,0,0,0,0,0,1,0,0,0,0,0,0,1,7,0,0,0,0,10,7,0,0,9,0,0,7,7,0,0,0,7,7,7,8,9,10,11,12,0,0,8,0.0,0.0,0.0,0.0,0.0,0.0,0.0,0.0,1.0,0.0,0.0,0.0,0.0,0.0,0.0,1.0,-1.0,-2.0,0.0,0.0,0.0,0.0
r3r1k1/1pp2pb1/p4q2/1PpP4/4P1R1/3B1N2/PP1Q1PP1/1K5R b - - 0 22,7,13,6,3,1829,1819,1,2,0,0,0,2,0,6,0,0,1,1,0,0,1,4,0,1,0,0,0,0,5,0,0,0,7,1,7,0,0,0,0,0,0,0,0,7,0,8,0,0,0,0,10,0,9,0,0,7,7,0,11,0,7,7,0,0,12,0,0,0,0,0,8,0.0,0.0,0.0,0.0,0.0,0.0,1.0,0.0,0.0,1.0,0.0,0.0,0.0,0.0,0.0,0.0,1.0,-1.0,0.0,0.0,0.0,0.0
rnbqkbnr/pppppppp/8/8/8/P7/1PPPPPPP/RNBQKBNR b KQkq - 0 1,1,1,0,0,1075,956,1,2,3,4,5,6,4,3,2,1,1,1,1,1,1,1,1,0,0,0,0,0,0,0,0,0,0,0,0,0,0,0,0,0,0,0,0,0,0,0,0,7,0,0,0,0,0,0,0,0,7,7,7,7,7,7,7,8,9,10,11,12,10,9,8,0.0,0.0,0.0,0.0,0.0,0.0,0.0,1.0,0.0,0.0,0.0,1.0,0.0,0.0,0.0,0.0,0.0,-2.0,0.0,0.0,0.0,0.0
r4r2/2p3kp/1p1p4/3Pp2P/p1P1n3/6N1/PPK5/2R5 b - - 1 26,11,19,3,4,1530,1562,1,2,0,0,0,0,2,0,0,0,0,1,0,0,0,6,1,0,1,0,1,0,0,0,0,0,0,0,7,1,0,0,7,1,0,7,0,3,0,0,0,0,0,0,0,0,0,9,0,7,7,12,0,0,0,0,0,0,0,8,0,0,0,0,0,0.0,0.0,0.0,0.0,1.0,0.0,0.0,0.0,0.0,0.0,0.0,0.0,0.0,1.0,0.0,0.0,2.0,-1.0,0.0,0.0,0.0,0.0
rnbqkbnr/pppppppp/8/8/3P4/8/PPP1PPPP/RNBQKBNR b KQkq - 0 1,4,1,3,0,1774,1799,1,2,3,4,5,6,4,3,2,1,1,1,1,1,1,1,1,0,0,0,0,0,0,0,0,0,0,0,0,0,0,0,0,0,0,0,7,0,0,0,0,0,0,0,0,0,0,0,0,7,7,7,0,7,7,7,7,8,9,10,11,12,10,9,8,0.0,0.0,0.0,0.0,0.0,0.0,0.0,1.0,0.0,0.0,0.0,1.0,0.0,0.0,0.0,0.0,0.0,-2.0,0.0,0.0,0.0,0.0
r7/5k2/p1n1b2p/1P4p1/5n2/3q1PN1/PP1p2KP/R2Q1R2 w - - 1 30,13,14,1,4,2184,2115,0,2,0,0,0,0,0,0,0,0,0,0,0,0,6,0,0,1,0,3,0,4,0,0,1,0,7,0,0,0,0,1,0,0,0,0,0,0,3,0,0,0,0,0,5,0,7,9,0,7,7,0,1,0,0,12,7,8,0,0,11,0,8,0,0,0.0,0.0,1.0,0.0,0.0,0.0,0.0,0.0,0.0,0.0,0.0,0.0,0.0,0.0,0.0,1.0,1.0,-1.0,0.0,0.0,0.0,0.0
1n4R1/1r3k2/pp2pNp1/3qP1Q1/8/2p5/PP5P/R5K1 w - - 4 30,13,7,4,5,1616,1634,0,0,3,0,0,0,0,8,0,0,2,0,0,0,6,0,0,1,1,0,0,1,9,1,0,0,0,0,5,7,0,11,0,0,0,0,0,0,0,0,0,0,0,1,0,0,0,0,0,7,7,0,0,0,0,0,7,8,0,0,0,0,0,12,0,0.0,0.0,0.0,0.0,0.0,1.0,0.0,0.0,0.0,0.0,0.0,0.0,0.0,0.0,0.0,1.0,0.0,1.0,0.0,0.0,0.0,0.0
r1bq1rk1/pp3pbp/3p1np1/6B1/3pP3/3B4/PPPQNPPP/R3K2R b KQ - 1 11,10,2,4,4,1744,1720,1,2,0,4,5,0,2,6,0,1,1,0,0,0,1,4,1,0,0,0,1,0,3,1,0,0,0,0,0,0,0,10,0,0,0,0,1,7,0,0,0,0,0,0,10,0,0,0,0,7,7,7,11,9,7,7,7,8,0,0,0,12,0,0,8,0.0,0.0,0.0,0.0,0.0,0.0,1.0,0.0,0.0,0.0,0.0,0.0,1.0,0.0,0.0,0.0,0.0,-1.0,0.0,0.0,0.0,0.0
5rk1/4pp1p/p2pn1p1/1p6/3PB2Q/P3P1P1/1P3PPK/3r4 b - - 3 25,7,2,6,2,2233,2297,1,0,0,0,0,0,2,6,0,0,0,0,0,1,1,0,1,1,0,0,1,3,0,1,0,0,1,0,0,0,0,0,0,0,0,0,7,10,0,0,11,7,0,0,0,7,0,7,0,0,7,0,0,0,7,7,12,0,0,0,2,0,0,0,0,0.0,1.0,0.0,0.0,0.0,0.0,0.0,0.0,0.0,0.0,0.0,0.0,1.0,0.0,0.0,0.0,0.0,1.0,0.0,0.0,0.0,0.0
r2qkb1r/pp1nppp1/5np1/3P4/Q1P5/2N5/PP3PPP/R1B1K1NR b KQkq - 3 10,13,7,3,3,1570,1613,1,2,0,0,5,6,4,0,2,1,1,0,3,1,1,1,0,0,0,0,0,0,3,1,0,0,0,0,7,0,0,0,0,11,0,7,0,0,0,0,0,0,0,9,0,0,0,0,0,7,7,0,0,0,7,7,7,8,0,10,0,12,0,9,8,0.0,0.0,0.0,0.0,0.0,0.0,0.0,0.0,1.0,0.0,0.0,0.0,1.0,0.0,0.0,0.0,-1.0,-1.0,0.0,0.0,0.0,0.0
8/3B4/p2p3p/2pPp3/P1P1KbPk/5P2/8/8 b - - 8 52,13,13,6,3,1773,1863,1,0,0,0,0,0,0,0,0,0,0,0,10,0,0,0,0,1,0,0,1,0,0,0,1,0,0,1,7,1,0,0,0,7,0,7,0,12,4,7,6,0,0,0,0,0,7,0,0,0,0,0,0,0,0,0,0,0,0,0,0,0,0,0,0,0.0,0.0,0.0,0.0,1.0,0.0,0.0,0.0,0.0,0.0,0.0,0.0,0.0,0.0,0.0,0.0,-1.0,-1.0,0.0,0.0,0.0,0.0
rn1q1rk1/p3bppp/bpp1p3/2PpP3/1P1Pn3/P5P1/5PBP/RNBQ1KNR w - - 1 11,8,1,5,4,1999,1847,0,2,3,0,5,0,2,6,0,1,0,0,0,4,1,1,1,4,1,1,0,1,0,0,0,0,0,7,1,7,0,0,0,0,7,0,7,3,0,0,0,7,0,0,0,0,0,7,0,0,0,0,0,0,7,10,7,8,9,10,11,0,12,9,8,0.0,1.0,0.0,0.0,0.0,0.0,0.0,0.0,0.0,0.0,0.0,0.0,0.0,0.0,1.0,0.0,-1.0,0.0,0.0,0.0,0.0,0.0
rnbqkbnr/pppppppp/8/8/8/8/PPPPPPPP/RNBQKBNR w KQkq - 0 1,1,1,0,0,1507,1549,0,2,3,4,5,6,4,3,2,1,1,1,1,1,1,1,1,0,0,0,0,0,0,0,0,0,0,0,0,0,0,0,0,0,0,0,0,0,0,0,0,0,0,0,0,0,0,0,0,7,7,7,7,7,7,7,7,8,9,10,11,12,10,9,8,0.0,0.0,1.0,0.0,0.0,0.0,0.0,0.0,0.0,0.0,0.0,0.0,0.0,1.0,0.0,0.0,0.0,2.0,0.0,0.0,0.0,0.0
2kr1b1r/ppp2p1p/8/2q2p2/8/2N2PK1/PPP1N1PP/R6R b - - 3 18,19,7,3,4,1397,1374,1,0,0,6,2,0,4,0,2,1,1,1,0,0,1,0,1,0,0,0,0,0,0,0,0,0,0,5,0,0,1,0,0,0,0,0,0,0,0,0,0,0,0,9,0,0,7,12,0,7,7,7,0,9,0,7,7,8,0,0,0,0,0,0,8,0.0,0.0,0.0,0.0,0.0,0.0,0.0,0.0,1.0,0.0,0.0,0.0,0.0,0.0,1.0,0.0,-2.0,-2.0,0.0,0.0,0.0,0.0
r1bqk2r/p2n1ppp/2p1p3/2bpP3/8/2N2N2/PPP2PPP/R1BQ1RK1 b kq - 1 9,1,5,5,5,1676,1671,1,2,0,4,5,6,0,0,2,1,0,0,3,0,1,1,1,0,0,1,0,1,0,0,0,0,0,4,1,7,0,0,0,0,0,0,0,0,0,0,0,0,0,9,0,0,9,0,0,7,7,7,0,0,7,7,7,8,0,10,11,0,8,12,0,0.0,0.0,0.0,0.0,0.0,1.0,0.0,0.0,0.0,0.0,0.0,1.0,0.0,0.0,0.0,0.0,-1.0,1.0,0.0,0.0,0.0,0.0
r2qk1nr/nppbbpp1/p2pp2p/8/2PPP3/2N2NP1/PP3PBP/R1BQ1RK1 w kq - 1 9,2,3,6,2,1923,1956,0,2,0,0,5,6,0,3,2,3,1,1,4,4,1,1,0,1,0,0,1,1,0,0,1,0,0,0,0,0,0,0,0,0,0,7,7,7,0,0,0,0,0,9,0,0,9,7,0,7,7,0,0,0,7,10,7,8,0,10,11,0,8,12,0,0.0,0.0,0.0,0.0,1.0,0.0,0.0,0.0,0.0,0.0,0.0,0.0,0.0,1.0,0.0,0.0,0.0,1.0,0.0,0.0,0.0,0.0
r2qr1k1/ppp1bp2/5n1p/4p3/P3P1b1/2PP4/1P2B3/RN1QK1NR w KQ - 0 16,11,8,4,4,1106,1075,0,2,0,0,5,2,0,6,0,1,1,1,0,4,1,0,0,0,0,0,0,0,3,0,1,0,0,0,0,1,0,0,0,7,0,0,0,7,0,4,0,0,0,7,7,0,0,0,0,0,7,0,0,10,0,0,0,8,9,0,11,12,0,9,8,0.0,0.0,1.0,0.0,0.0,0.0,0.0,0.0,0.0,0.0,0.0,0.0,0.0,1.0,0.0,0.0,2.0,2.0,0.0,0.0,0.0,0.0
rn2qrk1/ppp1nbbp/3pppp1/8/3PP1NB/2PB3P/PP1N1PP1/R2Q1RK1 b - - 4 12,2,3,6,2,1466,1470,1,2,3,0,0,5,2,6,0,1,1,1,0,3,4,4,1,0,0,0,1,1,1,1,0,0,0,0,0,0,0,0,0,0,0,0,7,7,0,9,10,0,0,7,10,0,0,0,7,7,7,0,9,0,7,7,0,8,0,0,11,0,8,12,0,0.0,0.0,0.0,0.0,0.0,0.0,0.0,0.0,1.0,0.0,1.0,0.0,0.0,0.0,0.0,0.0,2.0,-1.0,0.0,0.0,0.0,0.0
rnbqkbnr/pppppppp/8/8/8/8/PPPPPPPP/RNBQKBNR w KQkq - 0 1,1,1,0,0,962,818,0,2,3,4,5,6,4,3,2,1,1,1,1,1,1,1,1,0,0,0,0,0,0,0,0,0,0,0,0,0,0,0,0,0,0,0,0,0,0,0,0,0,0,0,0,0,0,0,0,7,7,7,7,7,7,7,7,8,9,10,11,12,10,9,8,0.0,0.0,1.0,0.0,0.0,0.0,0.0,0.0,0.0,0.0,0.0,0.0,0.0,1.0,0.0,0.0,0.0,2.0,0.0,0.0,0.0,0.0
rnb1kb1r/ppp3pp/3p4/3np3/4P3/1P6/PP1P1PPP/R1B1K1NR b KQkq - 0 8,4,11,2,4,1617,1585,1,2,3,4,0,6,4,0,2,1,1,1,0,0,0,1,1,0,0,0,1,0,0,0,0,0,0,0,3,1,0,0,0,0,0,0,0,7,0,0,0,0,7,0,0,0,0,0,0,7,7,0,7,0,7,7,7,8,0,10,0,12,0,9,8,0.0,0.0,0.0,0.0,0.0,1.0,0.0,0.0,0.0,0.0,0.0,0.0,1.0,0.0,0.0,0.0,-2.0,-1.0,0.0,0.0,0.0,0.0
r2q1rk1/pppb1ppp/2nbp3/3p4/3P2n1/2PQPNB1/PPB2PPP/RN2K2R b KQ - 8 9,5,1,4,5,1225,1211,1,2,0,0,5,0,2,6,0,1,1,1,4,0,1,1,1,0,0,3,4,1,0,0,0,0,0,0,1,0,0,0,0,0,0,0,7,0,0,3,0,0,0,7,11,7,9,10,0,7,7,10,0,0,7,7,7,8,9,0,0,12,0,0,8,0.0,0.0,0.0,0.0,0.0,0.0,0.0,1.0,0.0,0.0,0.0,0.0,0.0,0.0,0.0,1.0,0.0,-1.0,0.0,0.0,0.0,0.0
rnbqkbnr/ppp1pppp/3p4/8/3P4/8/PPP1PPPP/RNBQKBNR w KQkq - 0 2,4,2,3,1,2034,1994,0,2,3,4,5,6,4,3,2,1,1,1,0,1,1,1,1,0,0,0,1,0,0,0,0,0,0,0,0,0,0,0,0,0,0,0,7,0,0,0,0,0,0,0,0,0,0,0,0,7,7,7,0,7,7,7,7,8,9,10,11,12,10,9,8,0.0,1.0,0.0,0.0,0.0,0.0,0.0,0.0,0.0,0.0,0.0,0.0,0.0,0.0,0.0,1.0,-1.0,2.0,0.0,0.0,0.0,0.0
1r3rk1/2p1n1pp/1p2q3/3ppp2/1P6/2PP1B2/P2N1PPP/R2Q1RK1 w - - 0 19,1,4,3,6,1858,1876,0,0,2,0,0,0,2,6,0,0,0,1,0,3,0,1,1,0,1,0,0,5,0,0,0,0,0,0,1,1,1,0,0,0,7,0,0,0,0,0,0,0,0,7,7,0,10,0,0,7,0,0,9,0,7,7,7,8,0,0,11,0,8,12,0,0.0,1.0,0.0,0.0,0.0,0.0,0.0,0.0,0.0,0.0,0.0,0.0,1.0,0.0,0.0,0.0,-2.0,2.0,0.0,0.0,0.0,0.0
r2qk2r/pbpnnpbp/1p1pp1p1/8/3P1B2/2PBPN2/PP1N1PPP/R2QR1K1 b kq - 2 9,1,3,4,4,1130,1146,1,2,0,0,5,6,0,0,2,1,4,1,3,3,1,4,1,0,1,0,1,1,0,1,0,0,0,0,0,0,0,0,0,0,0,0,7,0,10,0,0,0,0,7,10,7,9,0,0,7,7,0,9,0,7,7,7,8,0,0,11,8,0,12,0,0.0,0.0,0.0,0.0,0.0,0.0,1.0,0.0,0.0,0.0,0.0,0.0,0.0,1.0,0.0,0.0,0.0,-1.0,0.0,0.0,0.0,0.0
r1bq1rk1/pp1n1ppp/2p2n2/3pp3/3P4/2NBPP2/PPPQN1PP/R3K2R b KQ - 1 10,6,1,5,6,2115,2214,1,2,0,4,5,0,2,6,0,1,1,0,3,0,1,1,1,0,0,1,0,0,3,0,0,0,0,0,1,1,0,0,0,0,0,0,7,0,0,0,0,0,0,9,10,7,7,0,0,7,7,7,11,9,0,7,7,8,0,0,0,12,0,0,8,0.0,0.0,0.0,0.0,0.0,1.0,0.0,0.0,0.0,0.0,0.0,0.0,0.0,1.0,0.0,0.0,0.0,-1.0,0.0,0.0,0.0,0.0
r1q3k1/pp3pp1/7p/3Q4/1P3P2/PB1P2Pb/5K1P/4R3 w - - 1 27,8,2,5,0,1688,1697,0,2,0,5,0,0,0,6,0,1,1,0,0,0,1,1,0,0,0,0,0,0,0,0,1,0,0,0,11,0,0,0,0,0,7,0,0,0,7,0,0,7,10,0,7,0,0,7,4,0,0,0,0,0,12,0,7,0,0,0,0,8,0,0,0,0.0,0.0,0.0,0.0,0.0,1.0,0.0,0.0,0.0,0.0,0.0,0.0,1.0,0.0,0.0,0.0,2.0,2.0,0.0,0.0,0.0,0.0
r1b3nr/pppp1kp1/5q1p/8/4P3/2P5/P4PPP/R1BQ1RK1 b - - 0 11,1,19,3,2,1856,1830,1,2,0,4,0,0,0,3,2,1,1,1,1,0,6,1,0,0,0,0,0,0,5,0,1,0,0,0,0,0,0,0,0,0,0,0,0,7,0,0,0,0,0,7,0,0,0,0,0,7,0,0,0,0,7,7,7,8,0,10,11,0,8,12,0,0.0,0.0,0.0,0.0,0.0,0.0,0.0,0.0,1.0,0.0,0.0,0.0,0.0,0.0,0.0,1.0,-2.0,-1.0,0.0,0.0,0.0,0.0
rnb1kbnr/ppp1pppp/8/q7/8/2N2N2/PPPP1PPP/R1BQKB1R b KQkq - 3 4,7,7,4,2,1753,1785,1,2,3,4,0,6,4,3,2,1,1,1,0,1,1,1,1,0,0,0,0,0,0,0,0,5,0,0,0,0,0,0,0,0,0,0,0,0,0,0,0,0,0,9,0,0,9,0,0,7,7,7,7,0,7,7,7,8,0,10,11,12,10,0,8,0.0,0.0,0.0,0.0,0.0,0.0,0.0,1.0,0.0,0.0,0.0,1.0,0.0,0.0,0.0,0.0,0.0,-1.0,0.0,0.0,0.0,0.0
5rk1/1q5p/1P1p1p1b/4p1p1/Q3n3/4PN1P/6K1/1R3R2 b - - 0 28,13,5,3,6,1292,1345,1,0,0,0,0,0,2,6,0,0,5,0,0,0,0,0,1,0,7,0,1,0,1,0,4,0,0,0,0,1,0,1,0,11,0,0,0,3,0,0,0,0,0,0,0,7,9,0,7,0,0,0,0,0,0,12,0,0,8,0,0,0,8,0,0,0.0,0.0,0.0,0.0,1.0,0.0,0.0,0.0,0.0,0.0,0.0,0.0,0.0,1.0,0.0,0.0,-1.0,-2.0,0.0,0.0,0.0,0.0
rnbqkbnr/ppp1pppp/8/8/8/2N5/PPPP1PPP/R1BQKBNR w KQkq - 2 4,7,7,2,2,1817,1819,0,2,3,4,5,6,4,3,2,1,1,1,0,1,1,1,1,0,0,0,0,0,0,0,0,0,0,0,0,0,0,0,0,0,0,0,0,0,0,0,0,0,0,9,0,0,0,0,0,7,7,7,7,0,7,7,7,8,0,10,11,12,10,9,8,0.0,1.0,0.0,0.0,0.0,0.0,0.0,0.0,0.0,0.0,0.0,0.0,0.0,0.0,0.0,1.0,-1.0,2.0,0.0,0.0,0.0,0.0
rnbqkbnr/5ppp/2p1p3/1p6/4P3/8/PP3PPP/RNBQKBNR w KQkq - 0 7,10,8,3,2,1978,2029,0,2,3,4,5,6,4,3,2,0,0,0,0,0,1,1,1,0,0,1,0,1,0,0,0,0,1,0,0,0,0,0,0,0,0,0,0,7,0,0,0,0,0,0,0,0,0,0,0,7,7,0,0,0,7,7,7,8,9,10,11,12,10,9,8,0.0,1.0,0.0,0.0,0.0,0.0,0.0,0.0,0.0,0.0,0.0,0.0,0.0,0.0,1.0,0.0,-4.0,4.0,0.0,0.0,0.0,0.0
rnbqkb1r/ppp1pppp/3p1n2/8/3PP3/8/PPP2PPP/RNBQKBNR w KQkq - 1 3,7,2,5,3,1271,1152,0,2,3,4,5,6,4,0,2,1,1,1,0,1,1,1,1,0,0,0,1,0,3,0,0,0,0,0,0,0,0,0,0,0,0,0,7,7,0,0,0,0,0,0,0,0,0,0,0,7,7,7,0,0,7,7,7,8,9,10,11,12,10,9,8,0.0,1.0,0.0,0.0,0.0,0.0,0.0,0.0,0.0,0.0,1.0,0.0,0.0,0.0,0.0,0.0,1.0,2.0,0.0,0.0,0.0,0.0
rnbqkbnr/ppp2ppp/4p3/3p4/2PP4/5N2/PP2PPPP/RNBQKB1R b KQkq - 1 3,4,5,4,3,1941,1957,1,2,3,4,5,6,4,3,2,1,1,1,0,0,1,1,1,0,0,0,0,1,0,0,0,0,0,0,1,0,0,0,0,0,0,7,7,0,0,0,0,0,0,0,0,0,9,0,0,7,7,0,0,7,7,7,7,8,9,10,11,12,10,0,8,0.0,0.0,0.0,0.0,0.0,0.0,0.0,1.0,0.0,0.0,0.0,1.0,0.0,0.0,0.0,0.0,0.0,-1.0,0.0,0.0,0.0,0.0
rnbqkb1r/pp1p1ppp/4pn2/2p5/2PP4/2N5/PP2PPPP/R1BQKBNR w KQkq - 0 4,4,2,5,3,2444,2471,0,2,3,4,5,6,4,0,2,1,1,0,1,0,1,1,1,0,0,0,0,1,3,0,0,0,0,1,0,0,0,0,0,0,0,7,7,0,0,0,0,0,0,9,0,0,0,0,0,7,7,0,0,7,7,7,7,8,0,10,11,12,10,9,8,0.0,0.0,0.0,0.0,1.0,0.0,0.0,0.0,0.0,0.0,0.0,0.0,1.0,0.0,0.0,0.0,0.0,1.0,0.0,0.0,0.0,0.0
2rqkbnr/pQ3ppp/2p1p3/3p1b2/2PP1B2/5N2/PP2PPPP/RN2KB1R w KQk - 1 8,4,5,4,3,984,1060,0,0,0,2,5,6,4,3,2,1,11,0,0,0,1,1,1,0,0,1,0,1,0,0,0,0,0,0,1,0,4,0,0,0,0,7,7,0,10,0,0,0,0,0,0,0,9,0,0,7,7,0,0,7,7,7,7,8,9,0,0,12,10,0,8,0.0,0.0,1.0,0.0,0.0,0.0,0.0,0.0,0.0,0.0,0.0,0.0,0.0,1.0,0.0,0.0,0.0,1.0,0.0,0.0,0.0,0.0
rnbqkbnr/ppp1pppp/8/3p4/3P1B2/8/PPP1PPPP/RN1QKBNR b KQkq - 1 2,4,4,3,3,1679,1664,1,2,3,4,5,6,4,3,2,1,1,1,0,1,1,1,1,0,0,0,0,0,0,0,0,0,0,0,1,0,0,0,0,0,0,0,7,0,10,0,0,0,0,0,0,0,0,0,0,7,7,7,0,7,7,7,7,8,9,0,11,12,10,9,8,0.0,0.0,0.0,0.0,0.0,0.0,0.0,1.0,0.0,0.0,0.0,0.0,0.0,1.0,0.0,0.0,0.0,-1.0,0.0,0.0,0.0,0.0
8/pr2k1p1/Rn1p3p/3Pp3/1pp1PbB1/1R1P4/5PKP/8 w - - 0 33,19,8,4,4,1149,1235,0,0,0,0,0,0,0,0,0,1,2,0,0,6,0,1,0,8,3,0,1,0,0,0,1,0,0,0,7,1,0,0,0,0,1,1,0,7,4,10,0,0,8,0,7,0,0,0,0,0,0,0,0,0,7,12,7,0,0,0,0,0,0,0,0,0.0,0.0,0.0,1.0,0.0,0.0,0.0,0.0,0.0,0.0,0.0,0.0,1.0,0.0,0.0,0.0,-1.0,1.0,0.0,0.0,0.0,0.0
r1bqkbnr/pppppppp/2n5/8/2PP4/8/PP2PPPP/RNBQKBNR b KQkq - 0 2,4,1,4,2,757,883,1,2,0,4,5,6,4,3,2,1,1,1,1,1,1,1,1,0,0,3,0,0,0,0,0,0,0,0,0,0,0,0,0,0,0,7,7,0,0,0,0,0,0,0,0,0,0,0,0,7,7,0,0,7,7,7,7,8,9,10,11,12,10,9,8,0.0,0.0,0.0,0.0,0.0,0.0,0.0,1.0,0.0,0.0,0.0,0.0,1.0,0.0,0.0,0.0,0.0,-2.0,0.0,0.0,0.0,0.0
r4rk1/pQ4pp/2pq4/b2n1P1b/3P4/3B1P2/P3NBPP/R4K1R w - - 3 18,8,7,4,3,1960,1953,0,2,0,0,0,0,2,6,0,1,11,0,0,0,0,1,1,0,0,1,5,0,0,0,0,4,0,0,3,0,7,0,4,0,0,0,7,0,0,0,0,0,0,0,10,0,7,0,0,7,0,0,0,9,10,7,7,8,0,0,0,0,12,0,8,0.0,0.0,1.0,0.0,0.0,0.0,0.0,0.0,0.0,0.0,0.0,0.0,0.0,0.0,1.0,0.0,1.0,1.0,0.0,0.0,0.0,0.0
8/p2n1k2/7p/P1b2p2/5P2/1p2p3/3R1N1P/B5K1 w - - 0 37,10,14,4,3,1688,1802,0,0,0,0,0,0,0,0,0,1,0,0,3,0,6,0,0,0,0,0,0,0,0,0,1,7,0,4,0,0,1,0,0,0,0,0,0,0,7,0,0,0,1,0,0,1,0,0,0,0,0,0,8,0,9,0,7,10,0,0,0,0,0,12,0,0.0,0.0,1.0,0.0,0.0,0.0,0.0,0.0,0.0,0.0,0.0,0.0,1.0,0.0,0.0,0.0,0.0,5.0,0.0,0.0,0.0,0.0
5r1k/2p3pp/8/2q2P2/4pQ2/8/6K1/3R4 w - - 0 34,16,1,4,4,1914,1953,0,0,0,0,0,0,2,0,6,0,0,1,0,0,0,1,1,0,0,0,0,0,0,0,0,0,0,5,0,0,7,0,0,0,0,0,0,1,11,0,0,0,0,0,0,0,0,0,0,0,0,0,0,0,0,12,0,0,0,0,8,0,0,0,0,0.0,0.0,0.0,0.0,1.0,0.0,0.0,0.0,0.0,0.0,0.0,0.0,0.0,0.0,1.0,0.0,-1.0,0.0,0.0,0.0,0.0,0.0
6k1/pp5p/2p2bp1/5p2/PP2P2P/2P3P1/7r/2R3K1 b - - 2 28,11,5,3,4,1535,1514,1,0,0,0,0,0,0,6,0,1,1,0,0,0,0,0,1,0,0,1,0,0,4,1,0,0,0,0,0,0,1,0,0,7,7,0,0,7,0,0,7,0,0,7,0,0,0,7,0,0,0,0,0,0,0,0,2,0,0,8,0,0,0,12,0,0.0,0.0,1.0,0.0,0.0,0.0,0.0,0.0,0.0,0.0,0.0,0.0,0.0,0.0,0.0,0.0,-7.0,0.0,0.0,0.0,0.0,0.0
rnbqkbnr/ppppp1pp/5p2/8/2PPP3/8/PP3PPP/RNBQKBNR w KQ - 1 4,7,2,5,1,1804,1901,0,2,3,4,5,6,4,3,2,1,1,1,1,1,0,1,1,0,0,0,0,0,1,0,0,0,0,0,0,0,0,0,0,0,0,7,7,7,0,0,0,0,0,0,0,0,0,0,0,7,7,0,0,0,7,7,7,8,9,10,11,12,10,9,8,0.0,0.0,1.0,0.0,0.0,0.0,0.0,0.0,0.0,0.0,0.0,0.0,0.0,0.0,1.0,0.0,0.0,2.0,0.0,0.0,0.0,0.0
8/8/8/1p6/1Pbk1pPp/2p2P1P/2Bp1K2/1R6 w - - 4 47,8,8,1,4,1457,1359,0,0,0,0,0,0,0,0,0,0,0,0,0,0,0,0,0,0,0,0,0,0,0,0,0,0,1,0,0,0,0,0,0,0,7,4,6,0,1,7,1,0,0,1,0,0,7,0,7,0,0,10,1,0,12,0,0,0,8,0,0,0,0,0,0,0.0,0.0,0.0,0.0,1.0,0.0,0.0,0.0,0.0,0.0,0.0,0.0,0.0,0.0,0.0,1.0,0.0,1.0,0.0,0.0,0.0,0.0
r1q2r1k/ppp1p1bp/2n3p1/3N4/8/1BP2P1b/PP2QP1P/R2R2K1 b - - 0 17,7,2,5,2,1520,1501,1,2,0,5,0,0,2,0,6,1,1,1,0,1,0,4,1,0,0,3,0,0,0,1,0,0,0,0,9,0,0,0,0,0,0,0,0,0,0,0,0,0,10,7,0,0,7,0,4,7,7,0,0,11,7,0,7,8,0,0,8,0,0,12,0,0.0,0.0,0.0,0.0,0.0,0.0,0.0,0.0,1.0,0.0,0.0,1.0,0.0,0.0,0.0,0.0,3.0,-3.0,0.0,0.0,0.0,0.0
r2q1b1r/pp1n1k2/2p1pp2/6p1/3PNn2/3Q1N1P/PPP2PP1/R3R1K1 w - - 2 18,2,2,5,2,1805,1799,0,2,0,0,5,0,4,0,2,1,1,0,3,0,6,0,0,0,0,1,0,1,1,0,0,0,0,0,0,0,0,1,0,0,0,0,7,9,3,0,0,0,0,0,11,0,9,0,7,7,7,7,0,0,7,7,0,8,0,0,0,8,0,12,0,0.0,0.0,0.0,1.0,0.0,0.0,0.0,0.0,0.0,0.0,0.0,0.0,1.0,0.0,0.0,0.0,1.0,0.0,0.0,0.0,0.0,0.0
8/6p1/4p1k1/3pPp2/4r3/4P1K1/6P1/8 w - - 3 48,19,13,2,6,1789,1790,0,0,0,0,0,0,0,0,0,0,0,0,0,0,0,1,0,0,0,0,0,1,0,6,0,0,0,0,1,7,1,0,0,0,0,0,0,2,0,0,0,0,0,0,0,7,0,12,0,0,0,0,0,0,0,7,0,0,0,0,0,0,0,0,0,0.0,0.0,0.0,1.0,0.0,0.0,0.0,0.0,0.0,0.0,0.0,0.0,0.0,0.0,0.0,1.0,-1.0,0.0,0.0,0.0,0.0,0.0
1q2rb1r/p3kb1p/1pn4p/2N1pB2/8/2P2Q2/PP2NP1P/2KR2R1 w - - 0 21,8,14,3,4,1699,1638,0,0,5,0,0,2,4,0,2,1,0,0,0,6,4,0,1,0,1,3,0,0,0,0,1,0,0,9,0,1,10,0,0,0,0,0,0,0,0,0,0,0,0,7,0,0,11,0,0,7,7,0,0,9,7,0,7,0,0,12,8,0,0,8,0,0.0,1.0,0.0,0.0,0.0,0.0,0.0,0.0,0.0,0.0,0.0,0.0,1.0,0.0,0.0,0.0,0.0,6.0,0.0,0.0,0.0,0.0
2n1r1k1/1pQ4p/b1p3p1/3pPq2/P4P2/2P4P/6P1/R3R2K w - - 3 30,2,8,4,4,1971,1998,0,0,0,3,0,2,0,6,0,0,1,11,0,0,0,0,1,4,0,1,0,0,0,1,0,0,0,0,1,7,5,0,0,7,0,0,0,0,7,0,0,0,0,7,0,0,0,0,7,0,0,0,0,0,0,7,0,8,0,0,0,8,0,0,12,0.0,0.0,0.0,0.0,0.0,1.0,0.0,0.0,0.0,0.0,0.0,0.0,0.0,1.0,0.0,0.0,0.0,1.0,0.0,0.0,0.0,0.0
2k5/p4p1p/2n5/1p6/1P5B/P1Pp2P1/4rP1P/5RK1 w - - 0 26,2,16,1,3,1131,1125,0,0,0,6,0,0,0,0,0,1,0,0,0,0,1,0,1,0,0,3,0,0,0,0,0,0,1,0,0,0,0,0,0,0,7,0,0,0,0,0,10,7,0,7,1,0,0,7,0,0,0,0,0,2,7,0,7,0,0,0,0,0,8,12,0,0.0,0.0,0.0,0.0,1.0,0.0,0.0,0.0,0.0,0.0,0.0,0.0,0.0,0.0,0.0,0.0,-1.0,1.0,0.0,0.0,0.0,0.0
r3r1k1/pp1n1ppp/5q2/3p4/P6P/1P4P1/2P1Nb2/2RQ1K1R w - - 2 18,14,1,2,4,1242,1327,0,2,0,0,0,2,0,6,0,1,1,0,3,0,1,1,1,0,0,0,0,0,5,0,0,0,0,0,1,0,0,0,0,7,0,0,0,0,0,0,7,0,7,0,0,0,0,7,0,0,0,7,0,9,4,0,0,0,0,8,11,0,12,0,8,0.0,1.0,0.0,0.0,0.0,0.0,0.0,0.0,0.0,0.0,0.0,0.0,0.0,0.0,0.0,0.0,0.0,1.0,0.0,0.0,0.0,0.0
2kr3r/ppp1qppp/3b1n2/4n3/4P1b1/2NB1N2/PPP2PPP/R1B1QRK1 w - - 10 10,1,7,5,4,1749,1701,0,0,0,6,2,0,0,0,2,1,1,1,0,5,1,1,1,0,0,0,4,0,3,0,0,0,0,0,0,3,0,0,0,0,0,0,0,7,0,4,0,0,0,9,10,0,9,0,0,7,7,7,0,0,7,7,7,8,0,10,0,11,8,12,0,0.0,0.0,0.0,1.0,0.0,0.0,0.0,0.0,0.0,0.0,0.0,0.0,0.0,0.0,1.0,0.0,-1.0,2.0,0.0,0.0,0.0,0.0
8/8/1p1R1qk1/p1p2p1p/7P/2P2N2/PP3PrQ/6K1 w - - 0 30,10,7,3,3,1421,1386,0,0,0,0,0,0,0,0,0,0,0,0,0,0,0,0,0,0,1,0,8,0,5,6,0,1,0,1,0,0,1,0,1,0,0,0,0,0,0,0,7,0,0,7,0,0,9,0,0,7,7,0,0,0,7,2,11,0,0,0,0,0,0,12,0,0.0,0.0,1.0,0.0,0.0,0.0,0.0,0.0,0.0,0.0,0.0,0.0,0.0,0.0,0.0,0.0,-1.0,0.0,0.0,0.0,0.0,0.0
r2qr1k1/ppp2ppp/5n2/3P4/1PB2Qb1/3P4/1RPK1PPP/6NR b - - 4 14,13,1,5,3,1605,1562,1,2,0,0,5,2,0,6,0,1,1,1,0,0,1,1,1,0,0,0,0,0,3,0,0,0,0,0,7,0,0,0,0,0,7,10,0,0,11,4,0,0,0,0,7,0,0,0,0,0,8,7,12,0,7,7,7,0,0,0,0,0,0,9,8,0.0,0.0,0.0,0.0,0.0,0.0,0.0,0.0,1.0,0.0,0.0,0.0,0.0,1.0,0.0,0.0,0.0,-6.0,0.0,0.0,0.0,0.0
r2q1rk1/pb1nbppp/1p2pn2/4N3/2PB4/3B2N1/PP3PPP/R2Q1RK1 b - - 0 12,1,1,5,3,2054,2122,1,2,0,0,5,0,2,6,0,1,4,0,3,4,1,1,1,0,1,0,0,1,3,0,0,0,0,0,0,9,0,0,0,0,0,7,10,0,0,0,0,0,0,0,10,0,0,9,0,7,7,0,0,0,7,7,7,8,0,0,11,0,8,12,0,0.0,0.0,0.0,0.0,0.0,0.0,0.0,1.0,0.0,0.0,0.0,0.0,1.0,0.0,0.0,0.0,-1.0,-2.0,0.0,0.0,0.0,0.0
8/6p1/3k3p/1p6/4N3/8/PP3PPP/6K1 b - - 2 30,1,19,1,2,1883,1911,1,0,0,0,0,0,0,0,0,0,0,0,0,0,0,1,0,0,0,0,6,0,0,0,1,0,1,0,0,0,0,0,0,0,0,0,0,9,0,0,0,0,0,0,0,0,0,0,0,7,7,0,0,0,7,7,7,0,0,0,0,0,0,12,0,0.0,0.0,0.0,0.0,0.0,0.0,1.0,0.0,0.0,0.0,0.0,0.0,1.0,0.0,0.0,0.0,0.0,-1.0,0.0,0.0,0.0,0.0
2r1k2r/3nnb1p/R1B3p1/2bPpP2/7q/7P/1PP3P1/1NBQ1R1K w k - 3 19,2,16,3,5,1648,1660,0,0,0,2,0,6,0,0,2,0,0,0,3,3,4,0,1,8,0,10,0,0,0,1,0,0,0,4,7,1,7,0,0,0,0,0,0,0,0,0,5,0,0,0,0,0,0,0,7,0,7,7,0,0,0,7,0,0,9,10,11,0,8,0,12,0.0,0.0,1.0,0.0,0.0,0.0,0.0,0.0,0.0,0.0,1.0,0.0,0.0,0.0,0.0,0.0,0.0,2.0,0.0,0.0,0.0,0.0
r2qkbnr/ppp1pppp/2n5/3p1b2/3P1B2/5N2/PPP1PPPP/RN1QKB1R w KQkq - 4 4,4,4,3,5,1429,1440,0,2,0,0,5,6,4,3,2,1,1,1,0,1,1,1,1,0,0,3,0,0,0,0,0,0,0,0,1,0,4,0,0,0,0,0,7,0,10,0,0,0,0,0,0,0,9,0,0,7,7,7,0,7,7,7,7,8,9,0,11,12,10,0,8,0.0,0.0,1.0,0.0,0.0,0.0,0.0,0.0,0.0,0.0,0.0,1.0,0.0,0.0,0.0,0.0,0.0,1.0,0.0,0.0,0.0,0.0
rnb2rk1/pppp1pp1/6qp/2b1PnN1/3p4/3B4/PPP3PP/RNBQ1RK1 b - - 1 10,7,2,2,2,1474,1453,1,2,3,4,0,0,2,6,0,1,1,1,1,0,1,1,0,0,0,0,0,0,0,5,1,0,0,4,0,7,3,9,0,0,0,0,1,0,0,0,0,0,0,0,10,0,0,0,0,7,7,7,0,0,0,7,7,8,9,10,11,0,8,12,0,0.0,0.0,0.0,0.0,0.0,0.0,0.0,1.0,0.0,0.0,0.0,0.0,1.0,0.0,0.0,0.0,0.0,-1.0,0.0,0.0,0.0,0.0
rnbqkbnr/pppppppp/8/8/8/8/PPPPPPPP/RNBQKBNR w KQkq - 0 1,1,1,0,0,1714,1655,0,2,3,4,5,6,4,3,2,1,1,1,1,1,1,1,1,0,0,0,0,0,0,0,0,0,0,0,0,0,0,0,0,0,0,0,0,0,0,0,0,0,0,0,0,0,0,0,0,7,7,7,7,7,7,7,7,8,9,10,11,12,10,9,8,0.0,0.0,1.0,0.0,0.0,0.0,0.0,0.0,0.0,0.0,0.0,0.0,0.0,1.0,0.0,0.0,0.0,2.0,0.0,0.0,0.0,0.0
8/R4pkp/4p1p1/1N6/1pp5/8/PP3PPP/5K2 b - - 1 26,7,13,1,1,1363,1313,1,0,0,0,0,0,0,0,0,8,0,0,0,0,1,6,1,0,0,0,0,1,0,1,0,0,9,0,0,0,0,0,0,0,1,1,0,0,0,0,0,0,0,0,0,0,0,0,0,7,7,0,0,0,7,7,7,0,0,0,0,0,12,0,0,0.0,0.0,0.0,0.0,1.0,0.0,0.0,0.0,0.0,0.0,1.0,0.0,0.0,0.0,0.0,0.0,0.0,-1.0,0.0,0.0,0.0,0.0
3k3r/8/pn1p1p2/1p2p1pp/3n4/P2R1B2/1PP2PPP/2KR4 b - - 1 26,7,11,3,5,1637,1645,1,0,0,0,6,0,0,0,2,0,0,0,0,0,0,0,0,1,3,0,1,0,1,0,0,0,1,0,0,1,0,1,1,0,0,0,3,0,0,0,0,7,0,0,8,0,10,0,0,0,7,7,0,0,7,7,7,0,0,12,8,0,0,0,0,0.0,0.0,0.0,0.0,0.0,1.0,0.0,0.0,0.0,0.0,0.0,0.0,0.0,0.0,0.0,1.0,0.0,-1.0,0.0,0.0,0.0,0.0
r3k2r/pppqppbp/2b3p1/3n4/3P4/P1N2N2/1PP2PPP/R1BQK2R w KQkq - 0 12,10,7,5,4,1399,1396,0,2,0,0,0,6,0,0,2,1,1,1,5,1,1,4,1,0,0,4,0,0,0,1,0,0,0,0,3,0,0,0,0,0,0,0,7,0,0,0,0,7,0,9,0,0,9,0,0,0,7,7,0,0,7,7,7,8,0,10,11,12,0,0,8,0.0,0.0,0.0,1.0,0.0,0.0,0.0,0.0,0.0,0.0,0.0,1.0,0.0,0.0,0.0,0.0,1.0,2.0,0.0,0.0,0.0,0.0
5rk1/3nb1p1/p3q3/3pP2p/1PpB2P1/P1Q1Rp1P/5P2/R5K1 b - - 1 25,5,10,5,4,2102,2188,1,0,0,0,0,0,2,6,0,0,0,0,3,4,0,1,0,1,0,0,0,5,0,0,0,0,0,0,1,7,0,0,1,0,7,1,10,0,0,7,0,7,0,11,0,8,1,0,7,0,0,0,0,0,7,0,0,8,0,0,0,0,0,12,0,0.0,0.0,0.0,0.0,0.0,1.0,0.0,0.0,0.0,0.0,0.0,0.0,0.0,0.0,0.0,0.0,-1.0,-1.0,0.0,0.0,0.0,0.0
rnbqkbnr/pppppppp/8/8/3P4/8/PPP1PPPP/RNBQKBNR b KQkq - 0 1,4,1,3,0,1516,1493,1,2,3,4,5,6,4,3,2,1,1,1,1,1,1,1,1,0,0,0,0,0,0,0,0,0,0,0,0,0,0,0,0,0,0,0,7,0,0,0,0,0,0,0,0,0,0,0,0,7,7,7,0,7,7,7,7,8,9,10,11,12,10,9,8,0.0,0.0,0.0,0.0,0.0,0.0,0.0,1.0,0.0,0.0,0.0,0.0,0.0,1.0,0.0,0.0,0.0,-1.0,0.0,0.0,0.0,0.0
2kr1bnr/ppp2B2/2np4/4p2p/4P1Q1/2PP4/PP4PP/RNB2RK1 b - - 0 13,7,2,4,3,1813,1781,1,0,0,6,2,0,4,3,2,1,1,1,0,0,10,0,0,0,0,3,1,0,0,0,0,0,0,0,0,1,0,0,1,0,0,0,0,7,0,11,0,0,0,7,7,0,0,0,0,7,7,0,0,0,0,7,7,8,9,10,0,0,8,12,0,0.0,0.0,0.0,0.0,0.0,1.0,0.0,0.0,0.0,0.0,0.0,0.0,0.0,0.0,0.0,0.0,-1.0,-1.0,0.0,0.0,0.0,0.0
3r2k1/5p2/p3pp1p/3B4/8/2r5/P4PPP/1R3RK1 b - - 0 24,1,8,2,2,1836,1920,1,0,0,0,2,0,0,6,0,0,0,0,0,0,1,0,0,1,0,0,0,1,1,0,1,0,0,0,10,0,0,0,0,0,0,0,0,0,0,0,0,0,0,2,0,0,0,0,0,7,0,0,0,0,7,7,7,0,8,0,0,0,8,12,0,0.0,0.0,0.0,0.0,0.0,0.0,0.0,0.0,1.0,0.0,0.0,0.0,1.0,0.0,0.0,0.0,0.0,-3.0,0.0,0.0,0.0,0.0
r4rk1/p3bpp1/b3p2p/1q6/P7/1PB5/2P2PPP/R3QRK1 b - - 0 20,1,2,3,2,1093,1180,1,2,0,0,0,0,2,6,0,1,0,0,0,4,1,1,0,4,0,0,0,1,0,0,1,0,5,0,0,0,0,0,0,7,0,0,0,0,0,0,0,0,7,10,0,0,0,0,0,0,0,7,0,0,7,7,7,8,0,0,0,11,8,12,0,0.0,0.0,0.0,0.0,0.0,1.0,0.0,0.0,0.0,0.0,1.0,0.0,0.0,0.0,0.0,0.0,2.0,0.0,0.0,0.0,0.0,0.0
1kr1R1n1/pppQ4/8/8/6pr/P1PP2qP/6P1/5R1K b - - 5 26,2,1,4,1,1821,1762,1,0,6,2,0,8,0,3,0,1,1,1,11,0,0,0,0,0,0,0,0,0,0,0,0,0,0,0,0,0,0,0,0,0,0,0,0,0,0,1,2,7,0,7,7,0,0,5,7,0,0,0,0,0,0,7,0,0,0,0,0,0,8,0,12,0.0,0.0,0.0,0.0,1.0,0.0,0.0,0.0,0.0,0.0,0.0,0.0,0.0,0.0,0.0,0.0,0.0,-1.0,0.0,0.0,0.0,0.0
r2q1rk1/ppp2p2/2np1n1Q/4p3/2B1P3/3P4/PPP2b1P/RN2K2R w KQ - 0 12,11,13,3,5,1304,1218,0,2,0,0,5,0,2,6,0,1,1,1,0,0,1,0,0,0,0,3,1,0,3,0,11,0,0,0,0,1,0,0,0,0,0,10,0,7,0,0,0,0,0,0,7,0,0,0,0,7,7,7,0,0,4,0,7,8,9,0,0,12,0,0,8,0.0,1.0,0.0,0.0,0.0,0.0,0.0,0.0,0.0,0.0,0.0,0.0,0.0,1.0,0.0,0.0,0.0,1.0,0.0,0.0,0.0,0.0
rn1qk2r/p2B2pp/1p6/3pbp1n/Q7/2P5/PP1P2PP/RNB1K1NR b KQkq - 0 14,13,13,2,4,877,917,1,2,3,0,5,6,0,0,2,1,0,0,10,0,0,1,1,0,1,0,0,0,0,0,0,0,0,0,1,4,1,0,3,11,0,0,0,0,0,0,0,0,0,7,0,0,0,0,0,7,7,0,7,0,0,7,7,8,9,10,0,12,0,9,8,0.0,0.0,0.0,0.0,0.0,0.0,0.0,0.0,1.0,0.0,1.0,0.0,0.0,0.0,0.0,0.0,2.0,-1.0,0.0,0.0,0.0,0.0
r4k1r/pp3ppp/5b2/3q4/3p2Q1/1P6/P2P1PPP/RNB1R1K1 b - - 0 14,1,7,3,5,1375,1387,1,2,0,0,0,0,6,0,2,1,1,0,0,0,1,1,1,0,0,0,0,0,4,0,0,0,0,0,5,0,0,0,0,0,0,0,1,0,0,11,0,0,7,0,0,0,0,0,0,7,0,0,7,0,7,7,7,8,9,10,0,8,0,12,0,0.0,0.0,0.0,0.0,1.0,0.0,0.0,0.0,0.0,0.0,0.0,0.0,1.0,0.0,0.0,0.0,0.0,-1.0,0.0,0.0,0.0,0.0
5rk1/pp2Q2p/8/3p1P1K/6P1/P7/1P3q2/8 b - - 12 41,13,13,2,3,2068,2058,1,0,0,0,0,0,2,6,0,1,1,0,0,11,0,0,1,0,0,0,0,0,0,0,0,0,0,0,1,0,7,0,12,0,0,0,0,0,0,7,0,7,0,0,0,0,0,0,0,0,7,0,0,0,5,0,0,0,0,0,0,0,0,0,0,0.0,0.0,1.0,0.0,0.0,0.0,0.0,0.0,0.0,0.0,0.0,0.0,0.0,0.0,1.0,0.0,0.0,2.0,0.0,0.0,0.0,0.0
r1b1kb1r/p3np1p/1qp1p1p1/3pP3/3p1P2/2P1B3/PP2N1PP/RN1Q1RK1 w kq - 0 11,4,5,3,5,2198,2234,0,2,0,4,0,6,4,0,2,1,0,0,0,3,1,0,1,0,5,1,0,1,0,1,0,0,0,0,1,7,0,0,0,0,0,0,1,0,7,0,0,0,0,7,0,10,0,0,0,7,7,0,0,9,0,7,7,8,9,0,11,0,8,12,0,0.0,0.0,1.0,0.0,0.0,0.0,0.0,0.0,0.0,0.0,0.0,0.0,0.0,1.0,0.0,0.0,-1.0,2.0,0.0,0.0,0.0,0.0
rn1qkbnr/1pp3p1/8/p2Ppp1p/8/3P4/PPPQ1PPP/RN2KBNR b KQkq - 1 9,8,13,2,4,1842,1870,1,2,3,0,5,6,4,3,2,0,1,1,0,0,0,1,0,0,0,0,0,0,0,0,0,1,0,0,7,1,1,0,1,0,0,0,0,0,0,0,0,0,0,0,7,0,0,0,0,7,7,7,11,0,7,7,7,8,9,0,0,12,10,9,8,0.0,0.0,0.0,0.0,0.0,0.0,0.0,0.0,1.0,0.0,0.0,0.0,0.0,0.0,1.0,0.0,-4.0,-4.0,0.0,0.0,0.0,0.0
r3k2r/2p1bppp/1npqp3/p7/P2Pp3/1B6/1PP2PPP/R1BQ1RK1 w kq - 0 14,1,8,4,4,1866,1858,0,2,0,0,0,6,0,0,2,0,0,1,0,4,1,1,1,0,3,1,5,1,0,0,0,1,0,0,0,0,0,0,0,7,0,0,7,1,0,0,0,0,10,0,0,0,0,0,0,0,7,7,0,0,7,7,7,8,0,10,11,0,8,12,0,0.0,0.0,1.0,0.0,0.0,0.0,0.0,0.0,0.0,0.0,0.0,1.0,0.0,0.0,0.0,0.0,0.0,1.0,0.0,0.0,0.0,0.0
r5k1/8/1nNppn1p/1p4p1/1P1PP2N/7P/5PP1/4R2K w - - 0 28,2,11,6,3,1563,1561,0,2,0,0,0,0,0,6,0,0,0,0,0,0,0,0,0,0,3,9,1,1,3,0,1,0,1,0,0,0,0,1,0,0,7,0,7,7,0,0,9,0,0,0,0,0,0,0,7,0,0,0,0,0,7,7,0,0,0,0,0,8,0,0,12,0.0,0.0,0.0,0.0,1.0,0.0,0.0,0.0,0.0,0.0,0.0,0.0,0.0,0.0,0.0,0.0,-1.0,2.0,0.0,0.0,0.0,0.0
rnb1kbnr/ppp1pppp/8/3q4/8/8/PPPP1PPP/RNBQKBNR w KQkq - 0 3,7,7,0,4,1868,1851,0,2,3,4,0,6,4,3,2,1,1,1,0,1,1,1,1,0,0,0,0,0,0,0,0,0,0,0,5,0,0,0,0,0,0,0,0,0,0,0,0,0,0,0,0,0,0,0,0,7,7,7,7,0,7,7,7,8,9,10,11,12,10,9,8,0.0,1.0,0.0,0.0,0.0,0.0,0.0,0.0,0.0,0.0,1.0,0.0,0.0,0.0,0.0,0.0,1.0,2.0,0.0,0.0,0.0,0.0
rnbqkbnr/pp1ppppp/8/2p5/4P3/5N2/PPPP1PPP/RNBQKB1R b KQkq - 1 2,4,1,4,1,2066,2080,1,2,3,4,5,6,4,3,2,1,1,0,1,1,1,1,1,0,0,0,0,0,0,0,0,0,0,1,0,0,0,0,0,0,0,0,0,7,0,0,0,0,0,0,0,0,9,0,0,7,7,7,7,0,7,7,7,8,9,10,11,12,10,0,8,0.0,0.0,0.0,0.0,0.0,0.0,0.0,0.0,1.0,0.0,1.0,0.0,0.0,0.0,0.0,0.0,1.0,-2.0,0.0,0.0,0.0,0.0
r2q1rk1/p2nbpp1/1p2pn1p/1B1p4/Q2P1B2/2N2P1P/PP3PP1/R3R1K1 b - - 7 13,2,2,5,4,1390,1476,1,2,0,0,5,0,2,6,0,1,0,0,3,4,1,1,0,0,1,0,0,1,3,0,1,0,10,0,1,0,0,0,0,11,0,0,7,0,10,0,0,0,0,9,0,0,7,0,7,7,7,0,0,0,7,7,0,8,0,0,0,8,0,12,0,0.0,0.0,0.0,0.0,0.0,0.0,0.0,1.0,0.0,1.0,0.0,0.0,0.0,0.0,0.0,0.0,0.0,-2.0,0.0,0.0,0.0,0.0
r2qk2r/1bppbp2/ppn1p2p/3nP1p1/3PN3/2PB1N2/PP1BQPPP/R3K2R w KQkq - 0 11,10,2,6,4,2037,2064,0,2,0,0,5,6,0,0,2,0,4,1,1,4,1,0,0,1,1,3,0,1,0,0,1,0,0,0,3,7,0,1,0,0,0,0,7,9,0,0,0,0,0,7,10,0,9,0,0,7,7,0,10,11,7,7,7,8,0,0,0,12,0,0,8,0.0,1.0,0.0,0.0,0.0,0.0,0.0,0.0,0.0,0.0,0.0,0.0,0.0,1.0,0.0,0.0,-2.0,0.0,0.0,0.0,0.0,0.0
r1bq1rk1/pp1n1ppp/5n2/1B1p2N1/Q7/2P1P3/P4PPP/R1B1K2R b KQ - 0 11,8,1,2,4,1020,1023,1,2,0,4,5,0,2,6,0,1,1,0,3,0,1,1,1,0,0,0,0,0,3,0,0,0,10,0,1,0,0,9,0,11,0,0,0,0,0,0,0,0,0,7,0,7,0,0,0,7,0,0,0,0,7,7,7,8,0,10,0,12,0,0,8,0.0,0.0,0.0,0.0,0.0,0.0,0.0,1.0,0.0,0.0,0.0,0.0,1.0,0.0,0.0,0.0,-1.0,-2.0,0.0,0.0,0.0,0.0
rn1qkbnr/ppp1p1pp/5p2/2Nb3Q/8/8/PPPP1PPP/R1B1KBNR b KQkq - 3 6,7,8,3,4,1197,1194,1,2,3,0,5,6,4,3,2,1,1,1,0,1,0,1,1,0,0,0,0,0,1,0,0,0,0,9,4,0,0,0,11,0,0,0,0,0,0,0,0,0,0,0,0,0,0,0,0,7,7,7,7,0,7,7,7,8,0,10,0,12,10,9,8,0.0,0.0,0.0,0.0,0.0,0.0,0.0,1.0,0.0,0.0,0.0,0.0,0.0,0.0,0.0,1.0,0.0,-1.0,0.0,0.0,0.0,0.0
4r1k1/p4p1p/2p3p1/4P1Q1/1p2N2P/1P2P3/P3q1K1/2R5 w - - 1 33,14,2,4,2,1751,1743,0,0,0,0,0,2,0,6,0,1,0,0,0,0,1,0,1,0,0,1,0,0,0,1,0,0,0,0,0,7,0,11,0,0,1,0,0,9,0,0,7,0,7,0,0,7,0,0,0,7,0,0,0,5,0,12,0,0,0,8,0,0,0,0,0,0.0,0.0,1.0,0.0,0.0,0.0,0.0,0.0,0.0,0.0,0.0,0.0,0.0,0.0,0.0,1.0,0.0,1.0,0.0,0.0,0.0,0.0
8/p1p5/2kp4/2pb1p1p/5B1P/P1PK2P1/8/8 w - - 4 30,19,13,3,5,1549,1549,0,0,0,0,0,0,0,0,0,1,0,1,0,0,0,0,0,0,0,6,1,0,0,0,0,0,0,1,4,0,1,0,1,0,0,0,0,0,10,0,7,7,0,7,12,0,0,7,0,0,0,0,0,0,0,0,0,0,0,0,0,0,0,0,0,0.0,0.0,0.0,1.0,0.0,0.0,0.0,0.0,0.0,0.0,0.0,1.0,0.0,0.0,0.0,0.0,0.0,1.0,0.0,0.0,0.0,0.0
rnb1k2r/ppp3b1/4p1p1/7p/2B2q2/1PN2N2/P1P2PPP/R2Q1RK1 w kq - 1 14,1,14,4,4,967,816,0,2,3,4,0,6,0,0,2,1,1,1,0,0,0,4,0,0,0,0,0,1,0,1,0,0,0,0,0,0,0,0,1,0,0,10,0,0,5,0,0,0,7,9,0,0,9,0,0,7,0,7,0,0,7,7,7,8,0,0,11,0,8,12,0,0.0,0.0,0.0,1.0,0.0,0.0,0.0,0.0,0.0,0.0,0.0,1.0,0.0,0.0,0.0,0.0,2.0,-1.0,0.0,0.0,0.0,0.0
8/4R3/2P3RP/8/1p3K2/7r/1k6/8 w - - 0 67,19,19,2,0,1804,1795,0,0,0,0,0,0,0,0,0,0,0,0,0,8,0,0,0,0,0,7,0,0,0,8,7,0,0,0,0,0,0,0,0,0,1,0,0,0,12,0,0,0,0,0,0,0,0,0,2,0,6,0,0,0,0,0,0,0,0,0,0,0,0,0,0,0.0,0.0,0.0,0.0,0.0,0.0,1.0,0.0,0.0,0.0,0.0,1.0,0.0,0.0,0.0,0.0,0.0,1.0,0.0,0.0,0.0,0.0
8/5k2/8/4RP2/2r5/4B1K1/8/8 w - - 1 51,14,19,4,2,1865,1578,0,0,0,0,0,0,0,0,0,0,0,0,0,0,6,0,0,0,0,0,0,0,0,0,0,0,0,0,0,8,7,0,0,0,0,2,0,0,0,0,0,0,0,0,0,10,0,12,0,0,0,0,0,0,0,0,0,0,0,0,0,0,0,0,0,0.0,0.0,0.0,1.0,0.0,0.0,0.0,0.0,0.0,0.0,0.0,0.0,0.0,1.0,0.0,0.0,1.0,1.0,0.0,0.0,0.0,0.0
rnb1k2r/ppp5/3b3p/3P4/3P1Bpq/8/PPP3P1/RN1Q1RK1 w - - 0 13,13,19,4,1,1906,1967,0,2,3,4,0,6,0,0,2,1,1,1,0,0,0,0,0,0,0,0,4,0,0,0,1,0,0,0,7,0,0,0,0,0,0,0,7,0,10,1,5,0,0,0,0,0,0,0,0,7,7,7,0,0,0,7,0,8,9,0,11,0,8,12,0,0.0,1.0,0.0,0.0,0.0,0.0,0.0,0.0,0.0,0.0,0.0,0.0,1.0,0.0,0.0,0.0,1.0,1.0,0.0,0.0,0.0,0.0
5r1k/1pp3p1/1pn2p1p/3Rn3/Pq6/6PP/1B6/2Q1R1K1 b - - 0 28,9,2,4,4,1781,1846,1,0,0,0,0,0,2,0,6,0,1,1,0,0,0,1,0,0,1,3,0,0,1,0,1,0,0,0,8,3,0,0,0,7,5,0,0,0,0,0,0,0,0,0,0,0,0,7,7,0,10,0,0,0,0,0,0,0,0,11,0,8,0,12,0,0.0,0.0,0.0,0.0,0.0,1.0,0.0,0.0,0.0,0.0,0.0,0.0,0.0,1.0,0.0,0.0,1.0,-2.0,0.0,0.0,0.0,0.0
2kr4/2pr2bp/1pQ3p1/8/1P2PP2/P7/6PP/1KR1R3 w - - 3 28,11,8,4,3,2070,1990,0,0,0,6,2,0,0,0,0,0,0,1,2,0,0,4,1,0,1,11,0,0,0,1,0,0,0,0,0,0,0,0,0,0,7,0,0,7,7,0,0,7,0,0,0,0,0,0,0,0,0,0,0,0,0,7,7,0,12,8,0,8,0,0,0,0.0,0.0,0.0,0.0,1.0,0.0,0.0,0.0,0.0,0.0,0.0,0.0,0.0,1.0,0.0,0.0,0.0,1.0,0.0,0.0,0.0,0.0
r4qkr/pp4pp/1n3n2/2pp4/Q7/2N3B1/PPP2PPP/4RRK1 w - - 2 17,1,7,4,4,1748,1680,0,2,0,0,0,0,5,6,2,1,1,0,0,0,0,1,1,0,3,0,0,0,3,0,0,0,0,1,1,0,0,0,0,11,0,0,0,0,0,0,0,0,0,9,0,0,0,10,0,7,7,7,0,0,7,7,7,0,0,0,0,8,8,12,0,0.0,0.0,0.0,0.0,1.0,0.0,0.0,0.0,0.0,1.0,0.0,0.0,0.0,0.0,0.0,0.0,1.0,1.0,0.0,0.0,0.0,0.0
6k1/pp2qppp/2pbr3/3p4/3Pn3/2P2Q1P/PPB2PP1/3R1NK1 b - - 5 21,2,1,4,5,2175,2184,1,0,0,0,0,0,0,6,0,1,1,0,0,5,1,1,1,0,0,1,4,2,0,0,0,0,0,0,1,0,0,0,0,0,0,0,7,3,0,0,0,0,0,7,0,0,11,0,7,7,7,10,0,0,7,7,0,0,0,0,8,0,9,12,0,0.0,0.0,0.0,0.0,0.0,0.0,1.0,0.0,0.0,0.0,0.0,0.0,0.0,1.0,0.0,0.0,1.0,0.0,0.0,0.0,0.0,0.0
r1bqk2r/ppp3pp/2nbpp2/3p1n2/3P4/2PBP1B1/PP3PPP/RN1QK1NR w KQkq - 5 8,5,6,4,5,1385,1422,0,2,0,4,5,6,0,0,2,1,1,1,0,0,0,1,1,0,0,3,4,1,1,0,0,0,0,0,1,0,3,0,0,0,0,0,7,0,0,0,0,0,0,7,10,7,0,10,0,7,7,0,0,0,7,7,7,8,9,0,11,12,0,9,8,0.0,1.0,0.0,0.0,0.0,0.0,0.0,0.0,0.0,0.0,1.0,0.0,0.0,0.0,0.0,0.0,2.0,1.0,0.0,0.0,0.0,0.0
2r1k2r/5pp1/p4n1p/qp2p3/4P1PP/1PbPB3/1P3Q2/1K1R3R w k - 0 22,13,10,4,5,1785,1832,0,0,0,2,0,6,0,0,2,0,0,0,0,0,1,1,0,1,0,0,0,0,3,0,1,5,1,0,0,1,0,0,0,0,0,0,0,7,0,7,7,0,7,4,7,10,0,0,0,0,7,0,0,0,11,0,0,0,12,0,8,0,0,0,8,0.0,0.0,0.0,0.0,1.0,0.0,0.0,0.0,0.0,0.0,0.0,0.0,0.0,0.0,0.0,1.0,0.0,1.0,0.0,0.0,0.0,0.0
1r5k/6bp/5pp1/p7/q2P1Q1P/1B4P1/PBP5/1K2R3 b - - 0 28,7,2,5,2,1865,1850,1,0,2,0,0,0,0,0,6,0,0,0,0,0,0,4,1,0,0,0,0,0,1,1,0,1,0,0,0,0,0,0,0,5,0,0,7,0,11,0,7,0,10,0,0,0,0,7,0,7,10,7,0,0,0,0,0,0,12,0,0,8,0,0,0,0.0,0.0,0.0,0.0,1.0,0.0,0.0,0.0,0.0,1.0,0.0,0.0,0.0,0.0,0.0,0.0,1.0,1.0,0.0,0.0,0.0,0.0
rn3rk1/3pppbp/bq3np1/p7/1P2P3/P1PB1N2/1B3PPP/RN1Q1RK1 b - - 3 11,1,2,5,3,2572,2498,1,2,3,0,0,0,2,6,0,0,0,0,1,1,1,4,1,4,5,0,0,0,3,1,0,1,0,0,0,0,0,0,0,0,7,0,0,7,0,0,0,7,0,7,10,0,9,0,0,0,10,0,0,0,7,7,7,8,9,0,11,0,8,12,0,0.0,0.0,0.0,0.0,0.0,0.0,0.0,1.0,0.0,0.0,0.0,0.0,1.0,0.0,0.0,0.0,0.0,-1.0,0.0,0.0,0.0,0.0
rnb2rk1/ppq3pp/2pb1n2/3p1p2/4pN2/1PP1P1PP/PB1PBP2/RN1QK2R b KQ - 0 11,2,4,2,5,1723,1727,1,2,3,4,0,0,2,6,0,1,1,5,0,0,0,1,1,0,0,1,4,0,3,0,0,0,0,0,1,0,1,0,0,0,0,0,0,1,9,0,0,0,7,7,0,7,0,7,7,7,10,0,7,10,7,0,0,8,9,0,11,12,0,0,8,0.0,0.0,0.0,0.0,0.0,0.0,0.0,1.0,0.0,0.0,0.0,0.0,0.0,0.0,0.0,1.0,0.0,-2.0,0.0,0.0,0.0,0.0
r1b1kb1r/pp3ppp/n1p5/3pP1N1/3n4/2N4B/PPP4P/R1B1K2R w KQkq - 0 13,19,10,3,4,1448,1435,0,2,0,4,0,6,4,0,2,1,1,0,0,0,1,1,1,3,0,1,0,0,0,0,0,0,0,0,1,7,0,9,0,0,0,0,3,0,0,0,0,0,0,9,0,0,0,0,10,7,7,7,0,0,0,0,7,8,0,10,0,12,0,0,8,0.0,0.0,0.0,1.0,0.0,0.0,0.0,0.0,0.0,0.0,0.0,0.0,0.0,0.0,0.0,0.0,-5.0,5.0,0.0,0.0,0.0,0.0
1r4k1/1PR2p1b/p4p1p/1n6/8/1P3PP1/PB4BP/3r1RK1 w - - 0 25,3,8,3,4,1479,1470,0,0,2,0,0,0,0,6,0,0,7,8,0,0,1,0,4,1,0,0,0,0,1,0,1,0,3,0,0,0,0,0,0,0,0,0,0,0,0,0,0,0,7,0,0,0,7,7,0,7,10,0,0,0,0,10,7,0,0,0,2,0,8,12,0,0.0,0.0,0.0,0.0,0.0,0.0,0.0,1.0,0.0,0.0,0.0,1.0,0.0,0.0,0.0,0.0,0.0,1.0,0.0,0.0,0.0,0.0
8/pp4R1/2p2k1p/8/2P3P1/1P4K1/1r4P1/5r2 w - - 6 40,13,19,1,2,2048,2069,0,0,0,0,0,0,0,0,0,1,1,0,0,0,0,8,0,0,0,1,0,0,6,0,1,0,0,0,0,0,0,0,0,0,0,7,0,0,0,7,0,0,7,0,0,0,0,12,0,0,2,0,0,0,0,7,0,0,0,0,0,0,2,0,0,0.0,0.0,0.0,0.0,0.0,0.0,0.0,1.0,0.0,0.0,0.0,0.0,0.0,0.0,0.0,1.0,-5.0,0.0,0.0,0.0,0.0,0.0
rnbqkb1r/pppp1ppp/8/4B3/4n3/1P2P3/P1PP1PPP/RN1QKBNR b KQkq - 0 4,2,7,2,1,2026,1972,1,2,3,4,5,6,4,0,2,1,1,1,1,0,1,1,1,0,0,0,0,0,0,0,0,0,0,0,0,10,0,0,0,0,0,0,0,3,0,0,0,0,7,0,0,7,0,0,0,7,0,7,7,0,7,7,7,8,9,0,11,12,10,9,8,0.0,0.0,0.0,0.0,0.0,0.0,0.0,1.0,0.0,0.0,0.0,1.0,0.0,0.0,0.0,0.0,0.0,-2.0,0.0,0.0,0.0,0.0
1r3rk1/p5pp/5q2/2p5/2Q1P3/2R2N2/P3BPPP/4K2R b K - 2 22,10,7,5,2,1665,1660,1,0,2,0,0,0,2,6,0,1,0,0,0,0,0,1,1,0,0,0,0,0,5,0,0,0,0,1,0,0,0,0,0,0,0,11,0,7,0,0,0,0,0,8,0,0,9,0,0,7,0,0,0,10,7,7,7,0,0,0,0,12,0,0,8,0.0,0.0,0.0,0.0,0.0,0.0,0.0,0.0,1.0,0.0,0.0,0.0,0.0,0.0,0.0,1.0,1.0,0.0,0.0,0.0,0.0,0.0
r2qkb1r/pp3ppp/2n2n2/2p1P3/3p1P2/3P3B/PP2NP1P/R1BQK2R b KQkq - 0 11,8,13,4,5,1782,1775,1,2,0,0,5,6,4,0,2,1,1,0,0,0,1,1,1,0,0,3,0,0,3,0,0,0,0,1,0,7,0,0,0,0,0,0,1,0,7,0,0,0,0,0,7,0,0,0,10,7,7,0,0,9,7,0,7,8,0,10,11,12,0,0,8,0.0,0.0,0.0,0.0,0.0,0.0,1.0,0.0,0.0,0.0,0.0,0.0,0.0,0.0,1.0,0.0,-2.0,-1.0,0.0,0.0,0.0,0.0
r1bqk2r/pp2ppbp/1n1p1np1/8/2PNP3/2N1B3/PP2BPPP/R2QK2R w KQkq - 4 9,10,2,5,3,1748,1743,0,2,0,4,5,6,0,0,2,1,1,0,0,1,1,4,1,0,3,0,1,0,3,1,0,0,0,0,0,0,0,0,0,0,0,7,9,7,0,0,0,0,0,9,0,10,0,0,0,7,7,0,0,10,7,7,7,8,0,0,11,12,0,0,8,0.0,1.0,0.0,0.0,0.0,0.0,0.0,0.0,0.0,1.0,0.0,0.0,0.0,0.0,0.0,0.0,2.0,0.0,0.0,0.0,0.0,0.0
r4rk1/1bq1bppp/p2p1n2/2pP4/1p6/2N1BN2/PPP1QPPP/3RR1K1 w - - 1 16,1,1,5,4,1504,1510,0,2,0,0,0,0,2,6,0,0,4,5,0,4,1,1,1,1,0,0,1,0,3,0,0,0,0,1,7,0,0,0,0,0,1,0,0,0,0,0,0,0,0,9,0,10,9,0,0,7,7,7,0,11,7,7,7,0,0,0,8,8,0,12,0,0.0,0.0,0.0,1.0,0.0,0.0,0.0,0.0,0.0,0.0,0.0,1.0,0.0,0.0,0.0,0.0,-1.0,-2.0,0.0,0.0,0.0,0.0
2kr4/ppp1b3/3p2n1/4n3/2P2Rq1/1P2P3/PB1N1K2/R7 b - - 4 23,13,2,4,2,1511,1598,1,0,0,6,2,0,0,0,0,1,1,1,0,4,0,0,0,0,0,0,1,0,0,3,0,0,0,0,0,3,0,0,0,0,0,7,0,0,8,5,0,0,7,0,0,7,0,0,0,7,10,0,9,0,12,0,0,8,0,0,0,0,0,0,0,0.0,0.0,0.0,0.0,0.0,0.0,1.0,0.0,0.0,0.0,0.0,0.0,0.0,0.0,0.0,1.0,-1.0,-2.0,0.0,0.0,0.0,0.0
3r4/pp4k1/5p2/5P2/2n3p1/2B5/P1P2PB1/2K1R3 w - - 1 30,13,10,4,3,2613,2789,0,0,0,0,2,0,0,0,0,1,1,0,0,0,0,6,0,0,0,0,0,0,1,0,0,0,0,0,0,0,7,0,0,0,0,3,0,0,0,1,0,0,0,10,0,0,0,0,0,7,0,7,0,0,7,10,0,0,0,12,0,8,0,0,0,0.0,1.0,0.0,0.0,0.0,0.0,0.0,0.0,0.0,0.0,0.0,0.0,0.0,1.0,0.0,0.0,0.0,6.0,0.0,0.0,0.0,0.0
r1bqkbnr/3p1ppp/ppn1p3/2p5/P1B1PP2/2N2N2/1PPP2PP/R1BQK2R b KQkq - 1 6,7,2,5,3,1724,1470,1,2,0,4,5,6,4,3,2,0,0,0,1,0,1,1,1,1,1,3,0,1,0,0,0,0,0,1,0,0,0,0,0,7,0,10,0,7,7,0,0,0,0,9,0,0,9,0,0,0,7,7,7,0,0,7,7,8,0,10,11,12,0,0,8,0.0,0.0,0.0,0.0,0.0,0.0,0.0,0.0,1.0,0.0,0.0,1.0,0.0,0.0,0.0,0.0,-1.0,-1.0,0.0,0.0,0.0,0.0
6k1/p3rppp/2Pp1q2/Q1p5/5P2/1P6/P5PP/5RK1 b - - 2 24,4,1,1,3,1862,1847,1,0,0,0,0,0,0,6,0,1,0,0,0,2,1,1,1,0,0,7,1,0,5,0,0,11,0,1,0,0,0,0,0,0,0,0,0,0,7,0,0,0,7,0,0,0,0,0,0,7,0,0,0,0,0,7,7,0,0,0,0,0,8,12,0,0.0,0.0,0.0,0.0,0.0,0.0,1.0,0.0,0.0,0.0,0.0,0.0,0.0,0.0,1.0,0.0,-2.0,-2.0,0.0,0.0,0.0,0.0
2Q5/5Qp1/1N2P2p/4b1k1/4p3/2P4P/5PP1/r4BK1 w - - 7 42,2,19,2,3,2134,2136,0,0,0,11,0,0,0,0,0,0,0,0,0,0,11,1,0,0,9,0,0,7,0,0,1,0,0,0,0,4,0,6,0,0,0,0,0,1,0,0,0,0,0,7,0,0,0,0,7,0,0,0,0,0,7,7,0,2,0,0,0,0,10,12,0,0.0,0.0,0.0,0.0,0.0,0.0,0.0,1.0,0.0,0.0,0.0,0.0,0.0,0.0,1.0,0.0,0.0,1.0,0.0,0.0,0.0,0.0
r4rk1/ppp1qppp/3p1n2/8/2P3b1/P4nP1/1PQBPPBP/R4RK1 w - - 0 13,2,1,2,4,1641,1598,0,2,0,0,0,0,2,6,0,1,1,1,0,5,1,1,1,0,0,0,1,0,3,0,0,0,0,0,0,0,0,0,0,0,0,7,0,0,0,4,0,7,0,0,0,0,3,7,0,0,7,11,10,7,7,10,7,8,0,0,0,0,8,12,0,0.0,0.0,1.0,0.0,0.0,0.0,0.0,0.0,0.0,0.0,0.0,0.0,0.0,0.0,0.0,1.0,-1.0,1.0,0.0,0.0,0.0,0.0
rnbqkbnr/pppppppp/8/8/8/8/PPPPPPPP/RNBQKBNR w KQkq - 0 1,1,1,0,0,2219,2231,0,2,3,4,5,6,4,3,2,1,1,1,1,1,1,1,1,0,0,0,0,0,0,0,0,0,0,0,0,0,0,0,0,0,0,0,0,0,0,0,0,0,0,0,0,0,0,0,0,7,7,7,7,7,7,7,7,8,9,10,11,12,10,9,8,0.0,0.0,1.0,0.0,0.0,0.0,0.0,0.0,0.0,0.0,0.0,0.0,0.0,1.0,0.0,0.0,0.0,2.0,0.0,0.0,0.0,0.0
rnbqkbnr/ppp1pppp/8/3p4/4P3/8/PPPP1PPP/RNBQKBNR w KQkq - 0 2,4,4,2,3,1457,1411,0,2,3,4,5,6,4,3,2,1,1,1,0,1,1,1,1,0,0,0,0,0,0,0,0,0,0,0,1,0,0,0,0,0,0,0,0,7,0,0,0,0,0,0,0,0,0,0,0,7,7,7,7,0,7,7,7,8,9,10,11,12,10,9,8,0.0,1.0,0.0,0.0,0.0,0.0,0.0,0.0,0.0,0.0,0.0,0.0,0.0,0.0,0.0,1.0,-1.0,2.0,0.0,0.0,0.0,0.0
r3k2r/pp3pp1/2np1n2/q2pp3/3P3p/2PQP2P/PP3PPB/R3K1NR w KQkq - 0 13,5,5,4,6,1502,1524,0,2,0,0,0,6,0,0,2,1,1,0,0,0,1,1,0,0,0,3,1,0,3,0,0,5,0,0,1,1,0,0,0,0,0,0,7,0,0,0,1,0,0,7,11,7,0,0,7,7,7,0,0,0,7,7,10,8,0,0,0,12,0,9,8,0.0,0.0,0.0,0.0,1.0,0.0,0.0,0.0,0.0,0.0,0.0,0.0,1.0,0.0,0.0,0.0,1.0,1.0,0.0,0.0,0.0,0.0
rnbqkbnr/pppppp1p/6p1/8/4P3/8/PPPP1PPP/RNBQKBNR w KQkq - 0 2,4,1,2,0,1311,1364,0,2,3,4,5,6,4,3,2,1,1,1,1,1,1,0,1,0,0,0,0,0,0,1,0,0,0,0,0,0,0,0,0,0,0,0,0,7,0,0,0,0,0,0,0,0,0,0,0,7,7,7,7,0,7,7,7,8,9,10,11,12,10,9,8,0.0,1.0,0.0,0.0,0.0,0.0,0.0,0.0,0.0,0.0,0.0,0.0,0.0,0.0,0.0,1.0,-1.0,2.0,0.0,0.0,0.0,0.0
8/8/1p3k1p/1B6/1b1P1p2/1P6/5PPP/3R2K1 w - - 1 32,1,14,3,1,2009,1891,0,0,0,0,0,0,0,0,0,0,0,0,0,0,0,0,0,0,1,0,0,0,6,0,1,0,10,0,0,0,0,0,0,0,4,0,7,0,1,0,0,0,7,0,0,0,0,0,0,0,0,0,0,0,7,7,7,0,0,0,8,0,0,12,0,0.0,0.0,0.0,0.0,0.0,1.0,0.0,0.0,0.0,0.0,1.0,0.0,0.0,0.0,0.0,0.0,1.0,-1.0,0.0,0.0,0.0,0.0
b3r2k/p4Rpp/1p6/1Pq5/2P1P1P1/7P/6B1/5R1K b - - 0 34,5,1,3,4,2350,2370,1,4,0,0,0,2,0,0,6,1,0,0,0,0,8,1,1,0,1,0,0,0,0,0,0,0,7,5,0,0,0,0,0,0,0,7,0,7,0,7,0,0,0,0,0,0,0,0,7,0,0,0,0,0,0,10,0,0,0,0,0,0,8,0,12,0.0,0.0,0.0,0.0,0.0,0.0,0.0,1.0,0.0,0.0,0.0,0.0,0.0,0.0,0.0,0.0,0.0,-1.0,0.0,0.0,0.0,0.0
rn2kb1r/ppp2pp1/4p2p/8/4P3/8/PP3PPP/R1BK1B1R w kq - 0 11,16,8,2,1,1736,1698,0,2,3,0,0,6,4,0,2,1,1,1,0,0,1,1,0,0,0,0,0,1,0,0,1,0,0,0,0,0,0,0,0,0,0,0,0,7,0,0,0,0,0,0,0,0,0,0,0,7,7,0,0,0,7,7,7,8,0,10,12,0,10,0,8,0.0,1.0,0.0,0.0,0.0,0.0,0.0,0.0,0.0,0.0,0.0,0.0,0.0,0.0,1.0,0.0,-4.0,4.0,0.0,0.0,0.0,0.0
2q1kb1r/4nppp/2p1p3/4N3/2Q1P3/8/1B1P1PPP/R5K1 w k - 4 19,1,8,6,1,1544,1580,0,0,0,5,0,6,4,0,2,0,0,0,0,3,1,1,1,0,0,1,0,1,0,0,0,0,0,0,0,9,0,0,0,0,0,11,0,7,0,0,0,0,0,0,0,0,0,0,0,0,10,0,7,0,7,7,7,8,0,0,0,0,0,12,0,0.0,0.0,1.0,0.0,0.0,0.0,0.0,0.0,0.0,0.0,1.0,0.0,0.0,0.0,0.0,0.0,-1.0,1.0,0.0,0.0,0.0,0.0
rnbqkbnr/pppppppp/8/8/8/8/PPPPPPPP/RNBQKBNR w KQkq - 0 1,1,1,0,0,809,743,0,2,3,4,5,6,4,3,2,1,1,1,1,1,1,1,1,0,0,0,0,0,0,0,0,0,0,0,0,0,0,0,0,0,0,0,0,0,0,0,0,0,0,0,0,0,0,0,0,7,7,7,7,7,7,7,7,8,9,10,11,12,10,9,8,0.0,0.0,1.0,0.0,0.0,0.0,0.0,0.0,0.0,0.0,0.0,0.0,0.0,1.0,0.0,0.0,0.0,2.0,0.0,0.0,0.0,0.0
r2q1rk1/pp2bpp1/2n1bn1p/3p4/8/1P2PN2/PB1NBPPP/R2QK2R w KQ - 2 12,8,2,3,5,2149,2195,0,2,0,0,5,0,2,6,0,1,1,0,0,4,1,1,0,0,0,3,0,4,3,0,1,0,0,0,1,0,0,0,0,0,0,0,0,0,0,0,0,0,7,0,0,7,9,0,0,7,10,0,9,10,7,7,7,8,0,0,11,12,0,0,8,0.0,1.0,0.0,0.0,0.0,0.0,0.0,0.0,0.0,0.0,0.0,0.0,0.0,1.0,0.0,0.0,2.0,0.0,0.0,0.0,0.0,0.0
r2qkb1r/ppp3pp/3ppn2/8/3QP3/2N4P/PPP2PP1/R1B1K2R b KQkq - 0 10,10,9,5,3,990,937,1,2,0,0,5,6,4,0,2,1,1,1,0,0,0,1,1,0,0,0,1,1,3,0,0,0,0,0,0,0,0,0,0,0,0,0,11,7,0,0,0,0,0,9,0,0,0,0,7,7,7,7,0,0,7,7,0,8,0,10,0,12,0,0,8,0.0,0.0,0.0,0.0,0.0,0.0,1.0,0.0,0.0,0.0,0.0,0.0,0.0,1.0,0.0,0.0,0.0,-1.0,0.0,0.0,0.0,0.0
r4rk1/pp6/3p1p1p/2p3q1/6R1/5QP1/PPP2P1P/R5K1 w - - 0 18,2,9,3,3,1810,1782,0,2,0,0,0,0,2,6,0,1,1,0,0,0,0,0,0,0,0,0,1,0,1,0,1,0,0,1,0,0,0,5,0,0,0,0,0,0,0,8,0,0,0,0,0,0,11,7,0,7,7,7,0,0,7,0,7,8,0,0,0,0,0,12,0,0.0,0.0,0.0,0.0,1.0,0.0,0.0,0.0,0.0,0.0,0.0,0.0,0.0,0.0,0.0,1.0,0.0,1.0,0.0,0.0,0.0,0.0
4Q3/2k5/8/7P/4K3/8/8/8 b - - 2 50,19,19,5,0,2409,2372,1,0,0,0,0,11,0,0,0,0,0,6,0,0,0,0,0,0,0,0,0,0,0,0,0,0,0,0,0,0,0,0,7,0,0,0,0,12,0,0,0,0,0,0,0,0,0,0,0,0,0,0,0,0,0,0,0,0,0,0,0,0,0,0,0,0.0,0.0,0.0,0.0,0.0,0.0,0.0,1.0,0.0,0.0,0.0,1.0,0.0,0.0,0.0,0.0,-1.0,-1.0,0.0,0.0,0.0,0.0
rnbqkbnr/pp1ppppp/2p5/8/4P3/8/PPPP1PPP/RNBQKBNR w KQkq - 0 2,4,1,2,1,1199,1274,0,2,3,4,5,6,4,3,2,1,1,0,1,1,1,1,1,0,0,1,0,0,0,0,0,0,0,0,0,0,0,0,0,0,0,0,0,7,0,0,0,0,0,0,0,0,0,0,0,7,7,7,7,0,7,7,7,8,9,10,11,12,10,9,8,0.0,1.0,0.0,0.0,0.0,0.0,0.0,0.0,0.0,0.0,0.0,0.0,0.0,0.0,0.0,1.0,-1.0,2.0,0.0,0.0,0.0,0.0
rn2k2r/pp1qnpbp/6p1/2pp4/3P4/2P2N2/PP3PPP/RNBQ1RK1 b kq - 0 10,1,10,3,5,1592,1921,1,2,3,0,0,6,0,0,2,1,1,0,5,3,1,4,1,0,0,0,0,0,0,1,0,0,0,1,1,0,0,0,0,0,0,0,7,0,0,0,0,0,0,7,0,0,9,0,0,7,7,0,0,0,7,7,7,8,9,10,11,0,8,12,0,0.0,0.0,0.0,0.0,0.0,0.0,0.0,1.0,0.0,0.0,1.0,0.0,0.0,0.0,0.0,0.0,0.0,-1.0,0.0,0.0,0.0,0.0
rnbqkbnr/pp1p1ppp/4p3/2p5/4P3/2N5/PPPP1PPP/R1BQKBNR w KQkq - 0 3,4,2,3,2,1967,1692,0,2,3,4,5,6,4,3,2,1,1,0,1,0,1,1,1,0,0,0,0,1,0,0,0,0,0,1,0,0,0,0,0,0,0,0,0,7,0,0,0,0,0,9,0,0,0,0,0,7,7,7,7,0,7,7,7,8,0,10,11,12,10,9,8,0.0,0.0,1.0,0.0,0.0,0.0,0.0,0.0,0.0,0.0,0.0,0.0,0.0,0.0,1.0,0.0,0.0,2.0,0.0,0.0,0.0,0.0
8/3N2p1/5p1p/6k1/6P1/2n2K2/8/8 b - - 1 53,13,19,2,3,1837,2007,1,0,0,0,0,0,0,0,0,0,0,0,9,0,0,1,0,0,0,0,0,0,1,0,1,0,0,0,0,0,0,6,0,0,0,0,0,0,0,7,0,0,0,3,0,0,12,0,0,0,0,0,0,0,0,0,0,0,0,0,0,0,0,0,0,0.0,0.0,0.0,1.0,0.0,0.0,0.0,0.0,0.0,0.0,0.0,1.0,0.0,0.0,0.0,0.0,1.0,2.0,0.0,0.0,0.0,0.0
8/4kp2/1pr1p1pp/p7/P1r2P2/2P3P1/1R3P1P/2R3K1 w - - 3 32,2,13,2,3,2018,1920,0,0,0,0,0,0,0,0,0,0,0,0,0,6,1,0,0,0,1,2,0,1,0,1,1,1,0,0,0,0,0,0,0,7,0,2,0,0,7,0,0,0,0,7,0,0,0,7,0,0,8,0,0,0,7,0,7,0,0,8,0,0,0,12,0,0.0,1.0,0.0,0.0,0.0,0.0,0.0,0.0,0.0,0.0,0.0,1.0,0.0,0.0,0.0,0.0,-1.0,0.0,0.0,0.0,0.0,0.0
r4rk1/1p5p/p1p1b1pP/3pn1P1/2PK4/1P2P3/3NB3/5R1R b - - 4 28,19,8,5,4,2025,1830,1,2,0,0,0,0,2,6,0,0,1,0,0,0,0,0,1,1,0,1,0,4,0,1,7,0,0,0,1,3,0,7,0,0,0,7,12,0,0,0,0,0,7,0,0,7,0,0,0,0,0,0,9,10,0,0,0,0,0,0,0,0,8,0,8,0.0,0.0,0.0,0.0,0.0,0.0,0.0,0.0,1.0,0.0,0.0,0.0,0.0,0.0,1.0,0.0,0.0,-7.0,0.0,0.0,0.0,0.0
2r3k1/p3rppp/4p3/1q1pP1b1/3P2P1/P1B4P/1PR2QK1/5R2 w - - 9 30,8,1,4,3,1868,2089,0,0,0,2,0,0,0,6,0,1,0,0,0,2,1,1,1,0,0,0,0,1,0,0,0,0,5,0,1,7,0,4,0,0,0,0,7,0,0,7,0,7,0,10,0,0,0,0,7,0,7,8,0,0,11,12,0,0,0,0,0,0,8,0,0,0.0,0.0,0.0,1.0,0.0,0.0,0.0,0.0,0.0,0.0,0.0,1.0,0.0,0.0,0.0,0.0,-1.0,1.0,0.0,0.0,0.0,0.0
8/8/PR4pk/5p2/1P1r1K2/8/7P/8 w - - 7 41,19,13,2,3,2108,1983,0,0,0,0,0,0,0,0,0,0,0,0,0,0,0,0,0,7,8,0,0,0,0,1,6,0,0,0,0,0,1,0,0,0,7,0,2,0,12,0,0,0,0,0,0,0,0,0,0,0,0,0,0,0,0,0,7,0,0,0,0,0,0,0,0,0.0,0.0,0.0,0.0,1.0,0.0,0.0,0.0,0.0,0.0,0.0,0.0,0.0,0.0,1.0,0.0,-1.0,1.0,0.0,0.0,0.0,0.0
6k1/1pp4p/p2p2nP/3PbrN1/6R1/4B3/P1P1K3/8 w - - 5 34,16,13,3,3,1985,2207,0,0,0,0,0,0,0,6,0,0,1,1,0,0,0,0,1,1,0,0,1,0,0,3,7,0,0,0,7,4,2,9,0,0,0,0,0,0,0,8,0,0,0,0,0,10,0,0,0,7,0,7,0,12,0,0,0,0,0,0,0,0,0,0,0,0.0,0.0,0.0,0.0,0.0,1.0,0.0,0.0,0.0,0.0,0.0,0.0,0.0,0.0,0.0,1.0,-2.0,1.0,0.0,0.0,0.0,0.0
r1bqk1nr/1ppp1p1p/p1n5/2b1p1p1/B3P3/2P2N2/PP1P1PPP/RNBQK2R w KQkq - 0 6,4,4,4,3,1432,1901,0,2,0,4,5,6,0,3,2,0,1,1,1,0,1,0,1,1,0,3,0,0,0,0,0,0,0,4,0,1,0,1,0,10,0,0,0,7,0,0,0,0,0,7,0,0,9,0,0,7,7,0,7,0,7,7,7,8,9,10,11,12,0,0,8,0.0,0.0,1.0,0.0,0.0,0.0,0.0,0.0,0.0,0.0,0.0,0.0,1.0,0.0,0.0,0.0,0.0,2.0,0.0,0.0,0.0,0.0
r3r1k1/p4pp1/1npBp2p/3pN3/3P2Q1/2P4P/qP3PP1/1R2R1K1 w - - 0 20,2,2,5,3,1920,1441,0,2,0,0,0,2,0,6,0,1,0,0,0,0,1,1,0,0,3,1,10,1,0,0,1,0,0,0,1,9,0,0,0,0,0,0,7,0,0,11,0,0,0,7,0,0,0,0,7,5,7,0,0,0,7,7,0,0,8,0,0,8,0,12,0,0.0,0.0,0.0,0.0,0.0,1.0,0.0,0.0,0.0,0.0,0.0,0.0,0.0,1.0,0.0,0.0,-2.0,1.0,0.0,0.0,0.0,0.0
rnbqkb1r/pppppppp/5n2/8/3P4/8/PPP1PPPP/RNBQKBNR w KQkq - 1 2,4,1,3,2,1495,1928,0,2,3,4,5,6,4,0,2,1,1,1,1,1,1,1,1,0,0,0,0,0,3,0,0,0,0,0,0,0,0,0,0,0,0,0,7,0,0,0,0,0,0,0,0,0,0,0,0,7,7,7,0,7,7,7,7,8,9,10,11,12,10,9,8,0.0,1.0,0.0,0.0,0.0,0.0,0.0,0.0,0.0,0.0,1.0,0.0,0.0,0.0,0.0,0.0,1.0,2.0,0.0,0.0,0.0,0.0
r1bqkbnr/pppp1ppp/2n5/4p3/4P3/5N2/PPPP1PPP/RNBQKB1R w KQkq - 2 3,4,4,4,3,1947,1590,0,2,0,4,5,6,4,3,2,1,1,1,1,0,1,1,1,0,0,3,0,0,0,0,0,0,0,0,0,1,0,0,0,0,0,0,0,7,0,0,0,0,0,0,0,0,9,0,0,7,7,7,7,0,7,7,7,8,9,10,11,12,10,0,8,0.0,0.0,1.0,0.0,0.0,0.0,0.0,0.0,0.0,0.0,0.0,0.0,1.0,0.0,0.0,0.0,0.0,2.0,0.0,0.0,0.0,0.0
r1bqkb1r/pp2pppp/2np1n2/8/3NP3/2N5/PPP2PPP/R1BQKB1R w KQkq - 0 6,10,2,5,4,1605,2017,0,2,0,4,5,6,4,0,2,1,1,0,0,1,1,1,1,0,0,3,1,0,3,0,0,0,0,0,0,0,0,0,0,0,0,0,9,7,0,0,0,0,0,9,0,0,0,0,0,7,7,7,0,0,7,7,7,8,0,10,11,12,10,0,8,0.0,1.0,0.0,0.0,0.0,0.0,0.0,0.0,0.0,0.0,0.0,1.0,0.0,0.0,0.0,0.0,2.0,2.0,0.0,0.0,0.0,0.0
rnbqkbnr/pppppppp/8/8/4P3/8/PPPP1PPP/RNBQKBNR b KQkq - 0 1,4,1,2,0,2022,1708,1,2,3,4,5,6,4,3,2,1,1,1,1,1,1,1,1,0,0,0,0,0,0,0,0,0,0,0,0,0,0,0,0,0,0,0,0,7,0,0,0,0,0,0,0,0,0,0,0,7,7,7,7,0,7,7,7,8,9,10,11,12,10,9,8,0.0,0.0,0.0,0.0,0.0,0.0,0.0,1.0,0.0,0.0,0.0,0.0,0.0,1.0,0.0,0.0,0.0,-2.0,0.0,0.0,0.0,0.0
3Qn1k1/pp4bp/4q1p1/4pnN1/2P2r2/P2P4/1P4BP/1R2R1K1 b - - 1 30,13,8,4,5,1807,2077,1,0,0,0,11,3,0,6,0,1,1,0,0,0,0,4,1,0,0,0,0,5,0,1,0,0,0,0,0,1,3,9,0,0,0,7,0,0,2,0,0,7,0,0,7,0,0,0,0,0,7,0,0,0,0,10,7,0,8,0,0,8,0,12,0,0.0,0.0,0.0,0.0,0.0,0.0,1.0,0.0,0.0,0.0,0.0,0.0,0.0,1.0,0.0,0.0,1.0,0.0,0.0,0.0,0.0,0.0
rnbqkbnr/pppppppp/8/8/8/8/PPPPPPPP/RNBQKBNR w KQkq - 0 1,1,1,0,0,2077,1822,0,2,3,4,5,6,4,3,2,1,1,1,1,1,1,1,1,0,0,0,0,0,0,0,0,0,0,0,0,0,0,0,0,0,0,0,0,0,0,0,0,0,0,0,0,0,0,0,0,7,7,7,7,7,7,7,7,8,9,10,11,12,10,9,8,0.0,0.0,1.0,0.0,0.0,0.0,0.0,0.0,0.0,0.0,0.0,0.0,1.0,0.0,0.0,0.0,0.0,2.0,0.0,0.0,0.0,0.0
r2qr1k1/p3bppp/n1p2pb1/2Pp4/3P3N/1B4Q1/PB3PPP/R3R1K1 w - - 1 17,1,1,5,4,1845,2085,0,2,0,0,5,2,0,6,0,1,0,0,0,4,1,1,1,3,0,1,0,0,1,4,0,0,0,7,1,0,0,0,0,0,0,0,7,0,0,0,9,0,10,0,0,0,0,11,0,7,10,0,0,0,7,7,7,8,0,0,0,8,0,12,0,0.0,0.0,1.0,0.0,0.0,0.0,0.0,0.0,0.0,0.0,0.0,0.0,0.0,0.0,1.0,0.0,0.0,2.0,0.0,0.0,0.0,0.0
rnbqkbnr/pp1ppppp/2p5/8/3PP3/8/PPP2PPP/RNBQKBNR b KQkq - 0 2,7,1,5,1,2240,1873,1,2,3,4,5,6,4,3,2,1,1,0,1,1,1,1,1,0,0,1,0,0,0,0,0,0,0,0,0,0,0,0,0,0,0,0,7,7,0,0,0,0,0,0,0,0,0,0,0,7,7,7,0,0,7,7,7,8,9,10,11,12,10,9,8,0.0,0.0,0.0,0.0,0.0,0.0,0.0,1.0,0.0,0.0,0.0,0.0,1.0,0.0,0.0,0.0,0.0,-2.0,0.0,0.0,0.0,0.0
r1bqkbnr/pppp1p1p/2n5/4p3/2B1P3/6p1/PPPP1PPP/RNBQNRK1 w kq - 0 6,1,4,2,3,708,479,0,2,0,4,5,6,4,3,2,1,1,1,1,0,1,0,1,0,0,3,0,0,0,0,0,0,0,0,0,1,0,0,0,0,0,10,0,7,0,0,0,0,0,0,0,0,0,1,0,7,7,7,7,0,7,7,7,8,9,10,11,9,8,12,0,0.0,0.0,1.0,0.0,0.0,0.0,0.0,0.0,0.0,0.0,0.0,0.0,0.0,0.0,1.0,0.0,1.0,1.0,0.0,0.0,0.0,0.0
r1bq1rk1/pppp1ppp/2nb1n2/4p3/1P6/P1P2NP1/3PPPBP/RNBQ1RK1 b - - 2 7,2,1,2,5,516,741,1,2,0,4,5,0,2,6,0,1,1,1,1,0,1,1,1,0,0,3,4,0,3,0,0,0,0,0,0,1,0,0,0,0,7,0,0,0,0,0,0,7,0,7,0,0,9,7,0,0,0,0,7,7,7,10,7,8,9,10,11,0,8,12,0,0.0,0.0,0.0,0.0,0.0,0.0,1.0,0.0,0.0,0.0,0.0,0.0,1.0,0.0,0.0,0.0,1.0,1.0,0.0,0.0,0.0,0.0
3qr1k1/p1p1pp1p/3p2p1/8/4P2P/2N3P1/5r2/6QK b - - 1 30,5,2,3,1,808,531,1,0,0,0,5,2,0,6,0,1,0,1,0,1,1,0,1,0,0,0,1,0,0,1,0,0,0,0,0,0,0,0,0,0,0,0,0,7,0,0,7,0,0,9,0,0,0,7,0,0,0,0,0,0,2,0,0,0,0,0,0,0,0,11,12,0.0,0.0,1.0,0.0,0.0,0.0,0.0,0.0,0.0,0.0,0.0,0.0,0.0,0.0,1.0,0.0,-3.0,0.0,0.0,0.0,0.0,0.0
rnbqkbnr/pppppppp/8/8/8/8/PPPPPPPP/RNBQKBNR w KQkq - 0 1,1,1,0,0,629,1517,0,2,3,4,5,6,4,3,2,1,1,1,1,1,1,1,1,0,0,0,0,0,0,0,0,0,0,0,0,0,0,0,0,0,0,0,0,0,0,0,0,0,0,0,0,0,0,0,0,7,7,7,7,7,7,7,7,8,9,10,11,12,10,9,8,0.0,0.0,1.0,0.0,0.0,0.0,0.0,0.0,0.0,0.0,0.0,0.0,0.0,1.0,0.0,0.0,0.0,2.0,0.0,0.0,0.0,0.0
r1bq1rk1/pp1p1pbp/2n1pnp1/2p5/2PP4/2N1PNP1/PP3PBP/R1BQ1RK1 b - - 0 8,2,2,5,4,1442,1838,1,2,0,4,5,0,2,6,0,1,1,0,1,0,1,4,1,0,0,3,0,1,3,1,0,0,0,1,0,0,0,0,0,0,0,7,7,0,0,0,0,0,0,9,0,7,9,7,0,7,7,0,0,0,7,10,7,8,0,10,11,0,8,12,0,0.0,0.0,0.0,0.0,0.0,1.0,0.0,0.0,0.0,0.0,0.0,1.0,0.0,0.0,0.0,0.0,1.0,-1.0,0.0,0.0,0.0,0.0
r2qkb1r/1bp3pp/p3p3/2p4n/2NpNP2/1P1P3P/PBP3P1/R3QRK1 b kq - 0 16,5,14,4,4,1894,1500,1,2,0,0,5,6,4,0,2,0,4,1,0,0,0,1,1,1,0,0,0,1,0,0,0,0,0,1,0,0,0,0,3,0,0,9,1,9,7,0,0,0,7,0,7,0,0,0,7,7,10,7,0,0,0,7,0,8,0,0,0,11,8,12,0,0.0,0.0,0.0,0.0,0.0,0.0,0.0,1.0,0.0,0.0,1.0,0.0,0.0,0.0,0.0,0.0,3.0,-3.0,0.0,0.0,0.0,0.0
r1b1k2r/2p1qppp/p2p2n1/1p1Pp3/4PnP1/1PP2N1P/P1BQ1P2/RN2R1K1 w kq - 1 18,5,5,6,4,1397,1179,0,2,0,4,0,6,0,0,2,0,0,1,0,5,1,1,1,1,0,0,1,0,0,3,0,0,1,0,7,1,0,0,0,0,0,0,0,7,3,7,0,0,7,7,0,0,9,0,7,7,0,10,11,0,7,0,0,8,9,0,0,8,0,12,0,0.0,1.0,0.0,0.0,0.0,0.0,0.0,0.0,0.0,0.0,0.0,0.0,0.0,0.0,0.0,1.0,1.0,1.0,0.0,0.0,0.0,0.0
6k1/5r1p/2P3p1/p7/1p1Q1P1P/6NK/P5P1/2r5 b - - 0 46,7,8,4,0,1220,1539,1,0,0,0,0,0,0,6,0,0,0,0,0,0,2,0,1,0,0,7,0,0,0,1,0,1,0,0,0,0,0,0,0,0,1,0,11,0,7,0,7,0,0,0,0,0,0,9,12,7,0,0,0,0,0,7,0,0,0,2,0,0,0,0,0,0.0,1.0,0.0,0.0,0.0,0.0,0.0,0.0,0.0,0.0,0.0,1.0,0.0,0.0,0.0,0.0,0.0,5.0,0.0,0.0,0.0,0.0
r1b1kbnr/pppp1p1p/6p1/4p3/4q3/5N2/PPPPnPPP/RNB2R1K b kq - 1 8,1,4,2,5,785,1677,1,2,0,4,0,6,4,3,2,1,1,1,1,0,1,0,1,0,0,0,0,0,0,1,0,0,0,0,0,1,0,0,0,0,0,0,0,5,0,0,0,0,0,0,0,0,9,0,0,7,7,7,7,3,7,7,7,8,9,10,0,0,8,0,12,0.0,0.0,1.0,0.0,0.0,0.0,0.0,0.0,0.0,0.0,0.0,0.0,0.0,1.0,0.0,0.0,-2.0,-1.0,0.0,0.0,0.0,0.0
6k1/p4p1p/5B2/6p1/3PQ3/1P6/P1P2PPK/2R5 w - - 0 23,13,4,5,0,1726,940,0,0,0,0,0,0,0,6,0,1,0,0,0,0,1,0,1,0,0,0,0,0,10,0,0,0,0,0,0,0,0,1,0,0,0,0,7,11,0,0,0,0,7,0,0,0,0,0,0,7,0,7,0,0,7,7,12,0,0,8,0,0,0,0,0,0.0,0.0,0.0,0.0,1.0,0.0,0.0,0.0,0.0,0.0,0.0,0.0,0.0,1.0,0.0,0.0,0.0,4.0,0.0,0.0,0.0,0.0
rnbqkbnr/ppp1pppp/8/3p4/3P4/8/PPP1PPPP/RNBQKBNR w KQkq - 0 2,4,4,3,3,975,1751,0,2,3,4,5,6,4,3,2,1,1,1,0,1,1,1,1,0,0,0,0,0,0,0,0,0,0,0,1,0,0,0,0,0,0,0,7,0,0,0,0,0,0,0,0,0,0,0,0,7,7,7,0,7,7,7,7,8,9,10,11,12,10,9,8,0.0,1.0,0.0,0.0,0.0,0.0,0.0,0.0,0.0,0.0,0.0,1.0,0.0,0.0,0.0,0.0,4.0,4.0,0.0,0.0,0.0,0.0
rnbqkbnr/pppppppp/8/8/4P3/8/PPPP1PPP/RNBQKBNR b KQkq - 0 1,4,1,2,0,1860,1296,1,2,3,4,5,6,4,3,2,1,1,1,1,1,1,1,1,0,0,0,0,0,0,0,0,0,0,0,0,0,0,0,0,0,0,0,0,7,0,0,0,0,0,0,0,0,0,0,0,7,7,7,7,0,7,7,7,8,9,10,11,12,10,9,8,0.0,0.0,0.0,0.0,0.0,0.0,0.0,1.0,0.0,0.0,0.0,0.0,0.0,1.0,0.0,0.0,0.0,-2.0,0.0,0.0,0.0,0.0
8/pk6/6R1/2KP2p1/P6r/1P6/8/8 b - - 3 44,19,19,3,2,1846,1778,1,0,0,0,0,0,0,0,0,1,6,0,0,0,0,0,0,0,0,0,0,0,0,8,0,0,0,12,7,0,0,1,0,7,0,0,0,0,0,0,2,0,7,0,0,0,0,0,0,0,0,0,0,0,0,0,0,0,0,0,0,0,0,0,0,0.0,0.0,0.0,0.0,0.0,1.0,0.0,0.0,0.0,0.0,0.0,0.0,0.0,0.0,0.0,1.0,0.0,-1.0,0.0,0.0,0.0,0.0
r1bq1rk1/pp1pppbp/2n3p1/4PnB1/2B5/2N2N2/PP2QPPP/R4RK1 b - - 6 10,1,2,5,2,2366,2322,1,2,0,4,5,0,2,6,0,1,1,0,1,1,1,4,1,0,0,3,0,0,0,1,0,0,0,0,0,7,3,10,0,0,0,10,0,0,0,0,0,0,0,9,0,0,9,0,0,7,7,0,0,11,7,7,7,8,0,0,0,0,8,12,0,0.0,0.0,0.0,0.0,0.0,0.0,0.0,1.0,0.0,0.0,0.0,0.0,0.0,0.0,0.0,0.0,0.0,-1.0,0.0,0.0,0.0,0.0
rn1qkbnr/ppp2ppp/3pb3/4p3/2B1P3/5N2/PPPP1PPP/RNBQK2R w KQkq - 2 4,4,5,4,4,1523,1522,0,2,3,0,5,6,4,3,2,1,1,1,0,0,1,1,1,0,0,0,1,4,0,0,0,0,0,0,0,1,0,0,0,0,0,10,0,7,0,0,0,0,0,0,0,0,9,0,0,7,7,7,7,0,7,7,7,8,9,10,11,12,0,0,8,0.0,0.0,1.0,0.0,0.0,0.0,0.0,0.0,0.0,0.0,0.0,1.0,0.0,0.0,0.0,0.0,0.0,1.0,0.0,0.0,0.0,0.0
8/8/8/7p/5KpP/7q/4k3/8 b - - 3 62,19,19,2,0,2189,2144,1,0,0,0,0,0,0,0,0,0,0,0,0,0,0,0,0,0,0,0,0,0,0,0,0,0,0,0,0,0,0,0,1,0,0,0,0,0,12,1,7,0,0,0,0,0,0,0,5,0,0,0,0,6,0,0,0,0,0,0,0,0,0,0,0,0.0,0.0,0.0,1.0,0.0,0.0,0.0,0.0,0.0,0.0,0.0,0.0,0.0,0.0,0.0,0.0,0.0,1.0,0.0,0.0,0.0,0.0
r2q2nr/pQp3pp/5pk1/4pb2/3nN3/b2B4/PPPP1PPP/R1B1K2R w KQ - 0 12,7,19,3,6,1743,1759,0,2,0,0,5,0,0,3,2,1,11,1,0,0,0,1,1,0,0,0,0,0,1,6,0,0,0,0,0,1,4,0,0,0,0,0,3,9,0,0,0,4,0,0,10,0,0,0,0,7,7,7,7,0,7,7,7,8,0,10,0,12,0,0,8,0.0,0.0,1.0,0.0,0.0,0.0,0.0,0.0,0.0,0.0,1.0,0.0,0.0,0.0,0.0,0.0,-1.0,1.0,0.0,0.0,0.0,0.0
rn1q1rk1/ppp1ppb1/3p2p1/7p/4P2P/4Q3/PPPNBPP1/2KR3R b - - 0 12,7,5,4,2,1634,1611,1,2,3,0,5,0,2,6,0,1,1,1,0,1,1,4,0,0,0,0,1,0,0,1,0,0,0,0,0,0,0,0,1,0,0,0,0,7,0,0,7,0,0,0,0,11,0,0,0,7,7,7,9,10,7,7,0,0,0,12,8,0,0,0,8,0.0,0.0,0.0,0.0,0.0,0.0,0.0,1.0,0.0,1.0,0.0,0.0,0.0,0.0,0.0,0.0,0.0,-1.0,0.0,0.0,0.0,0.0
rn1qk2r/1p1bbppp/p3pn2/3p4/3BP3/2N2N2/PPP1BPPP/R2Q1RK1 w kq - 2 9,1,5,6,3,1192,1270,0,2,3,0,5,6,0,0,2,0,1,0,4,4,1,1,1,1,0,0,0,1,3,0,0,0,0,0,1,0,0,0,0,0,0,0,10,7,0,0,0,0,0,9,0,0,9,0,0,7,7,7,0,10,7,7,7,8,0,0,11,0,8,12,0,0.0,0.0,0.0,0.0,1.0,0.0,0.0,0.0,0.0,0.0,0.0,0.0,0.0,1.0,0.0,0.0,-1.0,1.0,0.0,0.0,0.0,0.0
2k4r/ppp2pq1/2n1p3/8/3PpBp1/P1P3P1/2P1PP2/R4K1Q w - - 6 20,2,7,4,4,1388,1305,0,0,0,6,0,0,0,0,2,1,1,1,0,0,1,5,0,0,0,3,0,1,0,0,0,0,0,0,0,0,0,0,0,0,0,0,7,1,10,1,0,7,0,7,0,0,0,7,0,0,0,7,0,7,7,0,0,8,0,0,0,0,12,0,11,0.0,1.0,0.0,0.0,0.0,0.0,0.0,0.0,0.0,0.0,0.0,0.0,0.0,0.0,0.0,0.0,-1.0,1.0,0.0,0.0,0.0,0.0
3rk1nr/p1p3bp/1p3pp1/4p3/7B/2P1P2P/PP2BPb1/RN2K1R1 b Qk - 1 13,8,11,1,5,1940,1941,1,0,0,0,2,6,0,3,2,1,0,1,0,0,0,4,1,0,1,0,0,0,1,1,0,0,0,0,0,1,0,0,0,0,0,0,0,0,0,0,10,0,0,7,0,7,0,0,7,7,7,0,0,10,7,4,0,8,9,0,0,12,0,8,0,0.0,0.0,1.0,0.0,0.0,0.0,0.0,0.0,0.0,0.0,0.0,0.0,0.0,0.0,0.0,1.0,1.0,1.0,0.0,0.0,0.0,0.0
r2qkbnr/ppp1pppp/2n5/3p4/3P4/4PB2/PPP2PPP/RNBQK2R b KQkq - 0 5,5,4,5,5,1399,1417,1,2,0,0,5,6,4,3,2,1,1,1,0,1,1,1,1,0,0,3,0,0,0,0,0,0,0,0,1,0,0,0,0,0,0,0,7,0,0,0,0,0,0,0,0,7,10,0,0,7,7,7,0,0,7,7,7,8,9,10,11,12,0,0,8,0.0,0.0,0.0,0.0,0.0,0.0,0.0,0.0,1.0,0.0,0.0,0.0,0.0,0.0,0.0,1.0,-1.0,-2.0,0.0,0.0,0.0,0.0
r1b3k1/1p2np2/p1p3n1/8/1P1BP1P1/P2P3P/5QBq/RN3K2 b - - 0 24,13,13,6,2,1120,1040,1,2,0,4,0,0,0,6,0,0,1,0,0,3,1,0,0,1,0,1,0,0,0,3,0,0,0,0,0,0,0,0,0,0,7,0,10,7,0,7,0,7,0,0,7,0,0,0,7,0,0,0,0,0,11,10,5,8,9,0,0,0,12,0,0,0.0,0.0,1.0,0.0,0.0,0.0,0.0,0.0,0.0,0.0,0.0,0.0,0.0,0.0,0.0,0.0,-2.0,2.0,0.0,0.0,0.0,0.0
r5r1/1pp2p1k/p2p3p/5P2/6P1/3P1K2/PP4P1/7R w - - 1 26,8,7,1,1,1668,1717,0,2,0,0,0,0,0,2,0,0,1,1,0,0,1,0,6,1,0,0,1,0,0,0,1,0,0,0,0,0,7,0,0,0,0,0,0,0,0,7,0,0,0,0,7,0,12,0,0,7,7,0,0,0,0,7,0,0,0,0,0,0,0,0,8,0.0,0.0,0.0,1.0,0.0,0.0,0.0,0.0,0.0,0.0,0.0,0.0,0.0,0.0,1.0,0.0,0.0,1.0,0.0,0.0,0.0,0.0
r1bqk1nr/ppp2pbp/2np2p1/3Pp3/4P3/3BB3/PPP1NPPP/RN1QK2R b KQkq - 0 6,10,5,5,3,2027,2031,1,2,0,4,5,6,0,3,2,1,1,1,0,0,1,4,1,0,0,3,1,0,0,1,0,0,0,0,7,1,0,0,0,0,0,0,0,7,0,0,0,0,0,0,10,10,0,0,0,7,7,7,0,9,7,7,7,8,9,0,11,12,0,0,8,0.0,0.0,0.0,0.0,0.0,0.0,1.0,0.0,0.0,0.0,0.0,1.0,0.0,0.0,0.0,0.0,2.0,1.0,0.0,0.0,0.0,0.0
r2q1rk1/ppp2ppp/3p1n2/2b1p1Bb/P1BnP3/3P1N1P/1PPN1PP1/R2Q1RK1 w - - 3 10,2,1,5,6,1525,1534,0,2,0,0,5,0,2,6,0,1,1,1,0,0,1,1,1,0,0,0,1,0,3,0,0,0,0,4,0,1,0,10,4,7,0,10,3,7,0,0,0,0,0,0,7,0,9,0,7,0,7,7,9,0,7,7,0,8,0,0,11,0,8,12,0,0.0,0.0,1.0,0.0,0.0,0.0,0.0,0.0,0.0,0.0,0.0,1.0,0.0,0.0,0.0,0.0,0.0,1.0,0.0,0.0,0.0,0.0
5k2/5ppp/5b2/p2P4/PrB1p3/1P6/R4PPP/1R4K1 b - - 0 28,1,7,2,3,1879,1887,1,0,0,0,0,0,6,0,0,0,0,0,0,0,1,1,1,0,0,0,0,0,4,0,0,1,0,0,7,0,0,0,0,7,2,10,0,1,0,0,0,0,7,0,0,0,0,0,0,8,0,0,0,0,7,7,7,0,8,0,0,0,0,12,0,0.0,0.0,0.0,0.0,0.0,0.0,1.0,0.0,0.0,0.0,0.0,0.0,0.0,0.0,1.0,0.0,-1.0,1.0,0.0,0.0,0.0,0.0
6k1/p4p1p/2p1p1p1/2Br4/1P6/P5PP/6P1/4R1K1 w - - 0 35,8,2,3,4,1628,1659,0,0,0,0,0,0,0,6,0,1,0,0,0,0,1,0,1,0,0,1,0,1,0,1,0,0,0,10,2,0,0,0,0,0,7,0,0,0,0,0,0,7,0,0,0,0,0,7,7,0,0,0,0,0,0,7,0,0,0,0,0,8,0,12,0,0.0,1.0,0.0,0.0,0.0,0.0,0.0,0.0,0.0,0.0,0.0,0.0,0.0,1.0,0.0,0.0,-2.0,0.0,0.0,0.0,0.0,0.0
rnbqkbnr/pppppppp/8/8/8/8/PPPPPPPP/RNBQKBNR w KQkq - 0 1,1,1,0,0,1777,1774,0,2,3,4,5,6,4,3,2,1,1,1,1,1,1,1,1,0,0,0,0,0,0,0,0,0,0,0,0,0,0,0,0,0,0,0,0,0,0,0,0,0,0,0,0,0,0,0,0,7,7,7,7,7,7,7,7,8,9,10,11,12,10,9,8,0.0,0.0,1.0,0.0,0.0,0.0,0.0,0.0,0.0,0.0,0.0,0.0,0.0,1.0,0.0,0.0,0.0,2.0,0.0,0.0,0.0,0.0
rnb1k1nr/ppp2ppp/3p1q2/2b5/2B1P3/5N2/PPP2PPP/RNBQK2R b KQkq - 1 6,10,8,4,2,1301,1142,1,2,3,4,0,6,0,3,2,1,1,1,0,0,1,1,1,0,0,0,1,0,5,0,0,0,0,4,0,0,0,0,0,0,0,10,0,7,0,0,0,0,0,0,0,0,9,0,0,7,7,7,0,0,7,7,7,8,9,10,11,12,0,0,8,0.0,0.0,0.0,0.0,0.0,0.0,0.0,0.0,1.0,0.0,0.0,0.0,0.0,0.0,0.0,1.0,-2.0,-1.0,0.0,0.0,0.0,0.0
2rq1nk1/pb2bp1p/1p2p1p1/2p1P3/2PPp1Q1/1PN3P1/P5BP/3R1RK1 w - - 0 17,8,2,6,4,2203,2269,0,0,0,2,5,0,3,6,0,1,4,0,0,4,1,0,1,0,1,0,0,1,0,1,0,0,0,1,0,7,0,0,0,0,0,7,7,1,0,11,0,0,7,9,0,0,0,7,0,7,0,0,0,0,0,10,7,0,0,0,8,0,8,12,0,0.0,0.0,0.0,0.0,1.0,0.0,0.0,0.0,0.0,0.0,0.0,0.0,1.0,0.0,0.0,0.0,0.0,1.0,0.0,0.0,0.0,0.0
2kr3r/pppqbp2/2np3p/4pN2/4P3/P2P4/1PP2PPK/R1BQR3 b - - 0 16,13,2,4,3,1431,1399,1,0,0,6,2,0,0,0,2,1,1,1,5,4,1,0,0,0,0,3,1,0,0,0,1,0,0,0,0,1,9,0,0,0,0,0,0,7,0,0,0,7,0,0,7,0,0,0,0,0,7,7,0,0,7,7,12,8,0,10,11,8,0,0,0,0.0,0.0,0.0,0.0,0.0,0.0,1.0,0.0,0.0,0.0,0.0,0.0,0.0,0.0,0.0,0.0,0.0,-1.0,0.0,0.0,0.0,0.0
rnbqkbnr/ppp1pppp/8/3p4/4P3/8/PPPP1PPP/RNBQKBNR w KQkq - 0 2,4,4,2,3,1457,1446,0,2,3,4,5,6,4,3,2,1,1,1,0,1,1,1,1,0,0,0,0,0,0,0,0,0,0,0,1,0,0,0,0,0,0,0,0,7,0,0,0,0,0,0,0,0,0,0,0,7,7,7,7,0,7,7,7,8,9,10,11,12,10,9,8,0.0,0.0,0.0,0.0,1.0,0.0,0.0,0.0,0.0,0.0,0.0,0.0,0.0,1.0,0.0,0.0,-1.0,1.0,0.0,0.0,0.0,0.0
rnbqk2r/ppp2ppp/4pn2/8/3P4/2P3P1/P1P2PBP/R1BQK1NR w KQkq - 1 8,10,8,5,3,1184,1182,0,2,3,4,5,6,0,0,2,1,1,1,0,0,1,1,1,0,0,0,0,1,3,0,0,0,0,0,0,0,0,0,0,0,0,0,7,0,0,0,0,0,0,7,0,0,0,7,0,7,0,7,0,0,7,10,7,8,0,10,11,12,0,9,8,0.0,1.0,0.0,0.0,0.0,0.0,0.0,0.0,0.0,0.0,0.0,0.0,0.0,0.0,0.0,1.0,-1.0,2.0,0.0,0.0,0.0,0.0
r1b1kb1r/1p1n1ppp/p2qpn2/2p5/P1BP4/2N5/1PP1NPPP/R1BQ1RK1 w kq - 3 9,1,8,5,4,1848,1924,0,2,0,4,0,6,4,0,2,0,1,0,3,0,1,1,1,1,0,0,5,1,3,0,0,0,0,1,0,0,0,0,0,7,0,10,7,0,0,0,0,0,0,9,0,0,0,0,0,0,7,7,0,9,7,7,7,8,0,10,11,0,8,12,0,0.0,1.0,0.0,0.0,0.0,0.0,0.0,0.0,0.0,0.0,0.0,1.0,0.0,0.0,0.0,0.0,3.0,3.0,0.0,0.0,0.0,0.0
3r2k1/pp1rppbp/2p1bBp1/q7/N3P3/3B3P/PPP1QPP1/1R3RK1 b - - 0 15,2,2,5,3,2123,2063,1,0,0,0,2,0,0,6,0,1,1,0,2,1,1,4,1,0,0,1,0,4,10,1,0,5,0,0,0,0,0,0,0,9,0,0,0,7,0,0,0,0,0,0,10,0,0,0,7,7,7,7,0,11,7,7,0,0,8,0,0,0,8,12,0,0.0,0.0,0.0,0.0,0.0,0.0,0.0,1.0,0.0,0.0,0.0,0.0,0.0,0.0,0.0,1.0,-1.0,-1.0,0.0,0.0,0.0,0.0
1r1r4/n2b1pkp/1p1p4/p1p2N2/2P1P3/2PB3P/P4RP1/2KR4 b - - 0 26,14,19,4,2,1019,1014,1,0,2,0,2,0,0,0,0,3,0,0,4,0,1,6,1,0,1,0,1,0,0,0,0,1,0,1,0,0,9,0,0,0,0,7,0,7,0,0,0,0,0,7,10,0,0,0,7,7,0,0,0,0,8,7,0,0,0,12,8,0,0,0,0,0.0,0.0,0.0,0.0,0.0,0.0,0.0,1.0,0.0,0.0,0.0,0.0,1.0,0.0,0.0,0.0,2.0,-2.0,0.0,0.0,0.0,0.0
2k5/8/p3rp2/2p1p1pp/2R1P1n1/1PP2NP1/2q2P1P/4Q1K1 b - - 1 38,2,16,5,4,2142,2266,1,0,0,6,0,0,0,0,0,0,0,0,0,0,0,0,0,1,0,0,0,2,1,0,0,0,0,1,0,1,0,1,1,0,0,8,0,7,0,3,0,0,7,7,0,0,9,7,0,0,0,5,0,0,7,0,7,0,0,0,0,11,0,12,0,0.0,0.0,0.0,0.0,0.0,0.0,1.0,0.0,0.0,0.0,0.0,0.0,0.0,1.0,0.0,0.0,-1.0,0.0,0.0,0.0,0.0,0.0
2r1r1k1/pp1qppbp/n2p1np1/3N4/4P3/PP4PP/1BQ1NPB1/R3K2R w KQ - 1 17,10,2,6,3,1702,1655,0,0,0,2,0,2,0,6,0,1,1,0,5,1,1,4,1,3,0,0,1,0,3,1,0,0,0,0,9,0,0,0,0,0,0,0,0,7,0,0,0,7,7,0,0,0,0,7,7,0,10,11,0,9,7,10,0,8,0,0,0,12,0,0,8,0.0,0.0,1.0,0.0,0.0,0.0,0.0,0.0,0.0,0.0,0.0,1.0,0.0,0.0,0.0,0.0,1.0,0.0,0.0,0.0,0.0,0.0
r2q3r/p1p1kpp1/2pp1n2/2b1p1B1/4P3/2NP1Np1/PPP2PP1/R2Q1RK1 b - - 3 12,7,8,5,5,1803,1739,1,2,0,0,5,0,0,0,2,1,0,1,0,6,1,1,0,0,0,1,1,0,3,0,0,0,0,4,0,1,0,10,0,0,0,0,0,7,0,0,0,0,0,9,7,0,9,1,0,7,7,7,0,0,7,7,0,8,0,0,11,0,8,12,0,0.0,0.0,0.0,0.0,0.0,0.0,0.0,0.0,1.0,0.0,0.0,0.0,0.0,0.0,0.0,0.0,0.0,-3.0,0.0,0.0,0.0,0.0
1k1r4/r1p1R2p/1p1P1p2/p5p1/2P5/8/PP4BP/2K5 w - - 1 24,10,5,3,1,1294,1291,0,0,6,0,2,0,0,0,0,2,0,1,0,8,0,0,1,0,1,0,7,0,1,0,0,1,0,0,0,0,0,1,0,0,0,7,0,0,0,0,0,0,0,0,0,0,0,0,0,7,7,0,0,0,0,10,7,0,0,12,0,0,0,0,0,0.0,0.0,0.0,0.0,0.0,0.0,1.0,0.0,0.0,0.0,0.0,0.0,1.0,0.0,0.0,0.0,-1.0,1.0,0.0,0.0,0.0,0.0
2kr3r/pppb1ppp/2p1q3/2b1P3/4Q3/3B3P/PPP1nPP1/R1B2RK1 w - - 0 17,2,7,6,3,1511,1549,0,0,0,6,2,0,0,0,2,1,1,1,4,0,1,1,1,0,0,1,0,5,0,0,0,0,0,4,0,7,0,0,0,0,0,0,0,11,0,0,0,0,0,0,10,0,0,0,7,7,7,7,0,3,7,7,0,8,0,10,0,0,8,12,0,0.0,0.0,0.0,1.0,0.0,0.0,0.0,0.0,0.0,0.0,0.0,0.0,1.0,0.0,0.0,0.0,1.0,-1.0,0.0,0.0,0.0,0.0
rn2kb1r/1p3ppp/1pp2n2/3p4/3P4/2N1P3/PP2NPPP/R1B1K2R w KQkq - 0 10,5,10,5,3,1131,1152,0,2,3,0,0,6,4,0,2,0,1,0,0,0,1,1,1,0,1,1,0,0,3,0,0,0,0,0,1,0,0,0,0,0,0,0,7,0,0,0,0,0,0,9,0,7,0,0,0,7,7,0,0,9,7,7,7,8,0,10,0,12,0,0,8,0.0,0.0,1.0,0.0,0.0,0.0,0.0,0.0,0.0,1.0,0.0,0.0,0.0,0.0,0.0,0.0,0.0,1.0,0.0,0.0,0.0,0.0
1r3rk1/Q1p2ppp/2ppbqn1/p7/4P3/P1NB4/1PP2PPP/3R1RK1 b - - 4 15,1,1,4,3,1343,1394,1,0,2,0,0,0,2,6,0,11,0,1,0,0,1,1,1,0,0,1,1,4,5,3,0,1,0,0,0,0,0,0,0,0,0,0,0,7,0,0,0,7,0,9,10,0,0,0,0,0,7,7,0,0,7,7,7,0,0,0,8,0,8,12,0,0.0,0.0,0.0,0.0,0.0,0.0,0.0,0.0,1.0,0.0,1.0,0.0,0.0,0.0,0.0,0.0,0.0,-6.0,0.0,0.0,0.0,0.0
1Q6/1P3p1k/5np1/3pp2p/4P1P1/3BbP2/3qN2P/5K2 b - - 0 30,8,2,5,5,2035,1968,1,0,11,0,0,0,0,0,0,0,7,0,0,0,1,0,6,0,0,0,0,0,3,1,0,0,0,0,1,1,0,0,1,0,0,0,0,7,0,7,0,0,0,0,10,4,7,0,0,0,0,0,5,9,0,0,7,0,0,0,0,0,12,0,0,0.0,0.0,1.0,0.0,0.0,0.0,0.0,0.0,0.0,0.0,0.0,0.0,1.0,0.0,0.0,0.0,0.0,-1.0,0.0,0.0,0.0,0.0
rnb1k2r/pppp2pp/5p2/4p1B1/4P3/6P1/PPP2K1P/RN1Q1B1R w kq - 0 9,8,5,3,3,1077,1056,0,2,3,4,0,6,0,0,2,1,1,1,1,0,0,1,1,0,0,0,0,0,1,0,0,0,0,0,0,1,0,10,0,0,0,0,0,7,0,0,0,0,0,0,0,0,0,7,0,7,7,7,0,0,12,0,7,8,9,0,11,0,10,0,8,0.0,0.0,0.0,0.0,0.0,1.0,0.0,0.0,0.0,0.0,0.0,0.0,0.0,0.0,0.0,1.0,1.0,-1.0,0.0,0.0,0.0,0.0
r1b1k2r/p4ppp/5n2/3qp3/8/2PB4/P4PPP/R1BQK2R w KQkq - 0 12,13,10,2,6,1806,1924,0,2,0,4,0,6,0,0,2,1,0,0,0,0,1,1,1,0,0,0,0,0,3,0,0,0,0,0,5,1,0,0,0,0,0,0,0,0,0,0,0,0,0,7,10,0,0,0,0,7,0,0,0,0,7,7,7,8,0,10,11,12,0,0,8,0.0,1.0,0.0,0.0,0.0,0.0,0.0,0.0,0.0,0.0,0.0,0.0,0.0,1.0,0.0,0.0,2.0,0.0,0.0,0.0,0.0,0.0
rnbqkbnr/p1pppppp/8/1p6/4P3/8/PPPP1PPP/RNBQKBNR w KQkq - 0 2,4,1,2,0,1851,1622,0,2,3,4,5,6,4,3,2,1,0,1,1,1,1,1,1,0,0,0,0,0,0,0,0,0,1,0,0,0,0,0,0,0,0,0,0,7,0,0,0,0,0,0,0,0,0,0,0,7,7,7,7,0,7,7,7,8,9,10,11,12,10,9,8,0.0,1.0,0.0,0.0,0.0,0.0,0.0,0.0,0.0,0.0,0.0,0.0,0.0,0.0,1.0,0.0,-4.0,4.0,0.0,0.0,0.0,0.0
r2qk2r/pp2pp1p/2np1pbb/2p5/4P1PP/2NP1N2/PPP2P2/R2QKB1R w KQkq - 1 10,5,2,5,3,1168,2045,0,2,0,0,5,6,0,0,2,1,1,0,0,1,1,0,1,0,0,3,1,0,1,4,4,0,0,1,0,0,0,0,0,0,0,0,0,7,0,7,7,0,0,9,7,0,9,0,0,7,7,7,0,0,7,0,0,8,0,0,11,12,10,0,8,0.0,0.0,0.0,0.0,1.0,0.0,0.0,0.0,0.0,0.0,0.0,0.0,0.0,0.0,0.0,0.0,0.0,1.0,0.0,0.0,0.0,0.0
rnbqkbnr/ppppp1pp/8/5p2/5P2/5N2/PPPPP1PP/RNBQKB1R b KQkq - 1 2,4,4,2,1,1020,1125,1,2,3,4,5,6,4,3,2,1,1,1,1,1,0,1,1,0,0,0,0,0,0,0,0,0,0,0,0,0,1,0,0,0,0,0,0,0,7,0,0,0,0,0,0,0,9,0,0,7,7,7,7,7,0,7,7,8,9,10,11,12,10,0,8,0.0,0.0,0.0,0.0,0.0,0.0,0.0,0.0,1.0,0.0,0.0,0.0,0.0,0.0,0.0,1.0,-1.0,-2.0,0.0,0.0,0.0,0.0
rnb1k1nr/pppp1ppp/5q2/4p3/1b2P3/2N2N2/PPPP1PPP/R1BQKB1R w KQkq - 4 4,4,4,5,3,1201,1225,0,2,3,4,0,6,0,3,2,1,1,1,1,0,1,1,1,0,0,0,0,0,5,0,0,0,0,0,0,1,0,0,0,0,4,0,0,7,0,0,0,0,0,9,0,0,9,0,0,7,7,7,7,0,7,7,7,8,0,10,11,12,10,0,8,0.0,0.0,1.0,0.0,0.0,0.0,0.0,0.0,0.0,1.0,0.0,0.0,0.0,0.0,0.0,0.0,0.0,1.0,0.0,0.0,0.0,0.0
3rr1k1/pppq1ppp/5n2/3P4/2P1p3/2N1RN2/PP3PPP/3R2K1 w - - 0 18,1,1,5,4,885,984,0,0,0,0,2,2,0,6,0,1,1,1,5,0,1,1,1,0,0,0,0,0,3,0,0,0,0,0,7,0,0,0,0,0,0,7,0,1,0,0,0,0,0,9,0,8,9,0,0,7,7,0,0,0,7,7,7,0,0,0,8,0,0,12,0,0.0,0.0,0.0,1.0,0.0,0.0,0.0,0.0,0.0,0.0,0.0,0.0,0.0,0.0,1.0,0.0,-1.0,2.0,0.0,0.0,0.0,0.0
rnbqkb1r/pppppppp/5n2/8/2PP4/8/PP2PPPP/RNBQKBNR b KQkq - 0 2,4,1,4,2,2533,2634,1,2,3,4,5,6,4,0,2,1,1,1,1,1,1,1,1,0,0,0,0,0,3,0,0,0,0,0,0,0,0,0,0,0,0,7,7,0,0,0,0,0,0,0,0,0,0,0,0,7,7,0,0,7,7,7,7,8,9,10,11,12,10,9,8,0.0,0.0,0.0,0.0,0.0,0.0,0.0,1.0,0.0,0.0,0.0,0.0,0.0,1.0,0.0,0.0,0.0,-1.0,0.0,0.0,0.0,0.0
rnbqkbnr/pppp1ppp/8/4p3/4P3/8/PPPP1PPP/RNBQKBNR w KQkq - 0 2,4,4,2,2,1040,1428,0,2,3,4,5,6,4,3,2,1,1,1,1,0,1,1,1,0,0,0,0,0,0,0,0,0,0,0,0,1,0,0,0,0,0,0,0,7,0,0,0,0,0,0,0,0,0,0,0,7,7,7,7,0,7,7,7,8,9,10,11,12,10,9,8,0.0,1.0,0.0,0.0,0.0,0.0,0.0,0.0,0.0,0.0,0.0,0.0,0.0,0.0,0.0,1.0,-1.0,2.0,0.0,0.0,0.0,0.0
2r2rk1/pp3pp1/8/3B4/8/6R1/PPKN4/7R w - - 1 34,19,7,2,0,1005,1018,0,0,0,2,0,0,2,6,0,1,1,0,0,0,1,1,0,0,0,0,0,0,0,0,0,0,0,0,10,0,0,0,0,0,0,0,0,0,0,0,0,0,0,0,0,0,0,8,0,7,7,12,9,0,0,0,0,0,0,0,0,0,0,0,8,0.0,0.0,1.0,0.0,0.0,0.0,0.0,0.0,0.0,0.0,0.0,1.0,0.0,0.0,0.0,0.0,1.0,-1.0,0.0,0.0,0.0,0.0
rnbqkbnr/pppppppp/8/8/8/8/PPPPPPPP/RNBQKBNR w KQkq - 0 1,1,1,0,0,1450,1474,0,2,3,4,5,6,4,3,2,1,1,1,1,1,1,1,1,0,0,0,0,0,0,0,0,0,0,0,0,0,0,0,0,0,0,0,0,0,0,0,0,0,0,0,0,0,0,0,0,7,7,7,7,7,7,7,7,8,9,10,11,12,10,9,8,0.0,0.0,1.0,0.0,0.0,0.0,0.0,0.0,0.0,0.0,0.0,0.0,0.0,1.0,0.0,0.0,0.0,2.0,0.0,0.0,0.0,0.0
rnbqkb1r/ppp1nppp/3pp3/8/4P3/5NP1/PPPP1P1P/RNBQKB1R w KQkq - 0 4,4,3,4,2,1756,1737,0,2,3,4,5,6,4,0,2,1,1,1,0,3,1,1,1,0,0,0,1,1,0,0,0,0,0,0,0,0,0,0,0,0,0,0,0,7,0,0,0,0,0,0,0,0,9,7,0,7,7,7,7,0,7,0,7,8,9,10,11,12,10,0,8,0.0,1.0,0.0,0.0,0.0,0.0,0.0,0.0,0.0,0.0,0.0,0.0,0.0,0.0,1.0,0.0,1.0,1.0,0.0,0.0,0.0,0.0
r2qkb1r/pp1b1ppp/2pp1nn1/3Pp3/2P1P3/2NB3P/PP2NPP1/R1BQK2R w KQkq - 0 9,10,5,5,5,1910,1962,0,2,0,0,5,6,4,0,2,1,1,0,4,0,1,1,1,0,0,1,1,0,3,3,0,0,0,0,7,1,0,0,0,0,0,7,0,7,0,0,0,0,0,9,10,0,0,0,7,7,7,0,0,9,7,7,0,8,0,10,11,12,0,0,8,0.0,1.0,0.0,0.0,0.0,0.0,0.0,0.0,0.0,0.0,0.0,0.0,0.0,1.0,0.0,0.0,2.0,0.0,0.0,0.0,0.0,0.0
r4rk1/1bp1b1p1/2p4p/1p3P2/p2PN1P1/4B2P/PP3P2/R4RK1 w - - 3 21,5,8,4,1,2042,2039,0,2,0,0,0,0,2,6,0,0,4,1,0,4,0,1,0,0,0,1,0,0,0,0,1,0,1,0,0,0,7,0,0,1,0,0,7,9,0,7,0,0,0,0,0,10,0,0,7,7,7,0,0,0,7,0,0,8,0,0,0,0,8,12,0,0.0,0.0,0.0,0.0,1.0,0.0,0.0,0.0,0.0,0.0,0.0,0.0,0.0,1.0,0.0,0.0,-2.0,1.0,0.0,0.0,0.0,0.0
2R5/1p1r2bp/2n5/1k3p2/1p6/3PB2P/2P2KP1/8 b - - 5 33,19,13,2,4,2354,2451,1,0,0,8,0,0,0,0,0,0,1,0,2,0,0,4,1,0,0,3,0,0,0,0,0,0,6,0,0,0,1,0,0,0,1,0,0,0,0,0,0,0,0,0,7,10,0,0,7,0,0,7,0,0,12,7,0,0,0,0,0,0,0,0,0,0.0,0.0,0.0,0.0,1.0,0.0,0.0,0.0,0.0,0.0,1.0,0.0,0.0,0.0,0.0,0.0,0.0,-1.0,0.0,0.0,0.0,0.0
5rk1/p6p/1p2p1p1/2p5/5P2/PP3P2/3r2KP/5R2 w - - 0 33,13,8,2,2,1827,1820,0,0,0,0,0,0,2,6,0,1,0,0,0,0,0,0,1,0,1,0,0,1,0,1,0,0,0,1,0,0,0,0,0,0,0,0,0,0,7,0,0,7,7,0,0,0,7,0,0,0,0,0,2,0,0,12,7,0,0,0,0,0,8,0,0,0.0,0.0,1.0,0.0,0.0,0.0,0.0,0.0,0.0,0.0,0.0,0.0,0.0,0.0,0.0,1.0,0.0,1.0,0.0,0.0,0.0,0.0
2rr3k/p3bp1p/4p3/8/2N3B1/1P5P/P4P1K/4R3 b - - 0 26,7,7,2,2,1597,1612,1,0,0,2,2,0,0,0,6,1,0,0,0,4,1,0,1,0,0,0,0,1,0,0,0,0,0,0,0,0,0,0,0,0,0,9,0,0,0,10,0,0,7,0,0,0,0,0,7,7,0,0,0,0,7,0,12,0,0,0,0,8,0,0,0,0.0,0.0,0.0,0.0,0.0,0.0,0.0,1.0,0.0,0.0,0.0,0.0,0.0,1.0,0.0,0.0,1.0,-1.0,0.0,0.0,0.0,0.0
8/R7/3k1p2/p1p1b3/1pB5/1P5r/P1PK1P2/8 w - - 0 38,19,13,1,4,1527,1504,0,0,0,0,0,0,0,0,0,8,0,0,0,0,0,0,0,0,0,0,6,0,1,0,0,1,0,1,0,4,0,0,0,0,1,10,0,0,0,0,0,0,7,0,0,0,0,0,2,7,0,7,12,0,7,0,0,0,0,0,0,0,0,0,0,0.0,0.0,0.0,0.0,0.0,0.0,0.0,1.0,0.0,1.0,0.0,0.0,0.0,0.0,0.0,0.0,0.0,-2.0,0.0,0.0,0.0,0.0
r1bqr1k1/pp3pp1/3bpn1p/2ppNn2/3P4/2P1PNB1/PPQ1BPPP/R3K2R w KQ - 0 12,5,2,5,5,2214,2334,0,2,0,4,5,2,0,6,0,1,1,0,0,0,1,1,0,0,0,0,4,1,3,0,1,0,0,1,1,9,3,0,0,0,0,0,7,0,0,0,0,0,0,7,0,7,9,10,0,7,7,11,0,10,7,7,7,8,0,0,0,12,0,0,8,0.0,0.0,1.0,0.0,0.0,0.0,0.0,0.0,0.0,0.0,0.0,0.0,0.0,1.0,0.0,0.0,-1.0,1.0,0.0,0.0,0.0,0.0
r1bq1rk1/pp4pp/2pbn3/3p4/1PP1p1n1/P3P1P1/1B1NNPBP/R2Q1RK1 w - - 1 14,2,7,4,6,1885,1902,0,2,0,4,5,0,2,6,0,1,1,0,0,0,0,1,1,0,0,1,4,3,0,0,0,0,0,0,1,0,0,0,0,0,7,7,0,1,0,3,0,7,0,0,0,7,0,7,0,0,10,0,9,9,7,10,7,8,0,0,11,0,8,12,0,0.0,0.0,1.0,0.0,0.0,0.0,0.0,0.0,0.0,0.0,0.0,0.0,0.0,0.0,0.0,0.0,0.0,1.0,0.0,0.0,0.0,0.0
r1bqk1nr/ppp2ppp/2np4/2b1p3/2B1P3/P1NP4/1PP2PPP/R1BQK1NR b KQkq - 0 5,5,5,3,3,1345,1433,1,2,0,4,5,6,0,3,2,1,1,1,0,0,1,1,1,0,0,3,1,0,0,0,0,0,0,4,0,1,0,0,0,0,0,10,0,7,0,0,0,7,0,9,7,0,0,0,0,0,7,7,0,0,7,7,7,8,0,10,11,12,0,9,8,0.0,0.0,0.0,0.0,0.0,0.0,0.0,0.0,1.0,0.0,0.0,0.0,0.0,0.0,0.0,1.0,-1.0,-2.0,0.0,0.0,0.0,0.0
4rrk1/pppn1pp1/5n1p/8/2P5/2PP4/P2KBB2/3R4 b - - 0 24,7,2,3,3,1795,1762,1,0,0,0,0,2,2,6,0,1,1,1,3,0,1,1,0,0,0,0,0,0,3,0,1,0,0,0,0,0,0,0,0,0,0,7,0,0,0,0,0,0,0,7,7,0,0,0,0,7,0,0,12,10,10,0,0,0,0,0,8,0,0,0,0,0.0,0.0,0.0,0.0,0.0,0.0,0.0,0.0,1.0,0.0,0.0,0.0,0.0,1.0,0.0,0.0,0.0,-6.0,0.0,0.0,0.0,0.0
r1bqk1nr/p1pp1ppp/2p5/2b1p3/4P3/5N2/PPPP1PPP/RNBQK2R w KQkq - 0 5,4,4,4,3,1722,1636,0,2,0,4,5,6,0,3,2,1,0,1,1,0,1,1,1,0,0,1,0,0,0,0,0,0,0,4,0,1,0,0,0,0,0,0,0,7,0,0,0,0,0,0,0,0,9,0,0,7,7,7,7,0,7,7,7,8,9,10,11,12,0,0,8,0.0,0.0,1.0,0.0,0.0,0.0,0.0,0.0,0.0,0.0,0.0,0.0,1.0,0.0,0.0,0.0,0.0,1.0,0.0,0.0,0.0,0.0
r1bqkb1r/pp2pppp/2n2n2/3p4/3P4/2PB4/PP3PPP/RNBQK1NR w KQkq - 1 6,10,4,4,5,1832,1849,0,2,0,4,5,6,4,0,2,1,1,0,0,1,1,1,1,0,0,3,0,0,3,0,0,0,0,0,1,0,0,0,0,0,0,0,7,0,0,0,0,0,0,7,10,0,0,0,0,7,7,0,0,0,7,7,7,8,9,10,11,12,0,9,8,0.0,0.0,1.0,0.0,0.0,0.0,0.0,0.0,0.0,0.0,0.0,0.0,0.0,0.0,1.0,0.0,0.0,2.0,0.0,0.0,0.0,0.0
1r1q3r/1p1n1k2/p3Rnpp/3p2p1/3P4/1QP4P/PP3PPN/4RNK1 b - - 2 21,2,13,5,4,1904,1908,1,0,2,0,5,0,0,0,2,0,1,0,3,0,6,0,0,1,0,0,0,8,3,1,1,0,0,0,1,0,0,1,0,0,0,0,7,0,0,0,0,0,11,7,0,0,0,0,7,7,7,0,0,0,7,7,9,0,0,0,0,8,9,12,0,0.0,0.0,0.0,0.0,0.0,0.0,1.0,0.0,0.0,0.0,0.0,0.0,0.0,0.0,1.0,0.0,-1.0,-2.0,0.0,0.0,0.0,0.0
8/p2N1pk1/4p2p/6p1/6P1/5K2/7P/r7 b - - 0 35,13,8,2,1,1728,1764,1,0,0,0,0,0,0,0,0,1,0,0,9,0,1,6,0,0,0,0,0,1,0,0,1,0,0,0,0,0,0,1,0,0,0,0,0,0,0,7,0,0,0,0,0,0,12,0,0,0,0,0,0,0,0,0,7,2,0,0,0,0,0,0,0,0.0,0.0,0.0,0.0,0.0,0.0,0.0,1.0,0.0,1.0,0.0,0.0,0.0,0.0,0.0,0.0,0.0,-2.0,0.0,0.0,0.0,0.0
r1bq1rk1/p4pbp/1pn2np1/2p1p3/2P1P3/2N1BN1P/PP2BPP1/R2Q1RK1 w - - 0 11,2,2,5,5,2327,2337,0,2,0,4,5,0,2,6,0,1,0,0,0,0,1,4,1,0,1,3,0,0,3,1,0,0,0,1,0,1,0,0,0,0,0,7,0,7,0,0,0,0,0,9,0,10,9,0,7,7,7,0,0,10,7,7,0,8,0,0,11,0,8,12,0,0.0,1.0,0.0,0.0,0.0,0.0,0.0,0.0,0.0,0.0,0.0,0.0,1.0,0.0,0.0,0.0,0.0,7.0,0.0,0.0,0.0,0.0
3r4/2pk1ppp/8/4N3/8/8/Pr1BKPPP/1b5R b - - 1 22,19,19,1,1,977,982,1,0,0,0,2,0,0,0,0,0,0,1,6,0,1,1,1,0,0,0,0,0,0,0,0,0,0,0,0,9,0,0,0,0,0,0,0,0,0,0,0,0,0,0,0,0,0,0,0,7,2,0,10,12,7,7,7,0,4,0,0,0,0,0,8,0.0,0.0,0.0,0.0,0.0,0.0,0.0,1.0,0.0,0.0,0.0,0.0,1.0,0.0,0.0,0.0,0.0,-1.0,0.0,0.0,0.0,0.0
8/ppk2R2/2p5/3pN3/4nP1p/PK5R/1Pr3r1/8 b - - 7 39,19,8,2,4,2692,2815,1,0,0,0,0,0,0,0,0,1,1,6,0,0,8,0,0,0,0,1,0,0,0,0,0,0,0,0,1,9,0,0,0,0,0,0,0,3,7,0,1,7,12,0,0,0,0,0,8,0,7,2,0,0,0,2,0,0,0,0,0,0,0,0,0,0.0,0.0,0.0,0.0,0.0,0.0,0.0,1.0,0.0,0.0,0.0,1.0,0.0,0.0,0.0,0.0,-1.0,-1.0,0.0,0.0,0.0,0.0
rnbqkbnr/pppppppp/8/8/8/8/PPPPPPPP/RNBQKBNR w KQkq - 0 1,1,1,0,0,1858,1827,0,2,3,4,5,6,4,3,2,1,1,1,1,1,1,1,1,0,0,0,0,0,0,0,0,0,0,0,0,0,0,0,0,0,0,0,0,0,0,0,0,0,0,0,0,0,0,0,0,7,7,7,7,7,7,7,7,8,9,10,11,12,10,9,8,0.0,0.0,1.0,0.0,0.0,0.0,0.0,0.0,0.0,0.0,0.0,0.0,0.0,1.0,0.0,0.0,0.0,2.0,0.0,0.0,0.0,0.0
r2qk2r/p2b1ppp/2p2n2/3pN1B1/3Pp3/2P5/P1P1QPPP/R3K2R b KQkq - 1 12,10,10,5,4,1881,1906,1,2,0,0,5,6,0,0,2,1,0,0,4,0,1,1,1,0,0,1,0,0,3,0,0,0,0,0,1,9,0,10,0,0,0,0,7,1,0,0,0,0,0,7,0,0,0,0,0,7,0,7,0,11,7,7,7,8,0,0,0,12,0,0,8,0.0,0.0,0.0,0.0,0.0,0.0,0.0,0.0,1.0,0.0,0.0,0.0,0.0,1.0,0.0,0.0,2.0,0.0,0.0,0.0,0.0,0.0
r1b1kb1r/pp3ppp/4p3/q1pnB3/8/2NP2P1/PPP1QPBP/R3K2R b KQkq - 2 11,8,8,5,3,1628,1661,1,2,0,4,0,6,4,0,2,1,1,0,0,0,1,1,1,0,0,0,0,1,0,0,0,5,0,1,3,10,0,0,0,0,0,0,0,0,0,0,0,0,0,9,7,0,0,7,0,7,7,7,0,11,7,10,7,8,0,0,0,12,0,0,8,0.0,0.0,0.0,0.0,0.0,1.0,0.0,0.0,0.0,0.0,0.0,0.0,1.0,0.0,0.0,0.0,-1.0,-2.0,0.0,0.0,0.0,0.0
r2qkb1r/ppp2ppp/2n1pn2/3p1b2/2PP1B2/4PN2/PP3PPP/RN1QKB1R w KQkq - 0 6,5,5,4,5,1523,1534,0,2,0,0,5,6,4,0,2,1,1,1,0,0,1,1,1,0,0,3,0,1,3,0,0,0,0,0,1,0,4,0,0,0,0,7,7,0,10,0,0,0,0,0,0,7,9,0,0,7,7,0,0,0,7,7,7,8,9,0,11,12,10,0,8,0.0,0.0,0.0,0.0,1.0,0.0,0.0,0.0,0.0,0.0,0.0,1.0,0.0,0.0,0.0,0.0,1.0,1.0,0.0,0.0,0.0,0.0
rnbq1rk1/1pp1ppbp/p2p1np1/8/3PP3/3BBP2/PPPNN1PP/R2QK2R b KQ - 1 7,8,2,6,3,1860,1866,1,2,3,4,5,0,2,6,0,0,1,1,0,1,1,4,1,1,0,0,1,0,3,1,0,0,0,0,0,0,0,0,0,0,0,0,7,7,0,0,0,0,0,0,10,10,7,0,0,7,7,7,9,9,0,7,7,8,0,0,11,12,0,0,8,0.0,0.0,0.0,0.0,0.0,0.0,0.0,1.0,0.0,0.0,1.0,0.0,0.0,0.0,0.0,0.0,0.0,-2.0,0.0,0.0,0.0,0.0
2k3rr/pp2b3/1qn2p2/2pbPp2/3p1B1N/1P1P3P/P1P1R1P1/R3Q1KN b - - 0 24,8,10,3,5,1518,1504,1,0,0,6,0,0,0,2,2,1,1,0,0,4,0,0,0,0,5,3,0,0,1,0,0,0,0,1,4,7,1,0,0,0,0,0,1,0,10,0,9,0,7,0,7,0,0,0,7,7,0,7,0,8,0,7,0,8,0,0,0,11,0,12,9,0.0,0.0,0.0,0.0,0.0,0.0,0.0,0.0,1.0,0.0,0.0,0.0,0.0,0.0,0.0,0.0,0.0,-4.0,0.0,0.0,0.0,0.0
7Q/1r1p4/4p1p1/1qP2p1p/1P3k2/7P/6P1/3R2K1 w - - 0 36,8,19,3,3,1992,2005,0,0,0,0,0,0,0,0,11,0,2,0,1,0,0,0,0,0,0,0,0,1,0,1,0,0,5,7,0,0,1,0,1,0,7,0,0,0,6,0,0,0,0,0,0,0,0,0,7,0,0,0,0,0,0,7,0,0,0,0,8,0,0,12,0,0.0,0.0,0.0,1.0,0.0,0.0,0.0,0.0,0.0,0.0,0.0,0.0,0.0,0.0,0.0,0.0,0.0,1.0,0.0,0.0,0.0,0.0
r4rk1/pp3pp1/5q1p/1NpPp3/1b2P3/8/PP2QPPP/R4RK1 w - c6 0 15,1,2,5,3,915,947,0,2,0,0,0,0,2,6,0,1,1,0,0,0,1,1,0,0,0,0,0,0,5,0,1,0,9,1,7,1,0,0,0,0,4,0,0,7,0,0,0,0,0,0,0,0,0,0,0,7,7,0,0,11,7,7,7,8,0,0,0,0,8,12,0,0.0,0.0,0.0,0.0,0.0,1.0,0.0,0.0,0.0,0.0,0.0,0.0,1.0,0.0,0.0,0.0,-1.0,1.0,0.0,0.0,0.0,0.0
rnbqkbnr/pppppppp/8/8/8/8/PPPPPPPP/RNBQKBNR w KQkq - 0 1,1,1,0,0,1051,1105,0,2,3,4,5,6,4,3,2,1,1,1,1,1,1,1,1,0,0,0,0,0,0,0,0,0,0,0,0,0,0,0,0,0,0,0,0,0,0,0,0,0,0,0,0,0,0,0,0,7,7,7,7,7,7,7,7,8,9,10,11,12,10,9,8,0.0,0.0,1.0,0.0,0.0,0.0,0.0,0.0,0.0,0.0,0.0,0.0,0.0,1.0,0.0,0.0,0.0,1.0,0.0,0.0,0.0,0.0
rnbqkbnr/pppppppp/8/8/8/8/PPPPPPPP/RNBQKBNR w KQkq - 0 1,1,1,0,0,1661,1699,0,2,3,4,5,6,4,3,2,1,1,1,1,1,1,1,1,0,0,0,0,0,0,0,0,0,0,0,0,0,0,0,0,0,0,0,0,0,0,0,0,0,0,0,0,0,0,0,0,7,7,7,7,7,7,7,7,8,9,10,11,12,10,9,8,0.0,0.0,1.0,0.0,0.0,0.0,0.0,0.0,0.0,0.0,0.0,0.0,0.0,1.0,0.0,0.0,0.0,2.0,0.0,0.0,0.0,0.0
6k1/1p2q1p1/p6p/1b3p2/2P2N2/PP5P/3Q1PP1/6K1 b - - 0 33,2,5,2,2,2095,2023,1,0,0,0,0,0,0,6,0,0,1,0,0,5,0,1,0,1,0,0,0,0,0,0,1,0,4,0,0,0,1,0,0,0,0,7,0,0,9,0,0,7,7,0,0,0,0,0,7,0,0,0,11,0,7,7,0,0,0,0,0,0,0,12,0,0.0,0.0,0.0,0.0,0.0,1.0,0.0,0.0,0.0,0.0,1.0,0.0,0.0,0.0,0.0,0.0,1.0,1.0,0.0,0.0,0.0,0.0
r1bqrbk1/pp4pp/1np2p2/3p2B1/3P4/2P4P/PP1NBPPN/R2Q1RK1 b - - 0 16,2,2,4,4,1734,1746,1,2,0,4,5,2,4,6,0,1,1,0,0,0,0,1,1,0,3,1,0,0,1,0,0,0,0,0,1,0,0,10,0,0,0,0,7,0,0,0,0,0,0,7,0,0,0,0,7,7,7,0,9,10,7,7,9,8,0,0,11,0,8,12,0,0.0,0.0,0.0,0.0,0.0,0.0,1.0,0.0,0.0,0.0,0.0,0.0,0.0,0.0,1.0,0.0,1.0,-1.0,0.0,0.0,0.0,0.0
rn1qk2r/pp3ppp/2p1pn2/3P1b2/2B5/2B2N2/PPP2PPP/R2Q1RK1 b kq - 0 10,1,8,4,2,1273,1172,1,2,3,0,5,6,0,0,2,1,1,0,0,0,1,1,1,0,0,1,0,1,3,0,0,0,0,0,7,0,4,0,0,0,0,10,0,0,0,0,0,0,0,10,0,0,9,0,0,7,7,7,0,0,7,7,7,8,0,0,11,0,8,12,0,0.0,0.0,0.0,0.0,0.0,0.0,1.0,0.0,0.0,0.0,0.0,1.0,0.0,0.0,0.0,0.0,1.0,-1.0,0.0,0.0,0.0,0.0
3r3r/pkq1b1p1/1pn5/2ppp2p/P1N1Q3/1PB2N2/2P2PPP/R4RK1 w - - 0 19,1,8,4,6,1561,1609,0,0,0,0,2,0,0,0,2,1,6,5,0,4,0,1,0,0,1,3,0,0,0,0,0,0,0,1,1,1,0,0,1,7,0,9,0,11,0,0,0,0,7,10,0,0,9,0,0,0,0,7,0,0,7,7,7,8,0,0,0,0,8,12,0,0.0,0.0,0.0,0.0,1.0,0.0,0.0,0.0,0.0,0.0,0.0,0.0,0.0,1.0,0.0,0.0,0.0,-2.0,0.0,0.0,0.0,0.0
rnbqk2r/ppp1bppp/5n2/4p3/3pP3/3P2N1/PPP2PPP/RNBQKB1R w KQkq - 1 7,5,10,3,5,1746,1811,0,2,3,4,5,6,0,0,2,1,1,1,0,4,1,1,1,0,0,0,0,0,3,0,0,0,0,0,0,1,0,0,0,0,0,0,1,7,0,0,0,0,0,0,7,0,0,9,0,7,7,7,0,0,7,7,7,8,9,10,11,12,10,0,8,0.0,1.0,0.0,0.0,0.0,0.0,0.0,0.0,0.0,0.0,0.0,0.0,0.0,0.0,1.0,0.0,-1.0,1.0,0.0,0.0,0.0,0.0
rnbqkbnr/pppppppp/8/8/8/8/PPPPPPPP/RNBQKBNR w KQkq - 0 1,1,1,0,0,1381,1406,0,2,3,4,5,6,4,3,2,1,1,1,1,1,1,1,1,0,0,0,0,0,0,0,0,0,0,0,0,0,0,0,0,0,0,0,0,0,0,0,0,0,0,0,0,0,0,0,0,7,7,7,7,7,7,7,7,8,9,10,11,12,10,9,8,0.0,0.0,1.0,0.0,0.0,0.0,0.0,0.0,0.0,0.0,0.0,0.0,0.0,1.0,0.0,0.0,0.0,2.0,0.0,0.0,0.0,0.0
r4rk1/pp2ppb1/3p1npp/q1pPn3/2P1P2B/P1N4P/1PQ1BPP1/R3K2R w KQ - 2 15,10,3,4,5,1671,1777,0,2,0,0,0,0,2,6,0,1,1,0,0,1,1,4,0,0,0,0,1,0,3,1,1,5,0,1,7,3,0,0,0,0,0,7,0,7,0,0,10,7,0,9,0,0,0,0,7,0,7,11,0,10,7,7,0,8,0,0,0,12,0,0,8,0.0,1.0,0.0,0.0,0.0,0.0,0.0,0.0,0.0,0.0,0.0,0.0,0.0,1.0,0.0,0.0,2.0,0.0,0.0,0.0,0.0,0.0
2kr3r/1bqpb1p1/ppn5/2p2p2/5PN1/2PP1Np1/PP4BP/R2QR1BK b - - 0 17,7,5,3,3,1666,2040,1,0,0,6,2,0,0,0,2,0,4,5,1,4,0,1,0,1,1,3,0,0,0,0,0,0,0,1,0,0,1,0,0,0,0,0,0,0,7,9,0,0,0,7,7,0,9,1,0,7,7,0,0,0,0,10,7,8,0,0,11,8,0,10,12,0.0,0.0,0.0,0.0,0.0,1.0,0.0,0.0,0.0,0.0,0.0,0.0,0.0,0.0,1.0,0.0,1.0,-1.0,0.0,0.0,0.0,0.0
rnbqnrk1/ppppb1pp/4p3/4p3/2PP1B2/2N5/PP2BPPP/R2QK1NR w KQ - 0 8,10,7,5,3,1440,1426,0,2,3,4,5,3,2,6,0,1,1,1,1,4,0,1,1,0,0,0,0,1,0,0,0,0,0,0,0,1,0,0,0,0,0,7,7,0,10,0,0,0,0,9,0,0,0,0,0,7,7,0,0,10,7,7,7,8,0,0,11,12,0,9,8,0.0,0.0,0.0,0.0,1.0,0.0,0.0,0.0,0.0,0.0,0.0,0.0,0.0,0.0,1.0,0.0,-1.0,1.0,0.0,0.0,0.0,0.0
rnbqkb1r/ppp1pppp/5n2/8/2PP4/8/PP3PPP/RNBQKBNR w KQkq - 1 5,10,7,4,3,1619,1592,0,2,3,4,5,6,4,0,2,1,1,1,0,1,1,1,1,0,0,0,0,0,3,0,0,0,0,0,0,0,0,0,0,0,0,7,7,0,0,0,0,0,0,0,0,0,0,0,0,7,7,0,0,0,7,7,7,8,9,10,11,12,10,9,8,0.0,1.0,0.0,0.0,0.0,0.0,0.0,0.0,0.0,0.0,1.0,0.0,0.0,0.0,0.0,0.0,1.0,2.0,0.0,0.0,0.0,0.0
r6r/1b1p2p1/p1nB2k1/1p1B4/4P2p/2P4P/P1P3P1/2KR1R2 w - - 3 24,13,14,6,2,2213,2218,0,2,0,0,0,0,0,0,2,0,4,0,1,0,0,1,0,1,0,3,10,0,0,6,0,0,1,0,10,0,0,0,0,0,0,0,0,7,0,0,1,0,0,7,0,0,0,0,7,7,0,7,0,0,0,7,0,0,0,12,8,0,8,0,0,0.0,1.0,0.0,0.0,0.0,0.0,0.0,0.0,0.0,0.0,0.0,0.0,0.0,0.0,1.0,0.0,0.0,6.0,0.0,0.0,0.0,0.0
rnbqkbnr/pppp1ppp/8/4p3/2B1P3/8/PPPP1PPP/RNBQK1NR b KQkq - 1 2,4,4,2,2,1500,1700,1,2,3,4,5,6,4,3,2,1,1,1,1,0,1,1,1,0,0,0,0,0,0,0,0,0,0,0,0,1,0,0,0,0,0,10,0,7,0,0,0,0,0,0,0,0,0,0,0,7,7,7,7,0,7,7,7,8,9,10,11,12,0,9,8,0.0,0.0,0.0,0.0,0.0,0.0,0.0,0.0,1.0,0.0,1.0,0.0,0.0,0.0,0.0,0.0,1.0,-2.0,0.0,0.0,0.0,0.0
8/8/8/PK4k1/8/8/5p2/8 b - - 0 45,19,16,0,0,2460,2501,1,0,0,0,0,0,0,0,0,0,0,0,0,0,0,0,0,0,0,0,0,0,0,0,0,7,12,0,0,0,0,6,0,0,0,0,0,0,0,0,0,0,0,0,0,0,0,0,0,0,0,0,0,0,1,0,0,0,0,0,0,0,0,0,0,,,,,,,,,,,,,,,,,,,,,,
r1b1kbnr/2qn1ppp/2ppp3/p7/Pp1PPP2/1B3N2/1PP1N1PP/R1BQK2R b KQkq - 1 9,10,3,5,2,1499,1452,1,2,0,4,0,6,4,3,2,0,0,5,3,0,1,1,1,0,0,1,1,1,0,0,0,1,0,0,0,0,0,0,0,7,1,0,7,7,7,0,0,0,10,0,0,0,9,0,0,0,7,7,0,9,0,7,7,8,0,10,11,12,0,0,8,,,,,,,,,,,,,,,,,,,,,,
rnbqkbnr/ppp1pppp/8/3p4/4P3/8/PPPP1PPP/RNBQKBNR w KQkq - 0 2,4,4,2,3,2190,2179,0,2,3,4,5,6,4,3,2,1,1,1,0,1,1,1,1,0,0,0,0,0,0,0,0,0,0,0,1,0,0,0,0,0,0,0,0,7,0,0,0,0,0,0,0,0,0,0,0,7,7,7,7,0,7,7,7,8,9,10,11,12,10,9,8,,,,,,,,,,,,,,,,,,,,,,
5rk1/3p1pp1/7p/1NPQb1q1/pP6/P5P1/5PBP/3R1RK1 b - - 0 26,2,2,5,3,1654,1633,1,0,0,0,0,0,2,6,0,0,0,0,1,0,1,1,0,0,0,0,0,0,0,0,1,0,9,7,11,4,0,5,0,1,7,0,0,0,0,0,0,7,0,0,0,0,0,7,0,0,0,0,0,0,7,10,7,0,0,0,8,0,8,12,0,,,,,,,,,,,,,,,,,,,,,,
rnbqkb1r/pp2pppp/3p4/2n5/2B5/5N2/PPP2PPP/RNBQK2R w KQkq - 0 6,13,2,3,2,1745,1702,0,2,3,4,5,6,4,0,2,1,1,0,0,1,1,1,1,0,0,0,1,0,0,0,0,0,0,3,0,0,0,0,0,0,0,10,0,0,0,0,0,0,0,0,0,0,9,0,0,7,7,7,0,0,7,7,7,8,9,10,11,12,0,0,8,,,,,,,,,,,,,,,,,,,,,,
4rrk1/4q1pp/p2p4/Ppb5/1B3P2/P5P1/5P1P/R2Q1RK1 b - - 0 23,2,7,3,3,1585,1551,1,0,0,0,0,2,2,6,0,0,0,0,0,5,0,1,1,1,0,0,1,0,0,0,0,7,1,4,0,0,0,0,0,0,10,0,0,0,7,0,0,7,0,0,0,0,0,7,0,0,0,0,0,0,7,0,7,8,0,0,11,0,8,12,0,,,,,,,,,,,,,,,,,,,,,,
rn1qkb1r/pp3ppp/5n2/2p1pb2/2Pp4/3PP1P1/PP3P1P/RNBQKBNR w KQkq - 1 7,3,10,3,5,1946,2041,0,2,3,0,5,6,4,0,2,1,1,0,0,0,1,1,1,0,0,0,0,0,3,0,0,0,0,1,0,1,4,0,0,0,0,7,1,0,0,0,0,0,0,0,7,7,0,7,0,7,7,0,0,0,7,0,7,8,9,10,11,12,10,9,8,,,,,,,,,,,,,,,,,,,,,,
rnbqkbnr/pppppppp/8/8/3P4/8/PPP1PPPP/RNBQKBNR b KQkq - 0 1,4,1,3,0,1863,1863,1,2,3,4,5,6,4,3,2,1,1,1,1,1,1,1,1,0,0,0,0,0,0,0,0,0,0,0,0,0,0,0,0,0,0,0,7,0,0,0,0,0,0,0,0,0,0,0,0,7,7,7,0,7,7,7,7,8,9,10,11,12,10,9,8,,,,,,,,,,,,,,,,,,,,,,
3bk1nr/3p1ppp/rp6/p3P3/2QP4/q4N2/P2N1KPP/2R4R b k - 1 18,16,7,6,0,2196,2213,1,0,0,0,4,6,0,3,2,0,0,0,1,0,1,1,1,2,1,0,0,0,0,0,0,1,0,0,0,7,0,0,0,0,0,11,7,0,0,0,0,5,0,0,0,0,9,0,0,7,0,0,9,0,12,7,7,0,0,8,0,0,0,0,8,,,,,,,,,,,,,,,,,,,,,,
r2q1bkr/p1p3pp/4p3/1B6/1n6/5Q2/PP3PPP/RNB1K2R w KQ - 5 17,13,7,2,2,1034,881,0,2,0,0,5,0,4,6,2,1,0,1,0,0,0,1,1,0,0,0,0,1,0,0,0,0,10,0,0,0,0,0,0,0,3,0,0,0,0,0,0,0,0,0,0,0,11,0,0,7,7,0,0,0,7,7,7,8,9,10,0,12,0,0,8,,,,,,,,,,,,,,,,,,,,,,
2r2k2/5p2/2r2p1p/2p1p3/1pR1P3/8/5PPP/1R4K1 w - - 6 27,1,10,4,3,1371,1302,0,0,0,2,0,0,6,0,0,0,0,0,0,0,1,0,0,0,0,2,0,0,1,0,1,0,0,1,0,1,0,0,0,0,1,8,0,7,0,0,0,0,0,0,0,0,0,0,0,0,0,0,0,0,7,7,7,0,8,0,0,0,0,12,0,,,,,,,,,,,,,,,,,,,,,,
r1bq1rk1/ppp2ppp/2p2n2/4p3/1b2P3/2NP1N2/PPP2PPP/R1BQ1RK1 b - - 0 7,1,1,5,4,1855,1795,1,2,0,4,5,0,2,6,0,1,1,1,0,0,1,1,1,0,0,1,0,0,3,0,0,0,0,0,0,1,0,0,0,0,4,0,0,7,0,0,0,0,0,9,7,0,9,0,0,7,7,7,0,0,7,7,7,8,0,10,11,0,8,12,0,,,,,,,,,,,,,,,,,,,,,,
r3k2r/ppq2pp1/2nbpnp1/3p4/2pP2P1/2P1PN1P/PP1N1PK1/R1BQ1R2 w kq - 2 13,8,5,4,5,2154,2091,0,2,0,0,0,6,0,0,2,1,1,5,0,0,1,1,0,0,0,3,4,1,3,1,0,0,0,0,1,0,0,0,0,0,0,1,7,0,0,7,0,0,0,7,0,7,9,0,7,7,7,0,9,0,7,12,0,8,0,10,11,0,8,0,0,,,,,,,,,,,,,,,,,,,,,,
r2q1rk1/1p2npp1/p3b2p/3pP3/2PQ4/1P5P/P3BPP1/RN3RK1 b - - 0 16,2,2,5,3,1475,1432,1,2,0,0,5,0,2,6,0,0,1,0,0,3,1,1,0,1,0,0,0,4,0,0,1,0,0,0,1,7,0,0,0,0,0,7,11,0,0,0,0,0,7,0,0,0,0,0,7,7,0,0,0,10,7,7,0,8,9,0,0,0,8,12,0,,,,,,,,,,,,,,,,,,,,,,
r1b2rk1/2q1bppp/ppnppn2/2p5/P1PPPP2/1PN2N2/1B2B1PP/R2QK2R w KQ - 0 11,10,1,6,4,1889,1878,0,2,0,4,0,0,2,6,0,0,0,5,0,4,1,1,1,1,1,3,1,1,3,0,0,0,0,1,0,0,0,0,0,7,0,7,7,7,7,0,0,0,7,9,0,0,9,0,0,0,10,0,0,10,0,7,7,8,0,0,11,12,0,0,8,,,,,,,,,,,,,,,,,,,,,,
2r3k1/3q1pp1/4p2p/2B5/1P2Q3/7P/r4PP1/5RK1 b - - 1 33,2,2,4,2,1624,1701,1,0,0,2,0,0,0,6,0,0,0,0,5,0,1,1,0,0,0,0,0,1,0,0,1,0,0,10,0,0,0,0,0,0,7,0,0,11,0,0,0,0,0,0,0,0,0,0,7,2,0,0,0,0,7,7,0,0,0,0,0,0,8,12,0,,,,,,,,,,,,,,,,,,,,,,
3r2k1/1p3ppp/p1q1r3/3p1R2/3Pn3/1QP2N2/PP4PP/4N1K1 w - - 5 24,7,1,4,5,2035,2028,0,0,0,0,2,0,0,6,0,0,1,0,0,0,1,1,1,1,0,5,0,2,0,0,0,0,0,0,1,0,8,0,0,0,0,0,7,3,0,0,0,0,11,7,0,0,9,0,0,7,7,0,0,0,0,7,7,0,0,0,0,9,0,12,0,,,,,,,,,,,,,,,,,,,,,,
8/8/p7/k1p3Np/P1P1p3/1P1bK3/8/8 w - - 2 55,19,13,3,3,1904,1896,0,0,0,0,0,0,0,0,0,0,0,0,0,0,0,0,0,1,0,0,0,0,0,0,0,6,0,1,0,0,0,9,1,7,0,7,0,1,0,0,0,0,7,0,4,12,0,0,0,0,0,0,0,0,0,0,0,0,0,0,0,0,0,0,0,,,,,,,,,,,,,,,,,,,,,,
6k1/1b3rp1/1rpppqNp/7P/p2P4/P1P1P3/1PQ2nP1/2K2RR1 w - - 2 26,5,8,4,4,1722,1730,0,0,0,0,0,0,0,6,0,0,4,0,0,0,2,1,0,0,2,1,1,1,5,9,1,0,0,0,0,0,0,0,7,1,0,0,7,0,0,0,0,7,0,7,0,7,0,0,0,0,7,11,0,0,3,7,0,0,0,12,0,0,8,8,0,,,,,,,,,,,,,,,,,,,,,,
rn1q1bnr/pp1k1Q2/4pp2/2Pp2Bp/7P/8/PPP2PP1/RN2K1NR b KQ - 3 11,13,8,0,4,1119,1151,1,2,3,0,5,0,4,3,2,1,1,0,6,0,11,0,0,0,0,0,0,1,1,0,0,0,0,7,1,0,0,10,1,0,0,0,0,0,0,0,7,0,0,0,0,0,0,0,0,7,7,7,0,0,7,7,0,8,9,0,0,12,0,9,8,,,,,,,,,,,,,,,,,,,,,,
r1bqk1nr/ppp2ppp/2np4/2b1p3/2B1P3/2N2N2/PPPP1PPP/R1BQ1RK1 b kq - 1 5,1,5,5,3,1056,945,1,2,0,4,5,6,0,3,2,1,1,1,0,0,1,1,1,0,0,3,1,0,0,0,0,0,0,4,0,1,0,0,0,0,0,10,0,7,0,0,0,0,0,9,0,0,9,0,0,7,7,7,7,0,7,7,7,8,0,10,11,0,8,12,0,,,,,,,,,,,,,,,,,,,,,,
rnbqkbnr/ppp2ppp/4p3/3p4/3P1B2/8/PPP1PPPP/RN1QKBNR w KQkq - 0 3,4,5,3,3,1175,1172,0,2,3,4,5,6,4,3,2,1,1,1,0,0,1,1,1,0,0,0,0,1,0,0,0,0,0,0,1,0,0,0,0,0,0,0,7,0,10,0,0,0,0,0,0,0,0,0,0,7,7,7,0,7,7,7,7,8,9,0,11,12,10,9,8,,,,,,,,,,,,,,,,,,,,,,
r2q1rk1/p2bb1pp/1pn2p2/3pP3/3P4/5N2/PP2B1PP/R1BQ1R1K w - - 0 15,1,2,4,4,1626,1582,0,2,0,0,5,0,2,6,0,1,0,0,4,4,0,1,1,0,1,3,0,0,1,0,0,0,0,0,1,7,0,0,0,0,0,0,7,0,0,0,0,0,0,0,0,0,9,0,0,7,7,0,0,10,0,7,7,8,0,10,11,0,8,0,12,,,,,,,,,,,,,,,,,,,,,,
r4rk1/pp3ppp/3b1n2/1q1pN3/3P4/P3B3/1P3PPP/1R1Q1RK1 w - - 1 16,1,1,4,4,1433,1457,0,2,0,0,0,0,2,6,0,1,1,0,0,0,1,1,1,0,0,0,4,0,3,0,0,0,5,0,1,9,0,0,0,0,0,0,7,0,0,0,0,7,0,0,0,10,0,0,0,0,7,0,0,0,7,7,7,0,8,0,11,0,8,12,0,,,,,,,,,,,,,,,,,,,,,,
1r1q1rk1/1bp2ppp/p7/1p2P3/2nPB3/P1P4P/1P4P1/R1BQ1RK1 w - - 3 18,8,1,6,4,1802,1754,0,0,2,0,5,0,2,6,0,0,4,1,0,0,1,1,1,1,0,0,0,0,0,0,0,0,1,0,0,7,0,0,0,0,0,3,7,10,0,0,0,7,0,7,0,0,0,0,7,0,7,0,0,0,0,7,0,8,0,10,11,0,8,12,0,,,,,,,,,,,,,,,,,,,,,,
r1bqk2r/1p2bpp1/p1n1p3/2ppPn1p/5P2/N1PP1N2/PP2B1PP/R1BQ1RK1 w kq - 0 10,4,5,4,5,2095,2152,0,2,0,4,5,6,0,0,2,0,1,0,0,4,1,1,0,1,0,3,0,1,0,0,0,0,0,1,1,7,3,0,1,0,0,0,0,0,7,0,0,9,0,7,7,0,9,0,0,7,7,0,0,10,0,7,7,8,0,10,11,0,8,12,0,,,,,,,,,,,,,,,,,,,,,,
R5k1/5p1p/4p1p1/1R2N3/1P6/2r3P1/3r1PKP/8 b - - 4 29,13,2,3,2,2056,2048,1,8,0,0,0,0,0,6,0,0,0,0,0,0,1,0,1,0,0,0,0,1,0,1,0,0,8,0,0,9,0,0,0,0,7,0,0,0,0,0,0,0,0,2,0,0,0,7,0,0,0,0,2,0,7,12,7,0,0,0,0,0,0,0,0,,,,,,,,,,,,,,,,,,,,,,
rnbqk2r/ppp1pp2/3p1npp/5P2/7B/3P4/P1PNP1PP/Q3KBNR w Kkq - 1 8,8,2,3,3,913,1027,0,2,3,4,5,6,0,0,2,1,1,1,0,1,1,0,0,0,0,0,1,0,3,1,1,0,0,0,0,0,7,0,0,0,0,0,0,0,0,0,10,0,0,0,7,0,0,0,0,7,0,7,9,7,0,7,7,11,0,0,0,12,10,9,8,,,,,,,,,,,,,,,,,,,,,,
rnbqkbnr/pppppppp/8/8/4P3/8/PPPP1PPP/RNBQKBNR b KQkq - 0 1,4,1,2,0,1421,1246,1,2,3,4,5,6,4,3,2,1,1,1,1,1,1,1,1,0,0,0,0,0,0,0,0,0,0,0,0,0,0,0,0,0,0,0,0,7,0,0,0,0,0,0,0,0,0,0,0,7,7,7,7,0,7,7,7,8,9,10,11,12,10,9,8,,,,,,,,,,,,,,,,,,,,,,
6k1/1pp3p1/3p3p/1P3rr1/p1P3N1/P1P2K1P/8/5R2 w - - 2 37,19,8,4,2,1294,1268,0,0,0,0,0,0,0,6,0,0,1,1,0,0,0,1,0,0,0,0,1,0,0,0,1,0,7,0,0,0,2,2,0,1,0,7,0,0,0,9,0,7,0,7,0,0,12,0,7,0,0,0,0,0,0,0,0,0,0,0,0,0,8,0,0,,,,,,,,,,,,,,,,,,,,,,
r5k1/5pp1/5b1p/2B5/2P5/pP6/P5PP/2R1r1K1 w - - 0 28,7,2,2,3,1799,1800,0,2,0,0,0,0,0,6,0,0,0,0,0,0,1,1,0,0,0,0,0,0,4,0,1,0,0,10,0,0,0,0,0,0,0,7,0,0,0,0,0,1,7,0,0,0,0,0,0,7,0,0,0,0,0,7,7,0,0,8,0,2,0,12,0,,,,,,,,,,,,,,,,,,,,,,
rn1qkbnr/ppp1pppp/8/3pP3/6b1/8/PPPP1PPP/RNBQKBNR w KQkq - 1 3,7,4,1,3,1859,1849,0,2,3,0,5,6,4,3,2,1,1,1,0,1,1,1,1,0,0,0,0,0,0,0,0,0,0,0,1,7,0,0,0,0,0,0,0,0,0,4,0,0,0,0,0,0,0,0,0,7,7,7,7,0,7,7,7,8,9,10,11,12,10,9,8,,,,,,,,,,,,,,,,,,,,,,
r3k2r/1pp2p2/4p2b/p2qP1p1/P2P4/2PQ2PP/5P2/1K1R3R b kq - 1 21,11,8,5,5,1661,1673,1,2,0,0,0,6,0,0,2,0,1,1,0,0,1,0,0,0,0,0,0,1,0,0,4,1,0,0,5,7,0,1,0,7,0,0,7,0,0,0,0,0,0,7,11,0,0,7,7,0,0,0,0,0,7,0,0,0,12,0,8,0,0,0,8,,,,,,,,,,,,,,,,,,,,,,
8/pp6/2p5/5p2/4k2p/P6P/1P4K1/8 w - - 1 46,13,19,0,5,1883,1883,0,0,0,0,0,0,0,0,0,1,1,0,0,0,0,0,0,0,0,1,0,0,0,0,0,0,0,0,0,0,1,0,0,0,0,0,0,6,0,0,1,7,0,0,0,0,0,0,7,0,7,0,0,0,0,12,0,0,0,0,0,0,0,0,0,,,,,,,,,,,,,,,,,,,,,,
r1bqk2r/pppp1ppp/1bn2n2/8/4P3/1NN5/PPP2PPP/R1BQKB1R w KQkq - 5 7,10,7,4,4,2577,2419,0,2,0,4,5,6,0,0,2,1,1,1,1,0,1,1,1,0,4,3,0,0,3,0,0,0,0,0,0,0,0,0,0,0,0,0,0,7,0,0,0,0,9,9,0,0,0,0,0,7,7,7,0,0,7,7,7,8,0,10,11,12,10,0,8,,,,,,,,,,,,,,,,,,,,,,
r2qr1k1/2p1bp1p/p1P3pB/1p1p4/6Q1/8/PPP2PPP/R3R1K1 w - - 0 18,1,2,3,3,1350,1330,0,2,0,0,5,2,0,6,0,0,0,1,0,4,1,0,1,1,0,7,0,0,0,1,10,0,1,0,1,0,0,0,0,0,0,0,0,0,0,11,0,0,0,0,0,0,0,0,0,7,7,7,0,0,7,7,7,8,0,0,0,8,0,12,0,,,,,,,,,,,,,,,,,,,,,,
rnbqk1nr/ppppppbp/6p1/8/4P3/3P4/PPP2PPP/RNBQKBNR w KQkq - 1 3,5,1,3,2,1775,1774,0,2,3,4,5,6,0,3,2,1,1,1,1,1,1,4,1,0,0,0,0,0,0,1,0,0,0,0,0,0,0,0,0,0,0,0,0,7,0,0,0,0,0,0,7,0,0,0,0,7,7,7,0,0,7,7,7,8,9,10,11,12,10,9,8,,,,,,,,,,,,,,,,,,,,,,
rnbqkb1r/ppp1pppp/5n2/8/2B5/2N5/PPPP1PPP/R1BQK1NR w KQkq - 4 5,7,7,2,3,2019,1997,0,2,3,4,5,6,4,0,2,1,1,1,0,1,1,1,1,0,0,0,0,0,3,0,0,0,0,0,0,0,0,0,0,0,0,10,0,0,0,0,0,0,0,9,0,0,0,0,0,7,7,7,7,0,7,7,7,8,0,10,11,12,0,9,8,,,,,,,,,,,,,,,,,,,,,,
r1bqr1k1/pp1nbppp/2p1pn2/8/2NP4/2N3P1/PP2PPBP/R1BQ1RK1 w - - 1 10,2,1,5,3,2036,2022,0,2,0,4,5,2,0,6,0,1,1,0,3,4,1,1,1,0,0,1,0,1,3,0,0,0,0,0,0,0,0,0,0,0,0,9,7,0,0,0,0,0,0,9,0,0,0,7,0,7,7,0,0,7,7,10,7,8,0,10,11,0,8,12,0,,,,,,,,,,,,,,,,,,,,,,
r1bqk2r/ppp2ppp/2n1p3/3pP3/4n3/2PBP3/PP3PPP/RNBQK2R w KQkq - 1 8,8,5,3,6,1464,1432,0,2,0,4,5,6,0,0,2,1,1,1,0,0,1,1,1,0,0,3,0,1,0,0,0,0,0,0,1,7,0,0,0,0,0,0,0,3,0,0,0,0,0,7,10,7,0,0,0,7,7,0,0,0,7,7,7,8,9,10,11,12,0,0,8,,,,,,,,,,,,,,,,,,,,,,
8/2p3q1/1p1p1n1k/3Pp3/P1Q1Pp2/1PN2P1p/1KP4P/8 w - - 0 36,8,10,5,5,1966,1971,0,0,0,0,0,0,0,0,0,0,0,1,0,0,0,5,0,0,1,0,1,0,3,0,6,0,0,0,7,1,0,0,0,7,0,11,0,7,1,0,0,0,7,9,0,0,7,0,1,0,12,7,0,0,0,0,7,0,0,0,0,0,0,0,0,,,,,,,,,,,,,,,,,,,,,,
rnbqnrk1/ppp1bppp/4p3/8/3P4/1BN1PN2/PP3PPP/R1BQK2R w KQ - 7 8,5,1,5,2,1482,1568,0,2,3,4,5,3,2,6,0,1,1,1,0,4,1,1,1,0,0,0,0,1,0,0,0,0,0,0,0,0,0,0,0,0,0,0,7,0,0,0,0,0,10,9,0,7,9,0,0,7,7,0,0,0,7,7,7,8,0,10,11,12,0,0,8,,,,,,,,,,,,,,,,,,,,,,
1r1q1rk1/p1p3pp/2b2n2/2bp4/4N3/2PB1N2/PPQ2PPP/R1B2RK1 b - - 0 15,1,7,4,4,1904,1867,1,0,2,0,5,0,2,6,0,1,0,1,0,0,0,1,1,0,0,4,0,0,3,0,0,0,0,4,1,0,0,0,0,0,0,0,0,9,0,0,0,0,0,7,10,0,9,0,0,7,7,11,0,0,7,7,7,8,0,10,0,0,8,12,0,,,,,,,,,,,,,,,,,,,,,,
4r2k/ppp3pb/2q4p/5P2/2nN2P1/2N1r2P/PPP2Q2/4RRK1 b - - 7 29,11,2,3,3,1910,1956,1,0,0,0,0,2,0,0,6,1,1,1,0,0,0,1,4,0,0,5,0,0,0,0,1,0,0,0,0,0,7,0,0,0,0,3,9,0,0,7,0,0,0,9,0,2,0,0,7,7,7,7,0,0,11,0,0,0,0,0,0,8,8,12,0,,,,,,,,,,,,,,,,,,,,,,
r2q1rk1/2pb1pb1/1p2p2p/p2P1B2/P2P3N/1QN1P3/1P4PP/R3K2R w KQ - 0 17,11,8,6,3,1519,1491,0,2,0,0,5,0,2,6,0,0,0,1,4,0,1,4,0,0,1,0,0,1,0,0,1,1,0,0,7,0,10,0,0,7,0,0,7,0,0,0,9,0,11,9,0,7,0,0,0,0,7,0,0,0,0,7,7,8,0,0,0,12,0,0,8,,,,,,,,,,,,,,,,,,,,,,
3K4/1r6/8/5k2/1P3bN1/8/P7/4R3 w - - 7 61,19,19,2,2,1220,1051,0,0,0,0,12,0,0,0,0,0,2,0,0,0,0,0,0,0,0,0,0,0,0,0,0,0,0,0,0,0,6,0,0,0,7,0,0,0,4,9,0,0,0,0,0,0,0,0,0,7,0,0,0,0,0,0,0,0,0,0,0,8,0,0,0,,,,,,,,,,,,,,,,,,,,,,
6k1/pb2q1p1/1p3p1p/3pp3/3P2P1/P1Q1P2P/1P3P2/5BK1 w - - 0 30,5,3,3,6,1734,1855,0,0,0,0,0,0,0,6,0,1,4,0,0,5,0,1,0,0,1,0,0,0,1,0,1,0,0,0,1,1,0,0,0,0,0,0,7,0,0,7,0,7,0,11,0,7,0,0,7,0,7,0,0,0,7,0,0,0,0,0,0,0,10,12,0,,,,,,,,,,,,,,,,,,,,,,
r2qk1nr/ppp2ppp/2nbb3/3pp3/8/1PNPP1P1/PBP2P1P/R2QKBNR b KQkq - 0 6,3,7,3,6,1595,1561,1,2,0,0,5,6,0,3,2,1,1,1,0,0,1,1,1,0,0,3,4,4,0,0,0,0,0,0,1,1,0,0,0,0,0,0,0,0,0,0,0,0,7,9,7,7,0,7,0,7,10,7,0,0,7,0,7,8,0,0,11,12,10,9,8,,,,,,,,,,,,,,,,,,,,,,
r2qr1k1/p1p2ppp/1p3n2/3p1P2/3P4/P2PB1Q1/6PP/R3K2R w KQ - 1 16,14,1,4,4,1355,1342,0,2,0,0,5,2,0,6,0,1,0,1,0,0,1,1,1,0,1,0,0,0,3,0,0,0,0,0,1,0,7,0,0,0,0,0,7,0,0,0,0,7,0,0,7,10,0,11,0,0,0,0,0,0,0,7,7,8,0,0,0,12,0,0,8,,,,,,,,,,,,,,,,,,,,,,
r2qk2r/pbp2ppp/p2p4/3P4/3Qn3/2P1PN2/PP4PP/RN3RK1 b kq - 3 12,7,8,6,3,1329,1335,1,2,0,0,5,6,0,0,2,1,4,1,0,0,1,1,1,1,0,0,1,0,0,0,0,0,0,0,7,0,0,0,0,0,0,0,11,3,0,0,0,0,0,7,0,7,9,0,0,7,7,0,0,0,0,7,7,8,9,0,0,0,8,12,0,,,,,,,,,,,,,,,,,,,,,,
rn1qk1r1/pp3pPp/4b3/1p1p4/1b6/8/PB2QPPP/RN3KNR w q - 1 12,7,10,3,3,2007,2006,0,2,3,0,5,6,0,2,0,1,1,0,0,0,1,7,1,0,0,0,0,4,0,0,0,0,1,0,1,0,0,0,0,0,4,0,0,0,0,0,0,0,0,0,0,0,0,0,0,7,10,0,0,11,7,7,7,8,9,0,0,0,12,9,8,,,,,,,,,,,,,,,,,,,,,,
rn6/2q1pk2/p2p4/2pN4/8/5N2/PPP1QPPP/R4RK1 b - - 1 18,1,19,4,2,805,808,1,2,3,0,0,0,0,0,0,0,0,5,0,1,6,0,0,1,0,0,1,0,0,0,0,0,0,1,9,0,0,0,0,0,0,0,0,0,0,0,0,0,0,0,0,0,9,0,0,7,7,7,0,11,7,7,7,8,0,0,0,0,8,12,0,,,,,,,,,,,,,,,,,,,,,,
5rk1/1R3p2/p7/6N1/2P3bp/3r4/P4PPP/4R1K1 b - - 0 33,1,13,3,2,1272,1229,1,0,0,0,0,0,2,6,0,0,8,0,0,0,1,0,0,1,0,0,0,0,0,0,0,0,0,0,0,0,0,9,0,0,0,7,0,0,0,4,1,0,0,0,2,0,0,0,0,7,0,0,0,0,7,7,7,0,0,0,0,8,0,12,0,,,,,,,,,,,,,,,,,,,,,,
2k1r2r/pppq4/2n4p/4Ppp1/1P6/2P1QN1P/P4PP1/R2R2K1 b - - 1 19,2,7,5,4,2190,2064,1,0,0,6,0,2,0,0,2,1,1,1,5,0,0,0,0,0,0,3,0,0,0,0,1,0,0,0,0,7,1,1,0,0,7,0,0,0,0,0,0,0,0,7,0,11,9,0,7,7,0,0,0,0,7,7,0,8,0,0,8,0,0,12,0,,,,,,,,,,,,,,,,,,,,,,
r2qkb1r/1p3p2/p2pbp2/1P1Np2p/P1Pp3P/3P2P1/4PPB1/R2Q1RK1 b kq - 0 15,5,5,3,5,1731,1678,1,2,0,0,5,6,4,0,2,0,1,0,0,0,1,0,0,1,0,0,1,4,1,0,0,0,7,0,9,1,0,0,1,7,0,7,1,0,0,0,7,0,0,0,7,0,0,7,0,0,0,0,0,7,7,10,0,8,0,0,11,0,8,12,0,,,,,,,,,,,,,,,,,,,,,,
8/2k2p1p/p2r4/1p3K2/6P1/8/7P/8 b - - 0 41,19,14,2,2,999,1024,1,0,0,0,0,0,0,0,0,0,0,6,0,0,1,0,1,1,0,0,2,0,0,0,0,0,1,0,0,0,12,0,0,0,0,0,0,0,0,7,0,0,0,0,0,0,0,0,0,0,0,0,0,0,0,0,7,0,0,0,0,0,0,0,0,,,,,,,,,,,,,,,,,,,,,,
8/2R2Rpp/3k4/8/3n4/P2B4/1r4PP/7K b - - 0 33,1,19,1,3,1968,1982,1,0,0,0,0,0,0,0,0,0,0,8,0,0,8,1,1,0,0,0,6,0,0,0,0,0,0,0,0,0,0,0,0,0,0,0,3,0,0,0,0,7,0,0,10,0,0,0,0,0,2,0,0,0,0,7,7,0,0,0,0,0,0,0,12,,,,,,,,,,,,,,,,,,,,,,
r1b1k2r/ppb3pp/4q3/5p2/1P6/B1N1PBPP/5P2/R2Q1RK1 b kq - 1 19,3,16,3,3,1048,1142,1,2,0,4,0,6,0,0,2,1,1,4,0,0,0,1,1,0,0,0,0,5,0,0,0,0,0,0,0,0,1,0,0,0,7,0,0,0,0,0,0,10,0,9,0,7,10,7,7,0,0,0,0,0,7,0,0,8,0,0,11,0,8,12,0,,,,,,,,,,,,,,,,,,,,,,
2r3k1/b3qpp1/p6p/1p1RP3/1P6/P2Q1N1P/2r2PP1/5RK1 b - - 3 26,2,2,6,2,2047,2043,1,0,0,2,0,0,0,6,0,4,0,0,0,5,1,1,0,1,0,0,0,0,0,0,1,0,1,0,8,7,0,0,0,0,7,0,0,0,0,0,0,7,0,0,11,0,9,0,7,0,0,2,0,0,7,7,0,0,0,0,0,0,8,12,0,,,,,,,,,,,,,,,,,,,,,,
8/1p6/1P6/p7/P3k3/3N4/3Kp3/8 b - - 13 58,19,14,1,4,1055,936,1,0,0,0,0,0,0,0,0,0,1,0,0,0,0,0,0,0,7,0,0,0,0,0,0,1,0,0,0,0,0,0,0,7,0,0,0,6,0,0,0,0,0,0,9,0,0,0,0,0,0,0,12,1,0,0,0,0,0,0,0,0,0,0,0,,,,,,,,,,,,,,,,,,,,,,
rnbqkb1r/ppp1pppp/5n2/3p4/3P4/5N2/PPP1PPPP/RNBQKB1R w KQkq - 0 3,4,4,3,3,1310,1281,0,2,3,4,5,6,4,0,2,1,1,1,0,1,1,1,1,0,0,0,0,0,3,0,0,0,0,0,1,0,0,0,0,0,0,0,7,0,0,0,0,0,0,0,0,0,9,0,0,7,7,7,0,7,7,7,7,8,9,10,11,12,10,0,8,,,,,,,,,,,,,,,,,,,,,,
6k1/1p1b2p1/p1pN1p2/5P2/6Q1/1P2B2r/1PP3K1/5R2 b - - 0 28,16,8,2,2,1453,1387,1,0,0,0,0,0,0,6,0,0,1,0,4,0,0,1,0,1,0,1,9,0,1,0,0,0,0,0,0,0,7,0,0,0,0,0,0,0,0,11,0,0,7,0,0,10,0,0,2,0,7,7,0,0,0,12,0,0,0,0,0,0,8,0,0,,,,,,,,,,,,,,,,,,,,,,
rnbqkbnr/pp1ppppp/8/2p5/4P3/8/PPPP1PPP/RNBQKBNR w KQkq - 0 2,4,1,2,1,1716,1649,0,2,3,4,5,6,4,3,2,1,1,0,1,1,1,1,1,0,0,0,0,0,0,0,0,0,0,1,0,0,0,0,0,0,0,0,0,7,0,0,0,0,0,0,0,0,0,0,0,7,7,7,7,0,7,7,7,8,9,10,11,12,10,9,8,,,,,,,,,,,,,,,,,,,,,,
1kr5/1p3p2/p5q1/3P3r/3Qp3/4P3/PP1KBP2/4RR2 w - - 2 31,10,8,6,4,2394,2346,0,0,6,2,0,0,0,0,0,0,1,0,0,0,1,0,0,1,0,0,0,0,0,5,0,0,0,0,7,0,0,0,2,0,0,0,11,1,0,0,0,0,0,0,0,7,0,0,0,7,7,0,12,10,7,0,0,0,0,0,0,8,8,0,0,,,,,,,,,,,,,,,,,,,,,,
r1bqkbnr/ppp2ppp/2np4/1B2p3/4P3/2N2N2/PPPP1PPP/R1BQK2R b KQkq - 1 4,4,5,5,3,1493,1551,1,2,0,4,5,6,4,3,2,1,1,1,0,0,1,1,1,0,0,3,1,0,0,0,0,0,10,0,0,1,0,0,0,0,0,0,0,7,0,0,0,0,0,9,0,0,9,0,0,7,7,7,7,0,7,7,7,8,0,10,11,12,0,0,8,,,,,,,,,,,,,,,,,,,,,,
2K3k1/6p1/5p1p/3bp3/p3N2P/P5P1/5P2/8 w - - 1 35,19,3,1,5,987,1117,0,0,0,12,0,0,0,6,0,0,0,0,0,0,0,1,0,0,0,0,0,0,1,0,1,0,0,0,4,1,0,0,0,1,0,0,0,9,0,0,7,7,0,0,0,0,0,7,0,0,0,0,0,0,7,0,0,0,0,0,0,0,0,0,0,,,,,,,,,,,,,,,,,,,,,,
rnbqkb1r/1pppnppp/p3p3/8/3PP3/P1N5/1PP2PPP/R1BQKBNR b KQkq - 0 4,7,2,6,1,1786,1742,1,2,3,4,5,6,4,0,2,0,1,1,1,3,1,1,1,1,0,0,0,1,0,0,0,0,0,0,0,0,0,0,0,0,0,0,7,7,0,0,0,7,0,9,0,0,0,0,0,0,7,7,0,0,7,7,7,8,0,10,11,12,10,9,8,,,,,,,,,,,,,,,,,,,,,,
r2q1rk1/p4pbp/1p2b1p1/nN1pPp2/3P4/1Q2BN2/PP3PPP/2R2RK1 w - - 4 15,1,2,5,4,1613,1641,0,2,0,0,5,0,2,6,0,1,0,0,0,0,1,4,1,0,1,0,0,4,0,1,0,3,9,0,1,7,1,0,0,0,0,0,7,0,0,0,0,0,11,0,0,10,9,0,0,7,7,0,0,0,7,7,7,0,0,8,0,0,8,12,0,,,,,,,,,,,,,,,,,,,,,,
8/Q5N1/4ppk1/2BpP3/3P2q1/8/5P2/6K1 w - - 2 38,13,19,4,5,1336,1354,0,0,0,0,0,0,0,0,0,11,0,0,0,0,0,9,0,0,0,0,0,1,1,6,0,0,0,10,1,7,0,0,0,0,0,0,7,0,0,5,0,0,0,0,0,0,0,0,0,0,0,0,0,0,7,0,0,0,0,0,0,0,0,12,0,,,,,,,,,,,,,,,,,,,,,,
r4rk1/1p2bppp/1qn2n2/8/3P1B2/2N2N2/PPQ3PP/3R1RK1 w - - 5 17,7,1,5,4,1707,1715,0,2,0,0,0,0,2,6,0,0,1,0,0,4,1,1,1,0,5,3,0,0,3,0,0,0,0,0,0,0,0,0,0,0,0,0,7,0,10,0,0,0,0,9,0,0,9,0,0,7,7,11,0,0,0,7,7,0,0,0,8,0,8,12,0,,,,,,,,,,,,,,,,,,,,,,
5r2/pp1b1rk1/4p3/4P3/2pPP3/2P2N1R/Pn1B2PP/R5K1 w - - 1 29,7,19,6,1,1206,1122,0,0,0,0,0,0,2,0,0,1,1,0,4,0,2,6,0,0,0,0,0,1,0,0,0,0,0,0,0,7,0,0,0,0,0,1,7,7,0,0,0,0,0,7,0,0,9,0,8,7,3,0,10,0,0,7,7,8,0,0,0,0,0,12,0,,,,,,,,,,,,,,,,,,,,,,
rn1qkb1r/ppp1pppp/8/8/3PPnb1/5N2/PP3PPP/RNBQKB1R w KQkq - 1 6,7,7,5,2,1363,1391,0,2,3,0,5,6,4,0,2,1,1,1,0,1,1,1,1,0,0,0,0,0,0,0,0,0,0,0,0,0,0,0,0,0,0,0,7,7,3,4,0,0,0,0,0,0,9,0,0,7,7,0,0,0,7,7,7,8,9,10,11,12,10,0,8,,,,,,,,,,,,,,,,,,,,,,
rnbqkbnr/pp2pppp/3p4/8/3NP3/8/PPP2PPP/RNBQKB1R b KQkq - 0 4,10,2,4,1,2152,2097,1,2,3,4,5,6,4,3,2,1,1,0,0,1,1,1,1,0,0,0,1,0,0,0,0,0,0,0,0,0,0,0,0,0,0,0,9,7,0,0,0,0,0,0,0,0,0,0,0,7,7,7,0,0,7,7,7,8,9,10,11,12,10,0,8,,,,,,,,,,,,,,,,,,,,,,
4r1k1/pp1nrppp/1bpq1p2/3p4/1P1P4/2P1PNPP/P4P2/R2Q1KNR w - - 1 17,3,1,3,5,1306,1335,0,0,0,0,0,2,0,6,0,1,1,0,3,2,1,1,1,0,4,1,5,0,1,0,0,0,0,0,1,0,0,0,0,0,7,0,7,0,0,0,0,0,0,7,0,7,9,7,7,7,0,0,0,0,7,0,0,8,0,0,11,0,12,9,8,,,,,,,,,,,,,,,,,,,,,,
r1b1kb1r/ppqpnppp/2n1p3/2p1P3/8/2N2N2/PPPPQPPP/R1B1KB1R w KQkq - 5 6,7,2,5,3,1969,1922,0,2,0,4,0,6,4,0,2,1,1,5,1,3,1,1,1,0,0,3,0,1,0,0,0,0,0,1,0,7,0,0,0,0,0,0,0,0,0,0,0,0,0,9,0,0,9,0,0,7,7,7,7,11,7,7,7,8,0,10,0,12,10,0,8,,,,,,,,,,,,,,,,,,,,,,
4k2r/1bbrnppp/4p3/1Q1pP3/PN6/1P3N2/1K3PPP/2R4R b - - 4 23,8,5,4,4,2270,2239,1,0,0,0,0,6,0,0,2,0,4,4,2,3,1,1,1,0,0,0,0,1,0,0,0,0,11,0,1,7,0,0,0,7,9,0,0,0,0,0,0,0,7,0,0,0,9,0,0,0,12,0,0,0,7,7,7,0,0,8,0,0,0,0,8,,,,,,,,,,,,,,,,,,,,,,
rnbqkbnr/pp4pp/2p1p3/3p1p2/3P1B2/2P1PN2/PP3PPP/RN1QKB1R b KQkq - 0 5,5,8,3,3,1908,1909,1,2,3,4,5,6,4,3,2,1,1,0,0,0,0,1,1,0,0,1,0,1,0,0,0,0,0,0,1,0,1,0,0,0,0,0,7,0,10,0,0,0,0,7,0,7,9,0,0,7,7,0,0,0,7,7,7,8,9,0,11,12,10,0,8,,,,,,,,,,,,,,,,,,,,,,
r3qrk1/2p1b1pp/pn2bp2/1p1pN3/3P4/1QPB4/PP2NPPP/R4RK1 w - - 0 16,1,2,6,4,1481,1427,0,2,0,0,0,5,2,6,0,0,0,1,0,4,0,1,1,1,3,0,0,4,1,0,0,0,1,0,1,9,0,0,0,0,0,0,7,0,0,0,0,0,11,7,10,0,0,0,0,7,7,0,0,9,7,7,7,8,0,0,0,0,8,12,0,,,,,,,,,,,,,,,,,,,,,,
r1b2rk1/ppb3pp/2n1p2B/4P3/8/5N2/PPP3PP/R2QK2R b KQ - 0 14,19,7,4,3,1153,1067,1,2,0,4,0,0,2,6,0,1,1,4,0,0,0,1,1,0,0,3,0,1,0,0,10,0,0,0,0,7,0,0,0,0,0,0,0,0,0,0,0,0,0,0,0,0,9,0,0,7,7,7,0,0,0,7,7,8,0,0,11,12,0,0,8,,,,,,,,,,,,,,,,,,,,,,
r2q1rk1/1pp2ppp/p1np1n2/7b/1bP5/2N1PN1P/PP1BBPP1/R2QK2R w KQ - 1 11,8,1,4,4,1660,1683,0,2,0,0,5,0,2,6,0,0,1,1,0,0,1,1,1,1,0,3,1,0,3,0,0,0,0,0,0,0,0,0,4,0,4,7,0,0,0,0,0,0,0,9,0,7,9,0,7,7,7,0,10,10,7,7,0,8,0,0,11,12,0,0,8,,,,,,,,,,,,,,,,,,,,,,
k7/p4N2/1p4R1/3r1p2/3P3p/b3P2P/P4PPB/6K1 w - - 6 33,2,2,3,4,1265,1260,0,6,0,0,0,0,0,0,0,1,0,0,0,0,9,0,0,0,1,0,0,0,0,8,0,0,0,0,2,0,1,0,0,0,0,0,7,0,0,0,1,4,0,0,0,7,0,0,7,7,0,0,0,0,7,7,10,0,0,0,0,0,0,12,0,,,,,,,,,,,,,,,,,,,,,,
rn1qk2r/ppp1bppp/5n2/3p4/6b1/3P1N2/PPP1BPPP/RNBQ1RK1 w kq - 6 7,1,10,3,3,1988,1941,0,2,3,0,5,6,0,0,2,1,1,1,0,4,1,1,1,0,0,0,0,0,3,0,0,0,0,0,1,0,0,0,0,0,0,0,0,0,0,4,0,0,0,0,7,0,9,0,0,7,7,7,0,10,7,7,7,8,9,10,11,0,8,12,0,,,,,,,,,,,,,,,,,,,,,,
rnbqkbnr/pppp1ppp/8/4p3/4P3/8/PPPP1PPP/RNBQKBNR w KQkq - 0 2,4,4,2,2,1357,1394,0,2,3,4,5,6,4,3,2,1,1,1,1,0,1,1,1,0,0,0,0,0,0,0,0,0,0,0,0,1,0,0,0,0,0,0,0,7,0,0,0,0,0,0,0,0,0,0,0,7,7,7,7,0,7,7,7,8,9,10,11,12,10,9,8,,,,,,,,,,,,,,,,,,,,,,
rnbqkbnr/pppppp1p/6p1/8/4P3/8/PPPP1PPP/RNBQKBNR w KQkq - 0 2,4,1,2,0,1558,1550,0,2,3,4,5,6,4,3,2,1,1,1,1,1,1,0,1,0,0,0,0,0,0,1,0,0,0,0,0,0,0,0,0,0,0,0,0,7,0,0,0,0,0,0,0,0,0,0,0,7,7,7,7,0,7,7,7,8,9,10,11,12,10,9,8,,,,,,,,,,,,,,,,,,,,,,
6k1/1b3p2/p1n1p1p1/1pP1P2p/5P2/6BQ/6PP/2qB2K1 w - - 1 33,4,5,2,3,1714,1716,0,0,0,0,0,0,0,6,0,0,4,0,0,0,1,0,0,1,0,3,0,1,0,1,0,0,1,7,0,7,0,0,1,0,0,0,0,0,7,0,0,0,0,0,0,0,0,10,11,0,0,0,0,0,0,7,7,0,0,5,10,0,0,12,0,,,,,,,,,,,,,,,,,,,,,,
2kr3r/ppp3p1/3b4/4pp1q/4Q1p1/3P2B1/PPP2PPN/R4RK1 w - - 0 18,7,7,5,4,1854,1911,0,0,0,6,2,0,0,0,2,1,1,1,0,0,0,1,0,0,0,0,4,0,0,0,0,0,0,0,0,1,1,0,5,0,0,0,0,11,0,1,0,0,0,0,7,0,0,10,0,7,7,7,0,0,7,7,9,8,0,0,0,0,8,12,0,,,,,,,,,,,,,,,,,,,,,,
rnbqkb1r/pp1ppp1p/5np1/4P3/3Q4/5N2/PPP2PPP/RNB1KB1R b KQkq - 0 5,13,1,6,2,1634,1646,1,2,3,4,5,6,4,0,2,1,1,0,1,1,1,0,1,0,0,0,0,0,3,1,0,0,0,0,0,7,0,0,0,0,0,0,11,0,0,0,0,0,0,0,0,0,9,0,0,7,7,7,0,0,7,7,7,8,9,10,0,12,10,0,8,,,,,,,,,,,,,,,,,,,,,,
2r1k2r/pppq1np1/3pN3/3Pp2p/4P1pP/3PP1P1/PPQ5/2R1K2R b Kk - 6 18,9,11,5,3,1625,1557,1,0,0,2,0,6,0,0,2,1,1,1,5,0,3,1,0,0,0,0,1,9,0,0,0,0,0,0,7,1,0,0,1,0,0,0,0,7,0,1,7,0,0,0,7,7,0,7,0,7,7,11,0,0,0,0,0,0,0,8,0,12,0,0,8,,,,,,,,,,,,,,,,,,,,,,
2bq1rk1/pp4pp/2p1P3/3p1B2/3P3r/5Q2/PPP3P1/4RRK1 w - - 0 27,13,7,4,4,1377,1334,0,0,0,4,5,0,2,6,0,1,1,0,0,0,0,1,1,0,0,1,0,7,0,0,0,0,0,0,1,0,10,0,0,0,0,0,7,0,0,0,2,0,0,0,0,0,11,0,0,7,7,7,0,0,0,7,0,0,0,0,0,8,8,12,0,,,,,,,,,,,,,,,,,,,,,,
5rk1/Q3p1b1/4p1p1/4n3/4B1p1/8/Pr3PPP/3RR1K1 b - - 0 22,1,14,4,3,2086,2121,1,0,0,0,0,0,2,6,0,11,0,0,0,1,0,4,0,0,0,0,0,1,0,1,0,0,0,0,0,3,0,0,0,0,0,0,0,10,0,1,0,0,0,0,0,0,0,0,0,7,2,0,0,0,7,7,7,0,0,0,8,8,0,12,0,,,,,,,,,,,,,,,,,,,,,,
rn1qr1k1/ppp2pp1/3b1n1p/3P4/2BP3B/2N5/PP2bPPP/R2Q1RK1 w - - 0 12,1,2,6,3,1975,1954,0,2,3,0,5,2,0,6,0,1,1,1,0,0,1,1,0,0,0,0,4,0,3,0,1,0,0,0,7,0,0,0,0,0,0,10,7,0,0,0,10,0,0,9,0,0,0,0,0,7,7,0,0,4,7,7,7,8,0,0,11,0,8,12,0,,,,,,,,,,,,,,,,,,,,,,
rnbqkbnr/pppp1ppp/4p3/8/3PP3/8/PPP2PPP/RNBQKBNR b KQkq - 0 2,7,2,5,1,1499,1464,1,2,3,4,5,6,4,3,2,1,1,1,1,0,1,1,1,0,0,0,0,1,0,0,0,0,0,0,0,0,0,0,0,0,0,0,7,7,0,0,0,0,0,0,0,0,0,0,0,7,7,7,0,0,7,7,7,8,9,10,11,12,10,9,8,,,,,,,,,,,,,,,,,,,,,,
6rk/p6p/3p1Q2/2p1n3/7P/1P1P4/4r1B1/2B2R1K b - - 0 33,10,7,3,4,1798,1743,1,0,0,0,0,0,0,2,6,1,0,0,0,0,0,0,1,0,0,0,1,0,11,0,0,0,0,1,0,3,0,0,0,0,0,0,0,0,0,0,7,0,7,0,7,0,0,0,0,0,0,0,0,2,0,10,0,0,0,10,0,0,8,0,12,,,,,,,,,,,,,,,,,,,,,,
r1bqr1k1/ppp2pbp/2n3p1/4p3/4PP2/1B3N2/PPP1Q1PP/R1B2RK1 w - - 0 12,4,2,5,4,1021,980,0,2,0,4,5,2,0,6,0,1,1,1,0,0,1,4,1,0,0,3,0,0,0,1,0,0,0,0,0,1,0,0,0,0,0,0,0,7,7,0,0,0,10,0,0,0,9,0,0,7,7,7,0,11,0,7,7,8,0,10,0,0,8,12,0,,,,,,,,,,,,,,,,,,,,,,
rnbqkbnr/pppppppp/8/8/8/4P3/PPPP1PPP/RNBQKBNR b KQkq - 0 1,2,1,1,0,1437,1428,1,2,3,4,5,6,4,3,2,1,1,1,1,1,1,1,1,0,0,0,0,0,0,0,0,0,0,0,0,0,0,0,0,0,0,0,0,0,0,0,0,0,0,0,0,7,0,0,0,7,7,7,7,0,7,7,7,8,9,10,11,12,10,9,8,,,,,,,,,,,,,,,,,,,,,,
8/r4kp1/5p1p/PR6/1P2PP2/1K4P1/7P/8 b - - 0 40,8,13,3,1,1832,1847,1,0,0,0,0,0,0,0,0,2,0,0,0,0,6,1,0,0,0,0,0,0,1,0,1,7,8,0,0,0,0,0,0,0,7,0,0,7,7,0,0,0,12,0,0,0,0,7,0,0,0,0,0,0,0,0,7,0,0,0,0,0,0,0,0,,,,,,,,,,,,,,,,,,,,,,
2kr1b2/pp1q2p1/8/8/7n/8/PPPN1PPP/3RR1K1 b - - 1 24,1,13,2,2,1514,1503,1,0,0,6,2,0,4,0,0,1,1,0,5,0,0,1,0,0,0,0,0,0,0,0,0,0,0,0,0,0,0,0,0,0,0,0,0,0,0,0,3,0,0,0,0,0,0,0,0,7,7,7,9,0,7,7,7,0,0,0,8,8,0,12,0,,,,,,,,,,,,,,,,,,,,,,
3r2k1/p1p1qpp1/7p/4P3/5P2/2N5/PPPr1KPP/R4R2 w - - 1 22,11,2,4,3,1317,1301,0,0,0,0,2,0,0,6,0,1,0,1,0,5,1,1,0,0,0,0,0,0,0,0,1,0,0,0,0,7,0,0,0,0,0,0,0,0,7,0,0,0,0,9,0,0,0,0,0,7,7,7,2,0,12,7,7,8,0,0,0,0,8,0,0,,,,,,,,,,,,,,,,,,,,,,
5rk1/ppqn2pp/2pb4/3p4/3Pn3/2P1N1P1/PP2Q1KP/R1B5 b - - 7 21,13,7,4,5,1446,1449,1,0,0,0,0,0,2,6,0,1,1,5,3,0,0,1,1,0,0,1,4,0,0,0,0,0,0,0,1,0,0,0,0,0,0,0,7,3,0,0,0,0,0,7,0,9,0,7,0,7,7,0,0,11,0,12,7,8,0,10,0,0,0,0,0,,,,,,,,,,,,,,,,,,,,,,
rnb1kb1r/pppp1p2/4p2q/8/3P4/4P1P1/PPP2K1P/RN1Q1BNR b kq - 0 9,7,2,3,1,1236,1238,1,2,3,4,0,6,4,0,2,1,1,1,1,0,1,0,0,0,0,0,0,1,0,0,5,0,0,0,0,0,0,0,0,0,0,0,7,0,0,0,0,0,0,0,0,7,0,7,0,7,7,7,0,0,12,0,7,8,9,0,11,0,10,9,8,,,,,,,,,,,,,,,,,,,,,,
rnbqk1nr/pppp1pbp/4p1p1/8/3PP3/2N2N2/PPP2PPP/R1BQKB1R b KQkq - 1 4,7,2,6,3,1936,1838,1,2,3,4,5,6,0,3,2,1,1,1,1,0,1,4,1,0,0,0,0,1,0,1,0,0,0,0,0,0,0,0,0,0,0,0,7,7,0,0,0,0,0,9,0,0,9,0,0,7,7,7,0,0,7,7,7,8,0,10,11,12,10,0,8,,,,,,,,,,,,,,,,,,,,,,
rnb5/ppp1kp2/1b1p4/3r3p/3P4/2P4P/PP1N2P1/2KR1B1R b - - 0 17,5,13,4,3,1440,1451,1,2,3,4,0,0,0,0,0,1,1,1,0,6,1,0,0,0,4,0,1,0,0,0,0,0,0,0,2,0,0,0,1,0,0,0,7,0,0,0,0,0,0,7,0,0,0,0,7,7,7,0,9,0,0,7,0,0,0,12,8,0,10,0,8,,,,,,,,,,,,,,,,,,,,,,
rnq1k2r/1p1b1n1p/p3p3/3pPpB1/3P4/P1NB3P/1P1Q1PP1/2R1K2R w Kkq - 3 16,10,8,5,4,1302,1298,0,2,3,5,0,6,0,0,2,0,1,0,4,0,3,0,1,1,0,0,0,1,0,0,0,0,0,0,1,7,1,10,0,0,0,0,7,0,0,0,0,7,0,9,10,0,0,0,7,0,7,0,11,0,7,7,0,0,0,8,0,12,0,0,8,,,,,,,,,,,,,,,,,,,,,,
1q4k1/6bp/1rp3p1/3p4/2nPp3/1N2P2P/2P1Q1P1/B1KR4 b - - 3 29,10,8,3,6,1993,2077,1,0,5,0,0,0,0,6,0,0,0,0,0,0,0,4,1,0,2,1,0,0,0,1,0,0,0,0,1,0,0,0,0,0,0,3,7,1,0,0,0,0,9,0,0,7,0,0,7,0,0,7,0,11,0,7,0,10,0,12,8,0,0,0,0,,,,,,,,,,,,,,,,,,,,,,
r2qr1k1/p1p1bppp/4bn2/1p2B3/4P3/1P1P2P1/P3NPBP/R2QK2R b KQ - 0 13,5,1,5,3,1500,1561,1,2,0,0,5,2,0,6,0,1,0,1,0,4,1,1,1,0,0,0,0,4,3,0,0,0,1,0,0,10,0,0,0,0,0,0,0,7,0,0,0,0,7,0,7,0,0,7,0,7,0,0,0,9,7,10,7,8,0,0,11,12,0,0,8,,,,,,,,,,,,,,,,,,,,,,
r2qk1nr/ppp2ppp/2n1N3/2bB4/3pP3/8/PPP2PPP/RNBQK2R b KQkq - 0 7,10,13,5,4,1383,1391,1,2,0,0,5,6,0,3,2,1,1,1,0,0,1,1,1,0,0,3,0,9,0,0,0,0,0,4,10,0,0,0,0,0,0,0,1,7,0,0,0,0,0,0,0,0,0,0,0,7,7,7,0,0,7,7,7,8,9,10,11,12,0,0,8,,,,,,,,,,,,,,,,,,,,,,
1krq3r/pp4p1/3b2Pp/2p1p3/3nP3/2N5/PPP5/R3KQNR w KQ - 6 28,16,4,3,4,1324,1380,0,0,6,2,5,0,0,0,2,1,1,0,0,0,0,1,0,0,0,0,4,0,0,7,1,0,0,1,0,1,0,0,0,0,0,0,3,7,0,0,0,0,0,9,0,0,0,0,0,7,7,7,0,0,0,0,0,8,0,0,0,12,11,9,8,,,,,,,,,,,,,,,,,,,,,,
r1b1k2r/pp1p1Qpp/3p4/4p3/2Bnn2q/8/PP1P2PP/RNB2K1R b kq - 1 12,13,10,1,6,1233,1150,1,2,0,4,0,6,0,0,2,1,1,0,1,0,11,1,1,0,0,0,1,0,0,0,0,0,0,0,0,1,0,0,0,0,0,10,3,3,0,0,5,0,0,0,0,0,0,0,0,7,7,0,7,0,0,7,7,8,9,10,0,0,12,0,8,,,,,,,,,,,,,,,,,,,,,,
rn5r/p1ppbqk1/1p2p1pp/4P2b/2PP4/3QB2P/PP3P2/R4KR1 b - - 3 19,13,7,6,1,1814,1756,1,2,3,0,0,0,0,0,2,1,0,1,1,4,5,6,0,0,1,0,0,1,0,1,1,0,0,0,0,7,0,0,4,0,0,7,7,0,0,0,0,0,0,0,11,10,0,0,7,7,7,0,0,0,7,0,0,8,0,0,0,0,12,8,0,,,,,,,,,,,,,,,,,,,,,,
r2q1r1k/ppp3pp/2nbQn2/6B1/3p4/5N2/PPP2PPP/R3R1K1 b - - 2 15,1,1,4,5,1666,1635,1,2,0,0,5,0,2,0,6,1,1,1,0,0,0,1,1,0,0,3,4,11,3,0,0,0,0,0,0,0,0,10,0,0,0,0,1,0,0,0,0,0,0,0,0,0,9,0,0,7,7,7,0,0,7,7,7,8,0,0,0,8,0,12,0,,,,,,,,,,,,,,,,,,,,,,
r1bqk1nr/ppp1ppbp/6p1/4P3/5P2/2NB1Q2/PPP3PP/R1B2RK1 b kq - 0 10,4,7,4,3,1120,1051,1,2,0,4,5,6,0,3,2,1,1,1,0,1,1,4,1,0,0,0,0,0,0,1,0,0,0,0,0,7,0,0,0,0,0,0,0,0,7,0,0,0,0,9,10,0,11,0,0,7,7,7,0,0,0,7,7,8,0,10,0,0,8,12,0,,,,,,,,,,,,,,,,,,,,,,
3r4/1k6/ppp5/P7/KP6/2P5/8/8 w - - 0 49,7,1,1,2,1500,1415,0,0,0,0,2,0,0,0,0,0,6,0,0,0,0,0,0,1,1,1,0,0,0,0,0,7,0,0,0,0,0,0,0,12,7,0,0,0,0,0,0,0,0,7,0,0,0,0,0,0,0,0,0,0,0,0,0,0,0,0,0,0,0,0,0,,,,,,,,,,,,,,,,,,,,,,
r4r2/1pp1q1pk/p1n1b2p/2P1p3/2P1N3/2BP1P2/P2N2QP/R4RK1 w - - 0 21,8,7,5,4,1469,1485,0,2,0,0,0,0,2,0,0,0,1,1,0,5,0,1,6,1,0,3,0,4,0,0,1,0,0,7,0,1,0,0,0,0,0,7,0,9,0,0,0,0,0,10,7,0,7,0,0,7,0,0,9,0,0,11,7,8,0,0,0,0,8,12,0,,,,,,,,,,,,,,,,,,,,,,
r4rk1/1p2pp1p/1q1pbbp1/pB5P/P2nP3/1NN5/1PP2PP1/R2Q1RK1 b - - 4 14,7,2,4,4,2138,2134,1,2,0,0,0,0,2,6,0,0,1,0,0,1,1,0,1,0,5,0,1,4,4,1,0,1,10,0,0,0,0,0,7,7,0,0,3,7,0,0,0,0,9,9,0,0,0,0,0,0,7,7,0,0,7,7,0,8,0,0,11,0,8,12,0,,,,,,,,,,,,,,,,,,,,,,
6k1/p4ppp/1q1p4/8/3Pr3/1P6/P1r2PPP/Q4RK1 w - - 0 21,1,1,3,3,1274,1245,0,0,0,0,0,0,0,6,0,1,0,0,0,0,1,1,1,0,5,0,1,0,0,0,0,0,0,0,0,0,0,0,0,0,0,0,7,2,0,0,0,0,7,0,0,0,0,0,0,7,0,2,0,0,7,7,7,11,0,0,0,0,8,12,0,,,,,,,,,,,,,,,,,,,,,,
8/2b2Kpp/1p3p2/p3p3/2k4P/8/8/8 b - - 1 42,19,19,0,4,1632,1681,1,0,0,0,0,0,0,0,0,0,0,4,0,0,12,1,1,0,1,0,0,0,1,0,0,1,0,0,0,1,0,0,0,0,0,6,0,0,0,0,7,0,0,0,0,0,0,0,0,0,0,0,0,0,0,0,0,0,0,0,0,0,0,0,0,,,,,,,,,,,,,,,,,,,,,,
3rr1k1/pbp1qpbp/1p3np1/8/2P5/PP1pP2N/1B1N1PPP/R1Q1RK2 b - - 1 18,2,2,4,4,2254,2301,1,0,0,0,2,2,0,6,0,1,4,1,0,5,1,4,1,0,1,0,0,0,3,1,0,0,0,0,0,0,0,0,0,0,0,7,0,0,0,0,0,7,7,0,1,7,0,0,9,0,10,0,9,0,7,7,7,8,0,11,0,8,12,0,0,,,,,,,,,,,,,,,,,,,,,,
r4rk1/2pnqppp/b1p5/p1b1p3/4P3/2P2N2/PP1N1PPP/R1BRQ1K1 w - - 4 13,1,1,5,4,2730,2763,0,2,0,0,0,0,2,6,0,0,0,1,3,5,1,1,1,4,0,1,0,0,0,0,0,1,0,4,0,1,0,0,0,0,0,0,0,7,0,0,0,0,0,7,0,0,9,0,0,7,7,0,9,0,7,7,7,8,0,10,8,11,0,12,0,,,,,,,,,,,,,,,,,,,,,,
r4rk1/2pq1ppp/p1bp1b2/2p1p3/4P1P1/3P1N1P/PPPN1PQ1/R3K2R w KQ - 2 14,5,1,5,5,1417,1388,0,2,0,0,0,0,2,6,0,0,0,1,5,0,1,1,1,1,0,4,1,0,4,0,0,0,0,1,0,1,0,0,0,0,0,0,0,7,0,7,0,0,0,0,7,0,9,0,7,7,7,7,9,0,7,11,0,8,0,0,0,12,0,0,8,,,,,,,,,,,,,,,,,,,,,,
4Q3/p5pk/1p3r1p/2r1np2/P4q2/7P/4BPP1/3R1RK1 b - - 0 31,2,7,3,5,2047,2041,1,0,0,0,0,11,0,0,0,1,0,0,0,0,0,1,6,0,1,0,0,0,2,0,1,0,0,2,0,3,1,0,0,7,0,0,0,0,5,0,0,0,0,0,0,0,0,0,7,0,0,0,0,10,7,7,0,0,0,0,8,0,8,12,0,,,,,,,,,,,,,,,,,,,,,,
r4rk1/ppqn1pbp/2p3p1/3n4/3P4/1P1BPQ1P/P2B1PP1/2R2RK1 w - - 0 15,2,2,5,4,1987,1964,0,2,0,0,0,0,2,6,0,1,1,5,3,0,1,4,1,0,0,1,0,0,0,1,0,0,0,0,3,0,0,0,0,0,0,0,7,0,0,0,0,0,7,0,10,7,11,0,7,7,0,0,10,0,7,7,0,0,0,8,0,0,8,12,0,,,,,,,,,,,,,,,,,,,,,,
3k3r/pp3ppp/1qnB1n2/5Q2/8/2P5/PP5P/2K5 w - - 1 20,8,19,4,4,1114,1122,0,0,0,0,6,0,0,0,2,1,1,0,0,0,1,1,1,0,5,3,10,0,3,0,0,0,0,0,0,0,11,0,0,0,0,0,0,0,0,0,0,0,0,7,0,0,0,0,0,7,7,0,0,0,0,0,7,0,0,12,0,0,0,0,0,,,,,,,,,,,,,,,,,,,,,,
rnbqkbnr/pppp1ppp/8/4p3/4PP2/8/PPPP2PP/RNBQKBNR b KQkq - 0 2,7,4,3,2,2124,2049,1,2,3,4,5,6,4,3,2,1,1,1,1,0,1,1,1,0,0,0,0,0,0,0,0,0,0,0,0,1,0,0,0,0,0,0,0,7,7,0,0,0,0,0,0,0,0,0,0,7,7,7,7,0,0,7,7,8,9,10,11,12,10,9,8,,,,,,,,,,,,,,,,,,,,,,
r3r1k1/pb3pp1/1pp2qp1/3pN3/3P4/4P3/PPQ2PPP/2R2RK1 b - - 5 22,1,7,5,4,1606,1611,1,2,0,0,0,2,0,6,0,1,4,0,0,0,1,1,0,0,1,1,0,0,5,1,0,0,0,0,1,9,0,0,0,0,0,0,7,0,0,0,0,0,0,0,0,7,0,0,0,7,7,11,0,0,7,7,7,0,0,8,0,0,8,12,0,,,,,,,,,,,,,,,,,,,,,,
rnbqkb1r/ppp4p/5np1/4p3/4P3/5Q2/PPP3PP/RNB1KBNR w KQkq - 0 8,16,16,3,4,1551,1447,0,2,3,4,5,6,4,0,2,1,1,1,0,0,0,0,1,0,0,0,0,0,3,1,0,0,0,0,0,1,0,0,0,0,0,0,0,7,0,0,0,0,0,0,0,0,11,0,0,7,7,7,0,0,0,7,7,8,9,10,0,12,10,9,8,,,,,,,,,,,,,,,,,,,,,,
4rr2/p3p1kp/1p3pp1/2pq1n2/2PP1Q2/5N2/PP2BPK1/R4R2 b - - 0 18,19,7,5,4,2118,2128,1,0,0,0,0,2,2,0,0,1,0,0,0,1,0,6,1,0,1,0,0,0,1,1,0,0,0,1,5,0,3,0,0,0,0,7,7,0,11,0,0,0,0,0,0,0,9,0,0,7,7,0,0,10,7,12,0,8,0,0,0,0,8,0,0,,,,,,,,,,,,,,,,,,,,,,
rnbqkbnr/pppppppp/8/8/8/8/PPPPPPPP/RNBQKBNR w KQkq - 0 1,1,1,0,0,1667,1682,0,2,3,4,5,6,4,3,2,1,1,1,1,1,1,1,1,0,0,0,0,0,0,0,0,0,0,0,0,0,0,0,0,0,0,0,0,0,0,0,0,0,0,0,0,0,0,0,0,7,7,7,7,7,7,7,7,8,9,10,11,12,10,9,8,,,,,,,,,,,,,,,,,,,,,,
2kr2r1/pp2q1pp/n1pp1p2/4p3/1P2P3/2NP1Q2/P1P2PPP/R4RK1 w - - 1 14,1,3,3,4,1359,1361,0,0,0,6,2,0,0,2,0,1,1,0,0,5,0,1,1,3,0,1,1,0,1,0,0,0,0,0,0,1,0,0,0,0,7,0,0,7,0,0,0,0,0,9,7,0,11,0,0,7,0,7,0,0,7,7,7,8,0,0,0,0,8,12,0,,,,,,,,,,,,,,,,,,,,,,
r3r1k1/3bqpbp/1p1p2p1/pPpPn3/P1P1PN2/2N1R1BP/4Q1P1/5R1K b - - 2 27,2,2,4,3,1926,1840,1,2,0,0,0,2,0,6,0,0,0,0,4,5,1,4,1,0,1,0,1,0,0,1,0,1,7,1,7,3,0,0,0,7,0,7,0,7,9,0,0,0,0,9,0,8,0,10,7,0,0,0,0,11,0,7,0,0,0,0,0,0,8,0,12,,,,,,,,,,,,,,,,,,,,,,
r2qkbnr/pp2pppp/2n5/3p4/3P2b1/4PN2/PP3PPP/RNBQKB1R w KQkq - 1 6,5,4,3,5,1389,1410,0,2,0,0,5,6,4,3,2,1,1,0,0,1,1,1,1,0,0,3,0,0,0,0,0,0,0,0,1,0,0,0,0,0,0,0,7,0,0,4,0,0,0,0,0,7,9,0,0,7,7,0,0,0,7,7,7,8,9,10,11,12,10,0,8,,,,,,,,,,,,,,,,,,,,,,
r1bqkbnr/pppp1ppp/2n1p3/8/2PP4/2N5/PP2PPPP/R1BQKBNR b KQkq - 1 3,4,2,5,3,1575,1530,1,2,0,4,5,6,4,3,2,1,1,1,1,0,1,1,1,0,0,3,0,1,0,0,0,0,0,0,0,0,0,0,0,0,0,7,7,0,0,0,0,0,0,9,0,0,0,0,0,7,7,0,0,7,7,7,7,8,0,10,11,12,10,9,8,,,,,,,,,,,,,,,,,,,,,,
r2q1rk1/ppp1bppp/2np1n2/4p3/2B1P3/2PP1Q1P/PP3PP1/RNB2RK1 w - - 3 9,2,1,4,5,1470,1470,0,2,0,0,5,0,2,6,0,1,1,1,0,4,1,1,1,0,0,3,1,0,3,0,0,0,0,0,0,1,0,0,0,0,0,10,0,7,0,0,0,0,0,7,7,0,11,0,7,7,7,0,0,0,7,7,0,8,9,10,0,0,8,12,0,,,,,,,,,,,,,,,,,,,,,,
3r1r2/pp2ppk1/6p1/3qP2p/8/1PQ4R/1P4PP/5R1K b - - 0 22,1,8,3,5,2049,2052,1,0,0,0,2,0,2,0,0,1,1,0,0,1,1,6,0,0,0,0,0,0,0,1,0,0,0,0,5,7,0,0,1,0,0,0,0,0,0,0,0,0,7,11,0,0,0,0,8,0,7,0,0,0,0,7,7,0,0,0,0,0,8,0,12,,,,,,,,,,,,,,,,,,,,,,
rnbqkbnr/pppp1ppp/4p3/8/4P3/8/PPPP1PPP/RNBQKBNR w KQkq - 0 2,4,2,2,1,1774,1786,0,2,3,4,5,6,4,3,2,1,1,1,1,0,1,1,1,0,0,0,0,1,0,0,0,0,0,0,0,0,0,0,0,0,0,0,0,7,0,0,0,0,0,0,0,0,0,0,0,7,7,7,7,0,7,7,7,8,9,10,11,12,10,9,8,,,,,,,,,,,,,,,,,,,,,,
5k1r/p4p2/1pb2Pp1/2p5/3p4/1P1N4/P1P3PP/4R1K1 b - - 2 28,7,8,2,4,1765,1764,1,0,0,0,0,0,6,0,2,1,0,0,0,0,1,0,0,0,1,4,0,0,7,1,0,0,0,1,0,0,0,0,0,0,0,0,1,0,0,0,0,0,7,0,9,0,0,0,0,7,0,7,0,0,0,7,7,0,0,0,0,8,0,12,0,,,,,,,,,,,,,,,,,,,,,,
6k1/6b1/5n1p/pp1p1Rp1/3P4/1BP4r/1P1NK3/8 b - - 7 37,14,11,5,3,2189,2088,1,0,0,0,0,0,0,6,0,0,0,0,0,0,0,4,0,0,0,0,0,0,3,0,1,1,1,0,1,0,8,1,0,0,0,0,7,0,0,0,0,0,10,7,0,0,0,0,2,0,7,0,9,12,0,0,0,0,0,0,0,0,0,0,0,,,,,,,,,,,,,,,,,,,,,,
r2q1rk1/1bp2ppp/p1nb1n2/1p1pp3/1PP5/P2PP1P1/1B1NNPBP/R2QK2R b KQ - 0 10,3,1,4,6,1476,1488,1,2,0,0,5,0,2,6,0,0,4,1,0,0,1,1,1,1,0,3,4,0,3,0,0,0,1,0,1,1,0,0,0,0,7,7,0,0,0,0,0,7,0,0,7,7,0,7,0,0,10,0,9,9,7,10,7,8,0,0,11,12,0,0,8,,,,,,,,,,,,,,,,,,,,,,
rnbqkb1r/ppp2ppp/4p3/3n4/8/P3P3/1PQP1PPP/RNB1KBNR b KQkq - 1 5,2,8,2,2,1942,1928,1,2,3,4,5,6,4,0,2,1,1,1,0,0,1,1,1,0,0,0,0,1,0,0,0,0,0,0,3,0,0,0,0,0,0,0,0,0,0,0,0,7,0,0,0,7,0,0,0,0,7,11,7,0,7,7,7,8,9,10,0,12,10,9,8,,,,,,,,,,,,,,,,,,,,,,
8/6R1/1p2p1p1/3k1p2/1P1P4/8/5PPP/6K1 b - - 2 32,1,19,2,5,1159,1120,1,0,0,0,0,0,0,0,0,0,0,0,0,0,0,8,0,0,1,0,0,1,0,1,0,0,0,0,6,0,1,0,0,0,7,0,7,0,0,0,0,0,0,0,0,0,0,0,0,0,0,0,0,0,7,7,7,0,0,0,0,0,0,12,0,,,,,,,,,,,,,,,,,,,,,,
4r1k1/p2q1b2/2p3p1/5p1p/2PPpB1b/6P1/P3B3/R2Q1R1K b - - 0 38,8,8,4,5,1958,2035,1,0,0,0,0,2,0,6,0,1,0,0,5,0,4,0,0,0,0,1,0,0,0,1,0,0,0,0,0,0,1,0,1,0,0,7,7,1,10,0,4,0,0,0,0,0,0,7,0,7,0,0,0,10,0,0,0,8,0,0,11,0,8,0,12,,,,,,,,,,,,,,,,,,,,,,
r1bqr1k1/ppbn1pp1/2p2n1p/2Ppp3/1P1PP3/2N2NP1/P1Q2PBP/R1B2RK1 w - - 1 12,2,2,6,6,1810,1795,0,2,0,4,5,2,0,6,0,1,1,4,3,0,1,1,0,0,0,1,0,0,3,0,1,0,0,7,1,1,0,0,0,0,7,0,7,7,0,0,0,0,0,9,0,0,9,7,0,7,0,11,0,0,7,10,7,8,0,10,0,0,8,12,0,,,,,,,,,,,,,,,,,,,,,,
r1bqkbnr/pp1ppppp/2n5/2p5/8/1P2P3/PBPP1PPP/RN1QKBNR b KQkq - 2 3,2,1,2,2,877,936,1,2,0,4,5,6,4,3,2,1,1,0,1,1,1,1,1,0,0,3,0,0,0,0,0,0,0,1,0,0,0,0,0,0,0,0,0,0,0,0,0,0,7,0,0,7,0,0,0,7,10,7,7,0,7,7,7,8,9,0,11,12,10,9,8,,,,,,,,,,,,,,,,,,,,,,
r1bqkbnr/pp1p1ppp/2n1p3/8/3NP3/8/PPP2PPP/RNBQKB1R w KQkq - 0 5,10,2,4,3,1827,1831,0,2,0,4,5,6,4,3,2,1,1,0,1,0,1,1,1,0,0,3,0,1,0,0,0,0,0,0,0,0,0,0,0,0,0,0,9,7,0,0,0,0,0,0,0,0,0,0,0,7,7,7,0,0,7,7,7,8,9,10,11,12,10,0,8,,,,,,,,,,,,,,,,,,,,,,
rnbqk1nr/ppp2ppp/8/4p3/3b2PP/2N5/PPPP1P2/R1BQKBNR w KQkq - 0 6,7,10,2,5,1447,1452,0,2,3,4,5,6,0,3,2,1,1,1,0,0,1,1,1,0,0,0,0,0,0,0,0,0,0,0,0,1,0,0,0,0,0,0,4,0,0,7,7,0,0,9,0,0,0,0,0,7,7,7,7,0,7,0,0,8,0,10,11,12,10,9,8,,,,,,,,,,,,,,,,,,,,,,
rnbqkbnr/pppppppp/8/8/4P3/8/PPPP1PPP/RNBQKBNR b KQkq - 0 1,4,1,2,0,1778,1809,1,2,3,4,5,6,4,3,2,1,1,1,1,1,1,1,1,0,0,0,0,0,0,0,0,0,0,0,0,0,0,0,0,0,0,0,0,7,0,0,0,0,0,0,0,0,0,0,0,7,7,7,7,0,7,7,7,8,9,10,11,12,10,9,8,,,,,,,,,,,,,,,,,,,,,,
r3kbnr/pppqn1pp/3p1p2/3Pp3/4P3/2N2N2/PPP1QPPP/R1B1K2R b KQkq - 1 8,10,6,6,4,1203,1183,1,2,0,0,0,6,4,3,2,1,1,1,5,3,0,1,1,0,0,0,1,0,1,0,0,0,0,0,7,1,0,0,0,0,0,0,0,7,0,0,0,0,0,9,0,0,9,0,0,7,7,7,0,11,7,7,7,8,0,10,0,12,0,0,8,,,,,,,,,,,,,,,,,,,,,,
3qr1k1/R6p/5ppB/1p1pp1N1/1Pp5/7P/2P2PP1/6K1 w - - 0 24,2,3,1,6,1731,1705,0,0,0,0,5,2,0,6,0,8,0,0,0,0,0,0,1,0,0,0,0,0,1,1,10,0,1,0,1,1,0,9,0,0,7,1,0,0,0,0,0,0,0,0,0,0,0,0,7,0,0,7,0,0,7,7,0,0,0,0,0,0,0,12,0,,,,,,,,,,,,,,,,,,,,,,
r1bqk1nr/pp1p1pbp/2n1p1p1/2p5/2P5/5NP1/PP1PPPBP/RNBQ1RK1 w kq - 0 6,2,2,3,3,2081,1993,0,2,0,4,5,6,0,3,2,1,1,0,1,0,1,4,1,0,0,3,0,1,0,1,0,0,0,1,0,0,0,0,0,0,0,7,0,0,0,0,0,0,0,0,0,0,9,7,0,7,7,0,7,7,7,10,7,8,9,10,11,0,8,12,0,,,,,,,,,,,,,,,,,,,,,,
rnbqkb1r/ppp1pppp/5n2/3p4/3P1P2/8/PPP1P1PP/RNBQKBNR w KQkq - 0 3,7,4,3,3,1891,1931,0,2,3,4,5,6,4,0,2,1,1,1,0,1,1,1,1,0,0,0,0,0,3,0,0,0,0,0,1,0,0,0,0,0,0,0,7,0,7,0,0,0,0,0,0,0,0,0,0,7,7,7,0,7,0,7,7,8,9,10,11,12,10,9,8,,,,,,,,,,,,,,,,,,,,,,
rnbqkb1r/pp1ppppp/8/4P3/3p2n1/2P2N2/PP3PPP/RNBQKB1R b KQkq - 2 5,13,1,3,2,1775,1737,1,2,3,4,5,6,4,0,2,1,1,0,1,1,1,1,1,0,0,0,0,0,0,0,0,0,0,0,0,7,0,0,0,0,0,0,1,0,0,3,0,0,0,7,0,0,9,0,0,7,7,0,0,0,7,7,7,8,9,10,11,12,10,0,8,,,,,,,,,,,,,,,,,,,,,,
rnbqkbnr/pppppppp/8/8/8/8/PPPPPPPP/RNBQKBNR w KQkq - 0 1,1,1,0,0,1353,1381,0,2,3,4,5,6,4,3,2,1,1,1,1,1,1,1,1,0,0,0,0,0,0,0,0,0,0,0,0,0,0,0,0,0,0,0,0,0,0,0,0,0,0,0,0,0,0,0,0,7,7,7,7,7,7,7,7,8,9,10,11,12,10,9,8,,,,,,,,,,,,,,,,,,,,,,
rnbqkbnr/pp2pp1p/3p2p1/2p5/2P5/3P1N2/PP2PPPP/RNBQKB1R w KQkq - 0 4,2,2,4,2,1153,1070,0,2,3,4,5,6,4,3,2,1,1,0,0,1,1,0,1,0,0,0,1,0,0,1,0,0,0,1,0,0,0,0,0,0,0,7,0,0,0,0,0,0,0,0,7,0,9,0,0,7,7,0,0,7,7,7,7,8,9,10,11,12,10,0,8,,,,,,,,,,,,,,,,,,,,,,
r2q1rk1/1b2bppp/p3pn2/3p4/5B2/1BN3Q1/PPP2PPP/R4RK1 b - - 5 13,1,1,3,3,1456,1497,1,2,0,0,5,0,2,6,0,0,4,0,0,4,1,1,1,1,0,0,0,1,3,0,0,0,0,0,1,0,0,0,0,0,0,0,0,0,10,0,0,0,10,9,0,0,0,11,0,7,7,7,0,0,7,7,7,8,0,0,0,0,8,12,0,,,,,,,,,,,,,,,,,,,,,,
r3k3/pp1q1p2/2np3b/2p1p3/2P1P3/3P1N2/PP3PPP/RNB1K2R b KQq - 0 14,5,5,5,3,683,802,1,2,0,0,0,6,0,0,0,1,1,0,5,0,1,0,0,0,0,3,1,0,0,0,4,0,0,1,0,1,0,0,0,0,0,7,0,7,0,0,0,0,0,0,7,0,9,0,0,7,7,0,0,0,7,7,7,8,9,10,0,12,0,0,8,,,,,,,,,,,,,,,,,,,,,,
r1b1kbnr/ppppq1pp/2n5/5P2/2B1p3/5N2/PPPPQPPP/RNB1K2R w KQkq - 2 6,7,13,4,4,1681,1608,0,2,0,4,0,6,4,3,2,1,1,1,1,5,0,1,1,0,0,3,0,0,0,0,0,0,0,0,0,0,7,0,0,0,0,10,0,1,0,0,0,0,0,0,0,0,9,0,0,7,7,7,7,11,7,7,7,8,9,10,0,12,0,0,8,,,,,,,,,,,,,,,,,,,,,,
r1bqk2r/pp2ppb1/3p2p1/2n3Bp/4PP1P/1QP5/PP4P1/RN3K1R w kq - 2 14,7,2,4,3,1828,1800,0,2,0,4,5,6,0,0,2,1,1,0,0,1,1,4,0,0,0,0,1,0,0,1,0,0,0,3,0,0,0,10,1,0,0,0,0,7,7,0,7,0,11,7,0,0,0,0,0,7,7,0,0,0,0,7,0,8,9,0,0,0,12,0,8,,,,,,,,,,,,,,,,,,,,,,
1k4rr/pp3p2/8/2RP4/3NP3/1P6/P3Q1Pq/5KR1 w - - 1 28,10,7,5,1,1633,1624,0,0,6,0,0,0,0,2,2,1,1,0,0,0,1,0,0,0,0,0,0,0,0,0,0,0,0,8,7,0,0,0,0,0,0,0,9,7,0,0,0,0,7,0,0,0,0,0,0,7,0,0,0,11,0,7,5,0,0,0,0,0,12,8,0,,,,,,,,,,,,,,,,,,,,,,
3r2k1/1r4b1/p1q4p/2P5/8/4p2P/P1P2R1P/4R1K1 b - - 1 33,13,14,0,4,2081,2059,1,0,0,0,2,0,0,6,0,0,2,0,0,0,0,4,0,1,0,5,0,0,0,0,1,0,0,7,0,0,0,0,0,0,0,0,0,0,0,0,0,0,0,0,0,1,0,0,7,7,0,7,0,0,8,0,7,0,0,0,0,8,0,12,0,,,,,,,,,,,,,,,,,,,,,,
r1bqk1nr/4bppp/p1npp3/1p6/3PP3/5N2/PPB2PPP/RNBQK2R w KQkq - 0 9,7,3,6,3,1525,1506,0,2,0,4,5,6,0,3,2,0,0,0,0,4,1,1,1,1,0,3,1,1,0,0,0,0,1,0,0,0,0,0,0,0,0,0,7,7,0,0,0,0,0,0,0,0,9,0,0,7,7,10,0,0,7,7,7,8,9,10,11,12,0,0,8,,,,,,,,,,,,,,,,,,,,,,
rnbqkbnr/pppppppp/8/8/4P3/8/PPPP1PPP/RNBQKBNR b KQkq - 0 1,4,1,2,0,1118,1226,1,2,3,4,5,6,4,3,2,1,1,1,1,1,1,1,1,0,0,0,0,0,0,0,0,0,0,0,0,0,0,0,0,0,0,0,0,7,0,0,0,0,0,0,0,0,0,0,0,7,7,7,7,0,7,7,7,8,9,10,11,12,10,9,8,,,,,,,,,,,,,,,,,,,,,,
rnbqk1nr/ppp2ppp/4p3/b2p4/3PP3/2P5/PP1N1PPP/R1BQKBNR w KQkq - 1 5,7,5,6,3,1414,1411,0,2,3,4,5,6,0,3,2,1,1,1,0,0,1,1,1,0,0,0,0,1,0,0,0,4,0,0,1,0,0,0,0,0,0,0,7,7,0,0,0,0,0,7,0,0,0,0,0,7,7,0,9,0,7,7,7,8,0,10,11,12,10,9,8,,,,,,,,,,,,,,,,,,,,,,
b3k2r/p3b1pp/2n2p2/8/8/B4N2/P4PPP/R3R1K1 w k - 4 18,1,14,3,2,1354,1377,0,4,0,0,0,6,0,0,2,1,0,0,0,4,0,1,1,0,0,3,0,0,1,0,0,0,0,0,0,0,0,0,0,0,0,0,0,0,0,0,0,10,0,0,0,0,9,0,0,7,0,0,0,0,7,7,7,8,0,0,0,8,0,12,0,,,,,,,,,,,,,,,,,,,,,,
8/8/2pkr3/pp1p2P1/3P2KP/8/P1Pn1R2/8 b - - 12 53,13,13,2,4,1752,1779,1,0,0,0,0,0,0,0,0,0,0,0,0,0,0,0,0,0,0,1,6,2,0,0,0,1,1,0,1,0,0,7,0,0,0,0,7,0,0,12,7,0,0,0,0,0,0,0,0,7,0,7,3,0,8,0,0,0,0,0,0,0,0,0,0,,,,,,,,,,,,,,,,,,,,,,
r6r/1b1qbkNp/1p2P2n/1P1p4/1np5/2N5/B1P2PPP/R1BQR1K1 b - - 0 19,1,19,4,3,1876,1873,1,2,0,0,0,0,0,0,2,0,4,0,5,4,6,9,1,0,1,0,0,7,0,0,3,0,7,0,1,0,0,0,0,0,3,1,0,0,0,0,0,0,0,9,0,0,0,0,0,10,0,7,0,0,7,7,7,8,0,10,11,8,0,12,0,,,,,,,,,,,,,,,,,,,,,,
r2qrbk1/5pp1/5n1p/1b3N2/p1p2B2/3n4/1PB2PPP/R2QRNK1 w - - 2 21,1,2,3,4,1610,1648,0,2,0,0,5,2,4,6,0,0,0,0,0,0,1,1,0,0,0,0,0,0,3,0,1,0,4,0,0,0,9,0,0,1,0,1,0,0,10,0,0,0,0,0,3,0,0,0,0,0,7,10,0,0,7,7,7,8,0,0,11,8,9,12,0,,,,,,,,,,,,,,,,,,,,,,
6r1/1bpp4/p1k1pQ2/1p2P3/5P1P/1PP1KN2/P7/n6q b - - 1 27,8,13,4,1,1242,1239,1,0,0,0,0,0,0,2,0,0,4,1,1,0,0,0,0,1,0,6,0,1,11,0,0,0,1,0,0,7,0,0,0,0,0,0,0,0,7,0,7,0,7,7,0,12,9,0,0,7,0,0,0,0,0,0,0,3,0,0,0,0,0,0,5,,,,,,,,,,,,,,,,,,,,,,
r3kb1r/4qp2/2p2p1p/1p2p2n/p3P3/1B1PB2P/PP4P1/1R3RK1 w kq - 0 21,8,10,4,4,994,1092,0,2,0,0,0,6,4,0,2,0,0,0,0,5,1,0,0,0,0,1,0,0,1,0,1,0,1,0,0,1,0,0,3,1,0,0,0,7,0,0,0,0,10,0,7,10,0,0,7,7,7,0,0,0,0,7,0,0,8,0,0,0,8,12,0,,,,,,,,,,,,,,,,,,,,,,
r5k1/pp3rpp/2p1Nnq1/2Pp2Q1/1P2b3/4PB2/P5PP/R4RK1 b - - 8 25,7,7,4,4,2084,2145,1,2,0,0,0,0,0,6,0,1,1,0,0,0,2,1,1,0,0,1,0,9,3,5,0,0,0,7,1,0,0,11,0,0,7,0,0,4,0,0,0,0,0,0,0,7,10,0,0,7,0,0,0,0,0,7,7,8,0,0,0,0,8,12,0,,,,,,,,,,,,,,,,,,,,,,
r1b2rk1/1p1p1ppp/p2Qpqn1/4n3/3BP3/2NB4/PPP2PPP/2KR3R w - - 7 14,7,1,6,3,1713,1653,0,2,0,4,0,0,2,6,0,0,1,0,1,0,1,1,1,1,0,0,11,1,5,3,0,0,0,0,0,3,0,0,0,0,0,0,10,7,0,0,0,0,0,9,10,0,0,0,0,7,7,7,0,0,7,7,7,0,0,12,8,0,0,0,8,,,,,,,,,,,,,,,,,,,,,,
8/8/p4p1p/P4k1P/2K3p1/2P1p3/1P6/8 w - - 0 47,19,8,2,2,1283,1347,0,0,0,0,0,0,0,0,0,0,0,0,0,0,0,0,0,1,0,0,0,0,1,0,1,7,0,0,0,0,6,0,7,0,0,12,0,0,0,1,0,0,0,7,0,1,0,0,0,0,7,0,0,0,0,0,0,0,0,0,0,0,0,0,0,,,,,,,,,,,,,,,,,,,,,,
rnbqkbnr/pppp1ppp/8/4p3/4P3/5N2/PPPP1PPP/RNBQKB1R b KQkq - 1 2,4,4,4,2,1203,1203,1,2,3,4,5,6,4,3,2,1,1,1,1,0,1,1,1,0,0,0,0,0,0,0,0,0,0,0,0,1,0,0,0,0,0,0,0,7,0,0,0,0,0,0,0,0,9,0,0,7,7,7,7,0,7,7,7,8,9,10,11,12,10,0,8,,,,,,,,,,,,,,,,,,,,,,
8/p4pkp/1pQ1b1p1/3B2q1/8/P7/5PPP/R2R2K1 b - - 6 31,1,13,4,2,1801,1788,1,0,0,0,0,0,0,0,0,1,0,0,0,0,1,6,1,0,1,11,0,4,0,1,0,0,0,0,10,0,0,5,0,0,0,0,0,0,0,0,0,7,0,0,0,0,0,0,0,0,0,0,0,0,7,7,7,8,0,0,8,0,0,12,0,,,,,,,,,,,,,,,,,,,,,,
5rk1/1b2bppp/pqnr4/4p3/2P5/1P2PNP1/P1Q2PP1/2R1KB1R w K - 0 16,8,1,4,4,1628,1624,0,0,0,0,0,0,2,6,0,0,4,0,0,4,1,1,1,1,5,3,2,0,0,0,0,0,0,0,0,1,0,0,0,0,0,7,0,0,0,0,0,0,7,0,0,7,9,7,0,7,0,11,0,0,7,7,0,0,0,8,0,12,10,0,8,,,,,,,,,,,,,,,,,,,,,,
rnbqkbnr/pppppppp/8/8/4P3/8/PPPP1PPP/RNBQKBNR b KQkq - 0 1,4,1,2,0,1747,1739,1,2,3,4,5,6,4,3,2,1,1,1,1,1,1,1,1,0,0,0,0,0,0,0,0,0,0,0,0,0,0,0,0,0,0,0,0,7,0,0,0,0,0,0,0,0,0,0,0,7,7,7,7,0,7,7,7,8,9,10,11,12,10,9,8,,,,,,,,,,,,,,,,,,,,,,
rnbqkbnr/ppp1pp1p/3p2p1/8/3PP3/8/PPP2PPP/RNBQKBNR w KQkq - 0 3,7,2,5,1,1951,2002,0,2,3,4,5,6,4,3,2,1,1,1,0,1,1,0,1,0,0,0,1,0,0,1,0,0,0,0,0,0,0,0,0,0,0,0,7,7,0,0,0,0,0,0,0,0,0,0,0,7,7,7,0,0,7,7,7,8,9,10,11,12,10,9,8,,,,,,,,,,,,,,,,,,,,,,
rnbqkbnr/pppppppp/8/8/3P4/8/PPP1PPPP/RNBQKBNR b KQkq - 0 1,4,1,3,0,1907,1968,1,2,3,4,5,6,4,3,2,1,1,1,1,1,1,1,1,0,0,0,0,0,0,0,0,0,0,0,0,0,0,0,0,0,0,0,7,0,0,0,0,0,0,0,0,0,0,0,0,7,7,7,0,7,7,7,7,8,9,10,11,12,10,9,8,,,,,,,,,,,,,,,,,,,,,,
r1b1k1nr/pp1n4/4pp1b/3p3p/2pP2pP/2P1P1B1/qP1NNPP1/2RQKB1R w Kkq - 0 13,5,6,4,4,2119,2113,0,2,0,4,0,6,0,3,2,1,1,0,3,0,0,0,0,0,0,0,0,1,1,0,4,0,0,0,1,0,0,0,1,0,0,1,7,0,0,1,7,0,0,7,0,7,0,10,0,5,7,0,9,9,7,7,0,0,0,8,11,12,10,0,8,,,,,,,,,,,,,,,,,,,,,,
r1bq1rk1/ppp1bp1p/6p1/4p3/3nP3/5P1N/PPPBQ1PP/1K1R1B1R w - - 3 12,1,2,3,4,2009,1992,0,2,0,4,5,0,2,6,0,1,1,1,0,4,1,0,1,0,0,0,0,0,0,1,0,0,0,0,0,1,0,0,0,0,0,0,3,7,0,0,0,0,0,0,0,0,7,0,9,7,7,7,10,11,0,7,7,0,12,0,8,0,10,0,8,,,,,,,,,,,,,,,,,,,,,,
rnbqkb1r/pp3ppp/4pn2/8/2Bp4/2N1PN2/PP3PPP/R1BQK2R w KQkq - 2 7,8,8,4,4,1288,1268,0,2,3,4,5,6,4,0,2,1,1,0,0,0,1,1,1,0,0,0,0,1,3,0,0,0,0,0,0,0,0,0,0,0,0,10,1,0,0,0,0,0,0,9,0,7,9,0,0,7,7,0,0,0,7,7,7,8,0,10,11,12,0,0,8,,,,,,,,,,,,,,,,,,,,,,
r1bqk2r/pp1pnp1p/4p1pP/2p1b3/2B5/2NP1Q2/PPP2PP1/R1B1K2R w KQkq - 0 11,8,2,2,3,2161,2150,0,2,0,4,5,6,0,0,2,1,1,0,1,3,1,0,1,0,0,0,0,1,0,1,7,0,0,1,0,4,0,0,0,0,0,10,0,0,0,0,0,0,0,9,7,0,11,0,0,7,7,7,0,0,7,7,0,8,0,10,0,12,0,0,8,,,,,,,,,,,,,,,,,,,,,,
rnbqkbnr/pppppppp/8/8/4P3/8/PPPP1PPP/RNBQKBNR b KQkq - 0 1,4,1,2,0,1841,1854,1,2,3,4,5,6,4,3,2,1,1,1,1,1,1,1,1,0,0,0,0,0,0,0,0,0,0,0,0,0,0,0,0,0,0,0,0,7,0,0,0,0,0,0,0,0,0,0,0,7,7,7,7,0,7,7,7,8,9,10,11,12,10,9,8,,,,,,,,,,,,,,,,,,,,,,
r1b2bnr/ppqp1kp1/2n1p2p/2p5/8/3P2P1/PPP1PPBP/RNBQK2R w KQ - 0 7,2,13,2,3,1502,1601,0,2,0,4,0,0,4,3,2,1,1,5,1,0,6,1,0,0,0,3,0,1,0,0,1,0,0,1,0,0,0,0,0,0,0,0,0,0,0,0,0,0,0,0,7,0,0,7,0,7,7,7,0,7,7,10,7,8,9,10,11,12,0,0,8,,,,,,,,,,,,,,,,,,,,,,
rn1qk1nr/pbppb3/1p2p3/5P2/4N1P1/3PBNp1/PPP1B3/R2Q1RK1 b kq - 1 16,16,8,4,2,1901,1871,1,2,3,0,5,6,0,3,2,1,4,1,1,4,0,0,0,0,1,0,0,1,0,0,0,0,0,0,0,0,7,0,0,0,0,0,0,9,0,7,0,0,0,0,7,10,9,1,0,7,7,7,0,10,0,0,0,8,0,0,11,0,8,12,0,,,,,,,,,,,,,,,,,,,,,,
rnbqkb1r/pp3ppp/2p1pn2/3p4/2PP4/2N2N2/PP2PPPP/R1BQKB1R w KQkq - 0 5,4,5,5,3,2264,2011,0,2,3,4,5,6,4,0,2,1,1,0,0,0,1,1,1,0,0,1,0,1,3,0,0,0,0,0,1,0,0,0,0,0,0,7,7,0,0,0,0,0,0,9,0,0,9,0,0,7,7,0,0,7,7,7,7,8,0,10,11,12,10,0,8,,,,,,,,,,,,,,,,,,,,,,
r1b2rk1/2q1b1p1/1p1p3p/p2Ppp2/2Pp1P2/BP1P3P/P3B1P1/2RQ1RK1 w - - 1 16,5,5,4,5,1824,1719,0,2,0,4,0,0,2,6,0,0,0,5,0,4,0,1,0,0,1,0,1,0,0,0,1,1,0,0,7,1,1,0,0,0,0,7,1,0,7,0,0,10,7,0,7,0,0,0,7,7,0,0,0,10,0,7,0,0,0,8,11,0,8,12,0,,,,,,,,,,,,,,,,,,,,,,
r3r1k1/5pp1/2b4p/PB1p4/1R1P4/2N5/3n1PPP/R5K1 b - - 2 25,1,2,5,4,1397,1352,1,2,0,0,0,2,0,6,0,0,0,0,0,0,1,1,0,0,0,4,0,0,0,0,1,7,10,0,1,0,0,0,0,0,8,0,7,0,0,0,0,0,0,9,0,0,0,0,0,0,0,0,3,0,7,7,7,8,0,0,0,0,0,12,0,,,,,,,,,,,,,,,,,,,,,,
rnbqkbnr/pppppppp/8/8/8/8/PPPPPPPP/RNBQKBNR w KQkq - 0 1,1,1,0,0,1667,1878,0,2,3,4,5,6,4,3,2,1,1,1,1,1,1,1,1,0,0,0,0,0,0,0,0,0,0,0,0,0,0,0,0,0,0,0,0,0,0,0,0,0,0,0,0,0,0,0,0,7,7,7,7,7,7,7,7,8,9,10,11,12,10,9,8,,,,,,,,,,,,,,,,,,,,,,
rnbqkbnr/pp1ppppp/8/2p5/8/1P3N2/P1PPPPPP/RNBQKB1R b KQkq - 0 2,1,1,2,1,2278,2322,1,2,3,4,5,6,4,3,2,1,1,0,1,1,1,1,1,0,0,0,0,0,0,0,0,0,0,1,0,0,0,0,0,0,0,0,0,0,0,0,0,0,7,0,0,0,9,0,0,7,0,7,7,7,7,7,7,8,9,10,11,12,10,0,8,,,,,,,,,,,,,,,,,,,,,,
r4rk1/p1p2p2/3b1p1p/1p6/4RP2/2R5/P4P1P/6K1 b - - 1 23,7,8,3,1,1584,1682,1,2,0,0,0,0,2,6,0,1,0,1,0,0,1,0,0,0,0,0,4,0,1,0,1,0,1,0,0,0,0,0,0,0,0,0,0,8,7,0,0,0,0,8,0,0,0,0,0,7,0,0,0,0,7,0,7,0,0,0,0,0,0,12,0,,,,,,,,,,,,,,,,,,,,,,
2rq1rk1/pb4b1/1p2p1p1/2n1P1P1/5P2/4Q3/PP1N3R/2KR1B2 b - - 0 22,13,14,4,4,1958,1967,1,0,0,2,5,0,2,6,0,1,4,0,0,0,0,4,0,0,1,0,0,1,0,1,0,0,0,3,0,7,0,7,0,0,0,0,0,0,7,0,0,0,0,0,0,11,0,0,0,7,7,0,9,0,0,0,8,0,0,12,8,0,10,0,0,,,,,,,,,,,,,,,,,,,,,,
rnbqkbnr/pp2pppp/2p5/3p4/4P3/2N5/PPPP1PPP/R1BQKBNR w KQkq - 0 3,4,4,3,3,1508,1501,0,2,3,4,5,6,4,3,2,1,1,0,0,1,1,1,1,0,0,1,0,0,0,0,0,0,0,0,1,0,0,0,0,0,0,0,0,7,0,0,0,0,0,9,0,0,0,0,0,7,7,7,7,0,7,7,7,8,0,10,11,12,10,9,8,,,,,,,,,,,,,,,,,,,,,,
r2q1rk1/ppp2ppp/5b1B/7n/2B3Q1/2N5/PP3PPP/R5K1 w - - 5 16,1,1,3,3,1706,1701,0,2,0,0,5,0,2,6,0,1,1,1,0,0,1,1,1,0,0,0,0,0,4,0,10,0,0,0,0,0,0,0,3,0,0,10,0,0,0,11,0,0,0,9,0,0,0,0,0,7,7,0,0,0,7,7,7,8,0,0,0,0,0,12,0,,,,,,,,,,,,,,,,,,,,,,
6r1/2Q4q/p2pk3/1pb1p3/P3Pp2/2PP3P/1P1N1P1K/R4R2 w - - 1 28,7,8,4,5,1782,1787,0,0,0,0,0,0,0,2,0,0,0,11,0,0,0,0,5,1,0,0,1,6,0,0,0,0,1,4,0,1,0,0,0,7,0,0,0,7,1,0,0,0,0,7,7,0,0,0,7,0,7,0,9,0,7,0,12,8,0,0,0,0,8,0,0,,,,,,,,,,,,,,,,,,,,,,
rnbqkbnr/pp1ppppp/2p5/8/4P3/8/PPPP1PPP/RNBQKBNR w KQkq - 0 2,4,1,2,1,1848,1853,0,2,3,4,5,6,4,3,2,1,1,0,1,1,1,1,1,0,0,1,0,0,0,0,0,0,0,0,0,0,0,0,0,0,0,0,0,7,0,0,0,0,0,0,0,0,0,0,0,7,7,7,7,0,7,7,7,8,9,10,11,12,10,9,8,,,,,,,,,,,,,,,,,,,,,,
8/5p2/3p1K2/2pP4/1p4P1/1k6/p4P2/Q7 w - - 0 43,19,13,3,2,1960,1945,0,0,0,0,0,0,0,0,0,0,0,0,0,0,1,0,0,0,0,0,1,0,12,0,0,0,0,1,7,0,0,0,0,0,1,0,0,0,0,7,0,0,6,0,0,0,0,0,0,1,0,0,0,0,7,0,0,11,0,0,0,0,0,0,0,,,,,,,,,,,,,,,,,,,,,,
2r2r2/p5k1/3p2p1/8/4P2R/1P6/2P3PP/2Q2B1K b - - 0 28,1,13,3,1,2423,2403,1,0,0,2,0,0,2,0,0,1,0,0,0,0,0,6,0,0,0,0,1,0,0,1,0,0,0,0,0,0,0,0,0,0,0,0,0,7,0,0,8,0,7,0,0,0,0,0,0,0,0,7,0,0,0,7,7,0,0,11,0,0,10,0,12,,,,,,,,,,,,,,,,,,,,,,
r1bq1rk1/pp1nppbp/2pp1np1/6B1/3PP3/2N2N2/PPP1BPPP/R2QK2R w KQ - 2 8,7,2,6,3,1190,1171,0,2,0,4,5,0,2,6,0,1,1,0,3,1,1,4,1,0,0,1,1,0,3,1,0,0,0,0,0,0,0,10,0,0,0,0,7,7,0,0,0,0,0,9,0,0,9,0,0,7,7,7,0,10,7,7,7,8,0,0,11,12,0,0,8,,,,,,,,,,,,,,,,,,,,,,
1r1q1r1k/p2n3p/1p1n3b/2p1p3/3pPP2/3B2PP/PPP5/1K1RQ3 b - - 0 29,1,7,4,5,1974,2036,1,0,2,0,5,0,2,0,6,1,0,0,3,0,0,0,1,0,1,0,3,0,0,0,4,0,0,1,0,1,0,0,0,0,0,0,1,7,7,0,0,0,0,0,10,0,0,7,7,7,7,7,0,0,0,0,0,0,12,0,8,11,0,0,0,,,,,,,,,,,,,,,,,,,,,,
3r2q1/8/2p2kr1/p2b4/P3NP2/5PPp/2p1Q2P/2R2RKN b - - 2 27,3,19,3,4,2206,2237,1,0,0,0,2,0,0,5,0,0,0,0,0,0,0,0,0,0,0,1,0,0,6,2,0,1,0,0,4,0,0,0,0,7,0,0,0,9,7,0,0,0,0,0,0,0,7,7,1,0,0,1,0,11,0,0,7,0,0,8,0,0,8,12,9,,,,,,,,,,,,,,,,,,,,,,
4r2k/pp2rq1P/2p2npR/6Q1/3P4/4pP2/PPP3P1/2K1R3 w - - 3 25,4,8,4,3,2322,2315,0,0,0,0,0,2,0,0,6,1,1,0,0,2,5,0,7,0,0,1,0,0,3,1,8,0,0,0,0,0,0,11,0,0,0,0,7,0,0,0,0,0,0,0,0,1,7,0,0,7,7,7,0,0,0,7,0,0,0,12,0,8,0,0,0,,,,,,,,,,,,,,,,,,,,,,
1k1r4/pp6/3p4/P1p1pN1p/1PP2n2/3P4/1R3Pr1/R6K b - - 1 28,13,4,3,4,1545,1538,1,0,6,0,2,0,0,0,0,1,1,0,0,0,0,0,0,0,0,0,1,0,0,0,0,7,0,1,0,1,9,0,1,0,7,7,0,0,3,0,0,0,0,0,7,0,0,0,0,0,8,0,0,0,7,2,0,8,0,0,0,0,0,0,12,,,,,,,,,,,,,,,,,,,,,,
6k1/1b3p1p/3p1qp1/1p6/p2P4/P1P4P/BP1Q1PP1/6K1 w - - 1 27,2,2,4,4,1494,1404,0,0,0,0,0,0,0,6,0,0,4,0,0,0,1,0,1,0,0,0,1,0,5,1,0,0,1,0,0,0,0,0,0,1,0,0,7,0,0,0,0,7,0,7,0,0,0,0,7,10,7,0,11,0,7,7,0,0,0,0,0,0,0,12,0,,,,,,,,,,,,,,,,,,,,,,
4k2r/R4ppp/2q1pn2/3p4/1P6/2P1PN2/3B1PPP/4K2R b Kk - 0 16,8,5,2,3,1170,1148,1,0,0,0,0,6,0,0,2,8,0,0,0,0,1,1,1,0,0,5,0,1,3,0,0,0,0,0,1,0,0,0,0,0,7,0,0,0,0,0,0,0,0,7,0,7,9,0,0,0,0,0,10,0,7,7,7,0,0,0,0,12,0,0,8,,,,,,,,,,,,,,,,,,,,,,
rn1qkbnr/pp2pppp/2p5/3p1b2/3P1B2/4PN2/PPP2PPP/RN1QKB1R b KQkq - 0 4,5,4,3,3,2071,2024,1,2,3,0,5,6,4,3,2,1,1,0,0,1,1,1,1,0,0,1,0,0,0,0,0,0,0,0,1,0,4,0,0,0,0,0,7,0,10,0,0,0,0,0,0,7,9,0,0,7,7,7,0,0,7,7,7,8,9,0,11,12,10,0,8,,,,,,,,,,,,,,,,,,,,,,
2kr3r/pp3pp1/2p5/4N2p/6b1/3B4/PPP3PP/2K4R b - - 1 20,7,8,2,2,1961,1992,1,0,0,6,2,0,0,0,2,1,1,0,0,0,1,1,0,0,0,1,0,0,0,0,0,0,0,0,0,9,0,0,1,0,0,0,0,0,0,4,0,0,0,0,10,0,0,0,0,7,7,7,0,0,0,7,7,0,0,12,0,0,0,0,8,,,,,,,,,,,,,,,,,,,,,,
rnbqkbnr/ppp2ppp/8/3Pp3/5P2/8/PPPP2PP/RNBQKBNR b KQkq - 0 3,10,10,2,3,1755,1767,1,2,3,4,5,6,4,3,2,1,1,1,0,0,1,1,1,0,0,0,0,0,0,0,0,0,0,0,7,1,0,0,0,0,0,0,0,0,7,0,0,0,0,0,0,0,0,0,0,7,7,7,7,0,0,7,7,8,9,10,11,12,10,9,8,,,,,,,,,,,,,,,,,,,,,,
8/5pk1/6pp/8/5P2/5PPP/p2K4/3n4 b - - 1 39,19,7,2,0,1587,1661,1,0,0,0,0,0,0,0,0,0,0,0,0,0,1,6,0,0,0,0,0,0,0,1,1,0,0,0,0,0,0,0,0,0,0,0,0,0,7,0,0,0,0,0,0,0,7,7,7,1,0,0,12,0,0,0,0,0,0,0,3,0,0,0,0,,,,,,,,,,,,,,,,,,,,,,
5rk1/ppq2ppp/2N1p3/2bp4/4n3/P1P1P2P/1P2bPP1/R1BQ1RK1 w - - 1 16,2,1,3,6,2173,2160,0,0,0,0,0,0,2,6,0,1,1,5,0,0,1,1,1,0,0,9,0,1,0,0,0,0,0,4,1,0,0,0,0,0,0,0,0,3,0,0,0,7,0,7,0,7,0,0,7,0,7,0,0,4,7,7,0,8,0,10,11,0,8,12,0,,,,,,,,,,,,,,,,,,,,,,
rnbqkbnr/pppppppp/8/8/4P3/8/PPPP1PPP/RNBQKBNR b KQkq - 0 1,4,1,2,0,2065,2011,1,2,3,4,5,6,4,3,2,1,1,1,1,1,1,1,1,0,0,0,0,0,0,0,0,0,0,0,0,0,0,0,0,0,0,0,0,7,0,0,0,0,0,0,0,0,0,0,0,7,7,7,7,0,7,7,7,8,9,10,11,12,10,9,8,,,,,,,,,,,,,,,,,,,,,,
r1bq1rk1/pp1nppbp/3p1np1/2p5/2PPP3/2N1BP2/PP1QN1PP/R3KB1R b KQ - 1 8,8,2,6,4,1889,1922,1,2,0,4,5,0,2,6,0,1,1,0,3,1,1,4,1,0,0,0,1,0,3,1,0,0,0,1,0,0,0,0,0,0,0,7,7,7,0,0,0,0,0,9,0,10,7,0,0,7,7,0,11,9,0,7,7,8,0,0,0,12,10,0,8,,,,,,,,,,,,,,,,,,,,,,
r7/pb3pkp/4r1q1/2p5/4NQ2/1P1P3P/P1P3P1/4RRK1 w - - 7 26,8,19,3,4,1637,1581,0,2,0,0,0,0,0,0,0,1,4,0,0,0,1,6,1,0,0,0,0,2,0,5,0,0,0,1,0,0,0,0,0,0,0,0,0,9,11,0,0,0,7,0,7,0,0,0,7,7,0,7,0,0,0,7,0,0,0,0,0,8,8,12,0,,,,,,,,,,,,,,,,,,,,,,
7r/pp3pk1/2p3p1/2P3q1/3P4/P2Q4/1PK5/7R w - - 0 28,11,13,4,2,1763,1738,0,0,0,0,0,0,0,0,2,1,1,0,0,0,1,6,0,0,0,1,0,0,0,1,0,0,0,7,0,0,0,5,0,0,0,0,7,0,0,0,0,7,0,0,11,0,0,0,0,0,7,12,0,0,0,0,0,0,0,0,0,0,0,0,8,,,,,,,,,,,,,,,,,,,,,,
r3r1k1/3n1pp1/bp3B1p/p1p5/2PnPP2/PPNB4/1K3QPP/3RR3 b - - 0 25,2,2,5,4,2080,2068,1,2,0,0,0,2,0,6,0,0,0,0,3,0,1,1,0,4,1,0,0,0,10,0,1,1,0,1,0,0,0,0,0,0,0,7,3,7,7,0,0,7,7,9,10,0,0,0,0,0,12,0,0,0,11,7,7,0,0,0,8,8,0,0,0,,,,,,,,,,,,,,,,,,,,,,
r1bqkbnr/pp1p1ppp/2n1p3/2p5/4P3/2N3P1/PPPPNP1P/R1BQKB1R b KQkq - 0 4,4,2,4,3,2125,2131,1,2,0,4,5,6,4,3,2,1,1,0,1,0,1,1,1,0,0,3,0,1,0,0,0,0,0,1,0,0,0,0,0,0,0,0,0,7,0,0,0,0,0,9,0,0,0,7,0,7,7,7,7,9,7,0,7,8,0,10,11,12,10,0,8,,,,,,,,,,,,,,,,,,,,,,
8/8/8/5k2/5p2/2B1r2p/1P2K2P/8 w - - 10 61,19,13,2,2,1967,1976,0,0,0,0,0,0,0,0,0,0,0,0,0,0,0,0,0,0,0,0,0,0,0,0,0,0,0,0,0,0,6,0,0,0,0,0,0,0,1,0,0,0,0,10,0,2,0,0,1,0,7,0,0,12,0,0,7,0,0,0,0,0,0,0,0,,,,,,,,,,,,,,,,,,,,,,
rnb1kbnr/1p1p1ppp/p3p3/4P3/3N4/4B3/PqP2PPP/RN1QKB1R w KQkq - 0 7,13,2,3,2,1243,1306,0,2,3,4,0,6,4,3,2,0,1,0,1,0,1,1,1,1,0,0,0,1,0,0,0,0,0,0,0,7,0,0,0,0,0,0,9,0,0,0,0,0,0,0,0,10,0,0,0,7,5,7,0,0,7,7,7,8,9,0,11,12,10,0,8,,,,,,,,,,,,,,,,,,,,,,
rnbqkbnr/pppppppp/8/8/3P4/8/PPP1PPPP/RNBQKBNR b KQkq - 0 1,4,1,3,0,1076,1034,1,2,3,4,5,6,4,3,2,1,1,1,1,1,1,1,1,0,0,0,0,0,0,0,0,0,0,0,0,0,0,0,0,0,0,0,7,0,0,0,0,0,0,0,0,0,0,0,0,7,7,7,0,7,7,7,7,8,9,10,11,12,10,9,8,,,,,,,,,,,,,,,,,,,,,,
r3kb1r/ppp2ppp/2q1pn2/8/8/2NP4/PPP2PPP/R1BQ1RK1 w kq - 0 11,1,8,2,2,2037,2068,0,2,0,0,0,6,4,0,2,1,1,1,0,0,1,1,1,0,0,5,0,1,3,0,0,0,0,0,0,0,0,0,0,0,0,0,0,0,0,0,0,0,0,9,7,0,0,0,0,7,7,7,0,0,7,7,7,8,0,10,11,0,8,12,0,,,,,,,,,,,,,,,,,,,,,,
rnbqkbnr/2pp1ppp/p3p3/1p6/3PP3/2N2N2/PPP2PPP/R1BQKB1R b KQkq - 0 4,7,2,6,1,1367,1357,1,2,3,4,5,6,4,3,2,0,0,1,1,0,1,1,1,1,0,0,0,1,0,0,0,0,1,0,0,0,0,0,0,0,0,0,7,7,0,0,0,0,0,9,0,0,9,0,0,7,7,7,0,0,7,7,7,8,0,10,11,12,10,0,8,,,,,,,,,,,,,,,,,,,,,,
r2qkbnr/ppp2ppp/3p4/4p3/2BnP3/2NP1b1P/PPP2PP1/R1BQK2R w KQkq - 0 7,5,5,3,5,892,849,0,2,0,0,5,6,4,3,2,1,1,1,0,0,1,1,1,0,0,0,1,0,0,0,0,0,0,0,0,1,0,0,0,0,0,10,3,7,0,0,0,0,0,9,7,0,4,0,7,7,7,7,0,0,7,7,0,8,0,10,11,12,0,0,8,,,,,,,,,,,,,,,,,,,,,,
r1b1kbnr/pppp4/7p/3q1R2/4P2Q/6P1/PPPP2KP/RNn5 b kq - 2 13,13,13,4,4,1090,1222,1,2,0,4,0,6,4,3,2,1,1,1,1,0,0,0,0,0,0,0,0,0,0,0,1,0,0,0,5,0,8,0,0,0,0,0,0,7,0,0,11,0,0,0,0,0,0,7,0,7,7,7,7,0,0,12,7,8,9,3,0,0,0,0,0,,,,,,,,,,,,,,,,,,,,,,
2rq1rk1/1b2bppp/p3pn2/np6/3P1B2/P1N2N2/1PBQ1PPP/R4RK1 b - - 2 15,1,1,5,3,1912,1915,1,0,0,2,5,0,2,6,0,0,4,0,0,4,1,1,1,1,0,0,0,1,3,0,0,3,1,0,0,0,0,0,0,0,0,0,7,0,10,0,0,7,0,9,0,0,9,0,0,0,7,10,11,0,7,7,7,8,0,0,0,0,8,12,0,,,,,,,,,,,,,,,,,,,,,,
rnbqkbnr/pppppppp/8/8/8/8/PPPPPPPP/RNBQKBNR w KQkq - 0 1,1,1,0,0,934,1045,0,2,3,4,5,6,4,3,2,1,1,1,1,1,1,1,1,0,0,0,0,0,0,0,0,0,0,0,0,0,0,0,0,0,0,0,0,0,0,0,0,0,0,0,0,0,0,0,0,7,7,7,7,7,7,7,7,8,9,10,11,12,10,9,8,,,,,,,,,,,,,,,,,,,,,,
r2qk2r/2p2pp1/p1P1bn2/2bp3p/Q1p1p3/P1N1P2P/3PBPP1/R1B1K2R b KQkq - 0 13,2,10,3,5,1568,1608,1,2,0,0,5,6,0,0,2,0,0,1,0,0,1,1,0,1,0,7,0,4,3,0,0,0,0,4,1,0,0,0,1,11,0,1,0,1,0,0,0,7,0,9,0,7,0,0,7,0,0,0,7,10,7,7,0,8,0,10,0,12,0,0,8,,,,,,,,,,,,,,,,,,,,,,
r1bq1rk1/pp2pp1p/6p1/3p4/1Q6/1Pn1PN2/PbP1BPPP/1R3RK1 w - - 2 15,1,2,3,3,1509,1456,0,2,0,4,5,0,2,6,0,1,1,0,0,1,1,0,1,0,0,0,0,0,0,1,0,0,0,0,1,0,0,0,0,0,11,0,0,0,0,0,0,0,7,3,0,7,9,0,0,7,4,7,0,10,7,7,7,0,8,0,0,0,8,12,0,,,,,,,,,,,,,,,,,,,,,,
2rqk2r/p2nbppp/8/2pQ4/3P4/4PBPP/PP3P1K/2R2R2 w k - 1 17,1,13,6,2,1951,1938,0,0,0,2,5,6,0,0,2,1,0,0,3,4,1,1,1,0,0,0,0,0,0,0,0,0,0,1,11,0,0,0,0,0,0,0,7,0,0,0,0,0,0,0,0,7,10,7,7,7,7,0,0,0,7,0,12,0,0,8,0,0,8,0,0,,,,,,,,,,,,,,,,,,,,,,
4r1kR/ppq5/2p5/3b1PP1/7K/1P5P/PB1r4/5R2 b - - 2 37,7,19,2,5,1909,1793,1,0,0,0,0,2,0,6,8,1,1,5,0,0,0,0,0,0,0,1,0,0,0,0,0,0,0,0,4,0,7,7,0,0,0,0,0,0,0,0,12,0,7,0,0,0,0,0,7,7,10,0,2,0,0,0,0,0,0,0,0,0,8,0,0,,,,,,,,,,,,,,,,,,,,,,
3B3r/pp4pp/3bk3/1B1pp3/4p3/6P1/PPn2P1P/1R1R2K1 b - - 0 22,2,7,2,7,1144,1118,1,0,0,0,10,0,0,0,2,1,1,0,0,0,0,1,1,0,0,0,4,6,0,0,0,0,10,0,1,1,0,0,0,0,0,0,0,1,0,0,0,0,0,0,0,0,0,7,0,7,7,3,0,0,7,0,7,0,8,0,8,0,0,12,0,,,,,,,,,,,,,,,,,,,,,,
rnb1kbnr/ppp1pppp/8/3q4/8/8/PPPP1PPP/RNBQKBNR w KQkq - 0 3,7,7,0,4,1476,1477,0,2,3,4,0,6,4,3,2,1,1,1,0,1,1,1,1,0,0,0,0,0,0,0,0,0,0,0,5,0,0,0,0,0,0,0,0,0,0,0,0,0,0,0,0,0,0,0,0,7,7,7,7,0,7,7,7,8,9,10,11,12,10,9,8,,,,,,,,,,,,,,,,,,,,,,
rnbqkb1r/pppppp1p/5np1/8/2PP4/8/PP2PPPP/RNBQKBNR w KQkq - 0 3,4,1,4,2,1422,1420,0,2,3,4,5,6,4,0,2,1,1,1,1,1,1,0,1,0,0,0,0,0,3,1,0,0,0,0,0,0,0,0,0,0,0,7,7,0,0,0,0,0,0,0,0,0,0,0,0,7,7,0,0,7,7,7,7,8,9,10,11,12,10,9,8,,,,,,,,,,,,,,,,,,,,,,
r1bqkbnr/ppp2pp1/2np3p/4p3/2P5/2N1P1P1/PP1P1P1P/R1BQKBNR w KQkq - 0 5,2,5,3,3,1616,1584,0,2,0,4,5,6,4,3,2,1,1,1,0,0,1,1,0,0,0,3,1,0,0,0,1,0,0,0,0,1,0,0,0,0,0,7,0,0,0,0,0,0,0,9,0,7,0,7,0,7,7,0,7,0,7,0,7,8,0,10,11,12,10,9,8,,,,,,,,,,,,,,,,,,,,,,
rnbqkbnr/ppp1pppp/3p4/8/2P5/2N5/PP1PPPPP/R1BQKBNR b KQkq - 1 2,1,2,2,1,2058,2037,1,2,3,4,5,6,4,3,2,1,1,1,0,1,1,1,1,0,0,0,1,0,0,0,0,0,0,0,0,0,0,0,0,0,0,7,0,0,0,0,0,0,0,9,0,0,0,0,0,7,7,0,7,7,7,7,7,8,0,10,11,12,10,9,8,,,,,,,,,,,,,,,,,,,,,,
3r2k1/ppp3pp/4b3/5p2/5q2/P1NB1NnP/2QP2P1/6K1 w - - 3 24,8,4,4,4,1894,1945,0,0,0,0,2,0,0,6,0,1,1,1,0,0,0,1,1,0,0,0,0,4,0,0,0,0,0,0,0,0,1,0,0,0,0,0,0,0,5,0,0,7,0,9,10,0,9,3,7,0,0,11,7,0,0,7,0,0,0,0,0,0,0,12,0,,,,,,,,,,,,,,,,,,,,,,
r4bk1/ppR2p1p/2N1p1p1/3pP3/5PPP/PP1PB3/8/6K1 b - - 0 25,10,2,4,3,1654,1624,1,2,0,0,0,0,4,6,0,1,1,8,0,0,1,0,1,0,0,9,0,1,0,1,0,0,0,0,1,7,0,0,0,0,0,0,0,0,7,7,7,7,7,0,7,10,0,0,0,0,0,0,0,0,0,0,0,0,0,0,0,0,0,12,0,,,,,,,,,,,,,,,,,,,,,,
rnbqk1nr/ppp2ppp/4p3/8/1bBP4/4P3/PP3PPP/RNBQK1NR w KQkq - 1 5,5,8,4,2,1066,1121,0,2,3,4,5,6,0,3,2,1,1,1,0,0,1,1,1,0,0,0,0,1,0,0,0,0,0,0,0,0,0,0,0,0,4,10,7,0,0,0,0,0,0,0,0,7,0,0,0,7,7,0,0,0,7,7,7,8,9,10,11,12,0,9,8,,,,,,,,,,,,,,,,,,,,,,
r1bqkbnr/pp1ppppp/2n5/2p5/4P3/5N2/PPPP1PPP/RNBQKB1R w KQkq - 2 3,4,1,4,2,2033,1977,0,2,0,4,5,6,4,3,2,1,1,0,1,1,1,1,1,0,0,3,0,0,0,0,0,0,0,1,0,0,0,0,0,0,0,0,0,7,0,0,0,0,0,0,0,0,9,0,0,7,7,7,7,0,7,7,7,8,9,10,11,12,10,0,8,,,,,,,,,,,,,,,,,,,,,,
8/4Q2p/5ppk/8/8/1P3KB1/P1r2PPP/8 w - - 1 35,19,13,2,1,873,955,0,0,0,0,0,0,0,0,0,0,0,0,0,11,0,0,1,0,0,0,0,0,1,1,6,0,0,0,0,0,0,0,0,0,0,0,0,0,0,0,0,0,7,0,0,0,12,10,0,7,0,2,0,0,7,7,7,0,0,0,0,0,0,0,0,,,,,,,,,,,,,,,,,,,,,,
8/8/5k2/8/2NPP3/5P2/5Kbp/R7 w - - 0 50,8,19,5,1,1133,1164,0,0,0,0,0,0,0,0,0,0,0,0,0,0,0,0,0,0,0,0,0,0,6,0,0,0,0,0,0,0,0,0,0,0,0,9,7,7,0,0,0,0,0,0,0,0,7,0,0,0,0,0,0,0,12,4,1,8,0,0,0,0,0,0,0,,,,,,,,,,,,,,,,,,,,,,
r3qr1k/pp2n1p1/1b1p3p/n6P/3pPpbB/2PQ1N2/PPBN2PR/2K4R w - - 0 21,8,2,5,4,1996,1860,0,2,0,0,0,5,2,0,6,1,1,0,0,3,0,1,0,0,4,0,1,0,0,0,1,3,0,0,0,0,0,0,7,0,0,0,1,7,1,4,10,0,0,7,11,0,9,0,0,7,7,10,9,0,0,7,8,0,0,12,0,0,0,0,8,,,,,,,,,,,,,,,,,,,,,,
2r2rk1/pp3ppp/4p3/2n1q3/8/P2P1N2/1P4PP/3RR1K1 w - - 0 22,7,1,3,4,1419,1442,0,0,0,2,0,0,2,6,0,1,1,0,0,0,1,1,1,0,0,0,0,1,0,0,0,0,0,3,0,5,0,0,0,0,0,0,0,0,0,0,0,7,0,0,7,0,9,0,0,0,7,0,0,0,0,7,7,0,0,0,8,8,0,12,0,,,,,,,,,,,,,,,,,,,,,,
8/pp3R1p/1kp3p1/8/1bP1B3/1P6/4rPPP/6K1 w - - 2 25,1,19,2,2,1604,1599,0,0,0,0,0,0,0,0,0,1,1,0,0,0,8,0,1,0,6,1,0,0,0,1,0,0,0,0,0,0,0,0,0,0,4,7,0,10,0,0,0,0,7,0,0,0,0,0,0,0,0,0,0,2,7,7,7,0,0,0,0,0,0,12,0,,,,,,,,,,,,,,,,,,,,,,
rnbqkbnr/pppppppp/8/8/3P4/8/PPP1PPPP/RNBQKBNR b KQkq - 0 1,4,1,3,0,1485,1485,1,2,3,4,5,6,4,3,2,1,1,1,1,1,1,1,1,0,0,0,0,0,0,0,0,0,0,0,0,0,0,0,0,0,0,0,7,0,0,0,0,0,0,0,0,0,0,0,0,7,7,7,0,7,7,7,7,8,9,10,11,12,10,9,8,,,,,,,,,,,,,,,,,,,,,,
r1r3k1/5pp1/3R1n1p/8/pP3P2/4BP2/1PP4P/1K1R4 w - - 0 26,7,2,4,2,1996,1996,0,2,0,2,0,0,0,6,0,0,0,0,0,0,1,1,0,0,0,0,8,0,3,0,1,0,0,0,0,0,0,0,0,1,7,0,0,0,7,0,0,0,0,0,0,10,7,0,0,0,7,7,0,0,0,0,7,0,12,0,8,0,0,0,0,,,,,,,,,,,,,,,,,,,,,,
rnbqkbnr/pppppppp/8/8/3P4/8/PPP1PPPP/RNBQKBNR b KQkq - 0 1,4,1,3,0,1797,1854,1,2,3,4,5,6,4,3,2,1,1,1,1,1,1,1,1,0,0,0,0,0,0,0,0,0,0,0,0,0,0,0,0,0,0,0,7,0,0,0,0,0,0,0,0,0,0,0,0,7,7,7,0,7,7,7,7,8,9,10,11,12,10,9,8,,,,,,,,,,,,,,,,,,,,,,
r1bqkb1r/1pp1ppp1/p1np1n1p/8/2B1P3/P1PP1N2/1P3PPP/RNBQK2R b KQkq - 0 6,5,2,5,4,1677,1715,1,2,0,4,5,6,4,0,2,0,1,1,0,1,1,1,0,1,0,3,1,0,3,0,1,0,0,0,0,0,0,0,0,0,0,10,0,7,0,0,0,7,0,7,7,0,9,0,0,0,7,0,0,0,7,7,7,8,9,10,11,12,0,0,8,,,,,,,,,,,,,,,,,,,,,,
1k3rnr/1pp5/p3p3/Qb1p2p1/3P2p1/B3P3/2R4P/6K1 b - - 2 27,13,2,3,3,1218,1309,1,0,6,0,0,0,2,3,2,0,1,1,0,0,0,0,0,1,0,0,0,1,0,0,0,11,4,0,1,0,0,1,0,0,0,0,7,0,0,1,0,10,0,0,0,7,0,0,0,0,0,8,0,0,0,0,7,0,0,0,0,0,0,12,0,,,,,,,,,,,,,,,,,,,,,,
4k3/p5pp/1p6/3N1n2/3B4/P4P2/1P3K1P/8 b - - 0 35,13,19,4,1,2476,2437,1,0,0,0,0,6,0,0,0,1,0,0,0,0,0,1,1,0,1,0,0,0,0,0,0,0,0,0,9,0,3,0,0,0,0,0,10,0,0,0,0,7,0,0,0,0,7,0,0,0,7,0,0,0,12,0,7,0,0,0,0,0,0,0,0,,,,,,,,,,,,,,,,,,,,,,
r4rk1/2q2pp1/2p4p/5B2/1p1Pp3/pP2P3/P5Q1/1K4RR b - - 1 25,8,2,4,3,2154,2218,1,2,0,0,0,0,2,6,0,0,0,5,0,0,1,1,0,0,0,1,0,0,0,0,1,0,0,0,0,0,10,0,0,0,1,0,7,1,0,0,0,1,7,0,0,7,0,0,0,7,0,0,0,0,0,11,0,0,12,0,0,0,0,8,8,,,,,,,,,,,,,,,,,,,,,,
8/pp3k1p/4p1n1/2r5/2n2PP1/5K1Q/P2q4/5R1R b - - 4 32,7,13,2,3,1169,1179,1,0,0,0,0,0,0,0,0,1,1,0,0,0,6,0,1,0,0,0,0,1,0,3,0,0,0,2,0,0,0,0,0,0,0,3,0,0,7,7,0,0,0,0,0,0,12,0,11,7,0,0,5,0,0,0,0,0,0,0,0,0,8,0,8,,,,,,,,,,,,,,,,,,,,,,
8/p4Qpk/1p6/8/2P5/7P/Pq1r2r1/R4R1K b - - 0 23,8,13,1,3,1864,1876,1,0,0,0,0,0,0,0,0,1,0,0,0,0,11,1,6,0,1,0,0,0,0,0,0,0,0,0,0,0,0,0,0,0,0,7,0,0,0,0,0,0,0,0,0,0,0,0,7,7,5,0,2,0,0,2,0,8,0,0,0,0,8,0,12,,,,,,,,,,,,,,,,,,,,,,
5Nk1/6p1/Q1p4p/2P1p1r1/1P1nqp2/P7/5RPP/5RK1 w - - 3 34,7,8,0,6,1767,1817,0,0,0,0,0,0,9,6,0,0,0,0,0,0,0,1,0,11,0,1,0,0,0,0,1,0,0,7,0,1,0,2,0,0,7,0,3,5,1,0,0,7,0,0,0,0,0,0,0,0,0,0,0,0,8,7,7,0,0,0,0,0,8,12,0,,,,,,,,,,,,,,,,,,,,,,
r1bqk1nr/pp1p1ppp/2n5/4p3/1b1PP3/5N2/PP3PPP/RNBQKB1R w KQkq - 1 7,7,4,5,3,1241,1183,0,2,0,4,5,6,0,3,2,1,1,0,1,0,1,1,1,0,0,3,0,0,0,0,0,0,0,0,0,1,0,0,0,0,4,0,7,7,0,0,0,0,0,0,0,0,9,0,0,7,7,0,0,0,7,7,7,8,9,10,11,12,10,0,8,,,,,,,,,,,,,,,,,,,,,,
5rk1/ppp1rppp/2np2qn/8/2B1PQ2/P1BP1R2/1PP3PP/5RK1 w - - 3 16,7,1,5,3,1344,1423,0,0,0,0,0,0,2,6,0,1,1,1,0,2,1,1,1,0,0,3,1,0,0,5,3,0,0,0,0,0,0,0,0,0,0,10,0,7,11,0,0,7,0,10,7,0,8,0,0,0,7,7,0,0,0,7,7,0,0,0,0,0,8,12,0,,,,,,,,,,,,,,,,,,,,,,
rnbq1rk1/ppp2pbp/3p2p1/3np3/2P1P3/3P1N2/PP2BPPP/R1BQK2R w KQ - 0 8,5,2,5,4,1673,1709,0,2,3,4,5,0,2,6,0,1,1,1,0,0,1,4,1,0,0,0,1,0,0,1,0,0,0,0,3,1,0,0,0,0,0,7,0,7,0,0,0,0,0,0,7,0,9,0,0,7,7,0,0,10,7,7,7,8,0,10,11,12,0,0,8,,,,,,,,,,,,,,,,,,,,,,
rnbqkbnr/pppppppp/8/8/4P3/8/PPPP1PPP/RNBQKBNR b KQkq - 0 1,4,1,2,0,855,947,1,2,3,4,5,6,4,3,2,1,1,1,1,1,1,1,1,0,0,0,0,0,0,0,0,0,0,0,0,0,0,0,0,0,0,0,0,7,0,0,0,0,0,0,0,0,0,0,0,7,7,7,7,0,7,7,7,8,9,10,11,12,10,9,8,,,,,,,,,,,,,,,,,,,,,,
r1bqkbnr/3p1ppp/2p1p3/pp6/2QPP3/4B3/PPP2PPP/RN2K1NR w KQkq - 0 8,7,2,5,1,1827,1832,0,2,0,4,5,6,4,3,2,0,0,0,1,0,1,1,1,0,0,1,0,1,0,0,0,1,1,0,0,0,0,0,0,0,0,11,7,7,0,0,0,0,0,0,0,10,0,0,0,7,7,7,0,0,7,7,7,8,9,0,0,12,0,9,8,,,,,,,,,,,,,,,,,,,,,,
8/1kp5/R4R2/1p3p2/7P/P1P4K/1Pb2Pr1/8 b - - 0 38,7,14,1,1,1655,1659,1,0,0,0,0,0,0,0,0,0,6,1,0,0,0,0,0,8,0,0,0,0,8,0,0,0,1,0,0,0,1,0,0,0,0,0,0,0,0,0,7,7,0,7,0,0,0,0,12,0,7,4,0,0,7,2,0,0,0,0,0,0,0,0,0,,,,,,,,,,,,,,,,,,,,,,
r1bq1rk1/pppnnpBp/3p2p1/4p3/3PP3/2PB1N2/PP1Q1PPP/RN2K2R b KQ - 0 9,7,2,6,4,1168,1101,1,2,0,4,5,0,2,6,0,1,1,1,3,3,1,10,1,0,0,0,1,0,0,1,0,0,0,0,0,1,0,0,0,0,0,0,7,7,0,0,0,0,0,7,10,0,9,0,0,7,7,0,11,0,7,7,7,8,9,0,0,12,0,0,8,,,,,,,,,,,,,,,,,,,,,,
r3k1nr/p3pp1p/1pnp1Pp1/8/8/2B2P2/P1P1P2P/R2QKB1R b KQkq - 0 14,8,2,4,2,601,660,1,2,0,0,0,6,0,3,2,1,0,0,0,1,1,0,1,0,1,3,1,0,7,1,0,0,0,0,0,0,0,0,0,0,0,0,0,0,0,0,0,0,0,10,0,0,7,0,0,7,0,7,0,7,0,0,7,8,0,0,11,12,10,0,8,,,,,,,,,,,,,,,,,,,,,,
r1bqkbnr/pp3ppp/2n5/1BP5/3pN3/8/PPP2PPP/R1BQK1NR b KQkq - 1 7,13,13,2,4,2016,2021,1,2,0,4,5,6,4,3,2,1,1,0,0,0,1,1,1,0,0,3,0,0,0,0,0,0,10,7,0,0,0,0,0,0,0,0,1,9,0,0,0,0,0,0,0,0,0,0,0,7,7,7,0,0,7,7,7,8,0,10,11,12,0,9,8,,,,,,,,,,,,,,,,,,,,,,
1r6/2p4p/3b2p1/4k3/2R2pP1/1P2p2P/2B1K3/8 w - - 0 37,19,8,2,5,1572,1607,0,0,2,0,0,0,0,0,0,0,0,1,0,0,0,0,1,0,0,0,4,0,0,1,0,0,0,0,0,6,0,0,0,0,0,8,0,0,1,7,0,0,7,0,0,1,0,0,7,0,0,10,0,12,0,0,0,0,0,0,0,0,0,0,0,,,,,,,,,,,,,,,,,,,,,,
3r1b1r/QR3p2/3pk2p/3N4/3NP3/8/P1q2PPP/4R1K1 b - - 2 21,1,19,6,3,1403,1413,1,0,0,0,2,0,4,0,2,11,8,0,0,0,1,0,0,0,0,0,1,6,0,0,1,0,0,0,9,0,0,0,0,0,0,0,9,7,0,0,0,0,0,0,0,0,0,0,0,7,0,5,0,0,7,7,7,0,0,0,0,8,0,12,0,,,,,,,,,,,,,,,,,,,,,,
2k5/p5R1/1pp4p/8/4Brp1/P4P2/1P4PP/3R2K1 b - - 0 32,2,9,4,2,1022,1003,1,0,0,6,0,0,0,0,0,1,0,0,0,0,0,8,0,0,1,1,0,0,0,0,1,0,0,0,0,0,0,0,0,0,0,0,0,10,2,1,0,7,0,0,0,0,7,0,0,0,7,0,0,0,0,7,7,0,0,0,8,0,0,12,0,,,,,,,,,,,,,,,,,,,,,,
r2qkb1r/1p2pp1p/p1n2np1/3p1b2/P2P4/2PB1N1P/1P3PP1/RNBQK2R w KQkq - 2 9,10,4,4,5,2176,2291,0,2,0,0,5,6,4,0,2,0,1,0,0,1,1,0,1,1,0,3,0,0,3,1,0,0,0,0,1,0,4,0,0,7,0,0,7,0,0,0,0,0,0,7,10,0,9,0,7,0,7,0,0,0,7,7,0,8,9,10,11,12,0,0,8,,,,,,,,,,,,,,,,,,,,,,
r1bq1r2/pp1nppkp/3p1np1/4P3/3p4/2N5/PPPQ1PPP/2KR1BNR w - - 0 10,7,13,4,4,1560,1585,0,2,0,4,5,0,2,0,0,1,1,0,3,1,1,6,1,0,0,0,1,0,3,1,0,0,0,0,0,7,0,0,0,0,0,0,1,0,0,0,0,0,0,9,0,0,0,0,0,7,7,7,11,0,7,7,7,0,0,12,8,0,10,9,8,,,,,,,,,,,,,,,,,,,,,,
6k1/3b1q1p/p3p3/1pPp1pB1/3P1Q2/P7/6PP/6K1 w - - 7 31,7,10,4,3,2068,2054,0,0,0,0,0,0,0,6,0,0,0,0,4,0,5,0,1,1,0,0,0,1,0,0,0,0,1,7,1,0,1,10,0,0,0,0,7,0,11,0,0,7,0,0,0,0,0,0,0,0,0,0,0,0,0,7,7,0,0,0,0,0,0,12,0,,,,,,,,,,,,,,,,,,,,,,
r1b2r2/1pp1kp1Q/8/p7/1P6/P5P1/2PKPP1P/5q2 w - - 0 17,19,19,1,0,689,805,0,2,0,4,0,0,2,0,0,0,1,1,0,6,1,0,11,0,0,0,0,0,0,0,0,1,0,0,0,0,0,0,0,0,7,0,0,0,0,0,0,7,0,0,0,0,0,7,0,0,0,7,12,7,7,0,7,0,0,0,0,0,5,0,0,,,,,,,,,,,,,,,,,,,,,,
r1bqkb1r/pppppppp/2n5/4P3/4n3/3P1N2/PPP2PPP/RNBQKB1R b KQkq - 0 4,8,1,4,3,1169,1066,1,2,0,4,5,6,4,0,2,1,1,1,1,1,1,1,1,0,0,3,0,0,0,0,0,0,0,0,0,7,0,0,0,0,0,0,0,3,0,0,0,0,0,0,7,0,9,0,0,7,7,7,0,0,7,7,7,8,9,10,11,12,10,0,8,,,,,,,,,,,,,,,,,,,,,,
8/6p1/4p3/1R1n4/r2k4/B7/2P4P/6K1 b - - 0 42,13,19,1,6,1353,1365,1,0,0,0,0,0,0,0,0,0,0,0,0,0,0,1,0,0,0,0,0,1,0,0,0,0,8,0,3,0,0,0,0,2,0,0,6,0,0,0,0,10,0,0,0,0,0,0,0,0,0,7,0,0,0,0,7,0,0,0,0,0,0,12,0,,,,,,,,,,,,,,,,,,,,,,
4rk2/1p3pp1/3q1n1p/pNp5/P1N5/2Pb3P/1P3PP1/R5K1 w - - 0 29,2,7,2,4,2124,2126,0,0,0,0,0,2,6,0,0,0,1,0,0,0,1,1,0,0,0,0,5,0,3,0,1,1,9,1,0,0,0,0,0,7,0,9,0,0,0,0,0,0,0,7,4,0,0,0,7,0,7,0,0,0,7,7,0,8,0,0,0,0,0,12,0,,,,,,,,,,,,,,,,,,,,,,
r3kbnr/pp3ppp/2pp1q2/8/2Q1P3/2N5/PPP2PPP/R4RK1 w kq - 0 13,1,8,4,3,1322,1326,0,2,0,0,0,6,4,3,2,1,1,0,0,0,1,1,1,0,0,1,1,0,5,0,0,0,0,0,0,0,0,0,0,0,0,11,0,7,0,0,0,0,0,9,0,0,0,0,0,7,7,7,0,0,7,7,7,8,0,0,0,0,8,12,0,,,,,,,,,,,,,,,,,,,,,,
r2qkb1r/ppp1pppp/2n5/3n4/8/2N5/PPPPNPPP/R1BQ1RK1 w kq - 2 7,1,7,3,4,1833,1888,0,2,0,0,5,6,4,0,2,1,1,1,0,1,1,1,1,0,0,3,0,0,0,0,0,0,0,0,3,0,0,0,0,0,0,0,0,0,0,0,0,0,0,9,0,0,0,0,0,7,7,7,7,9,7,7,7,8,0,10,11,0,8,12,0,,,,,,,,,,,,,,,,,,,,,,
q4rk1/2pb1ppp/3b1n2/2pNp1N1/3pP3/7P/PPPP1PP1/R1B1K2R w KQ - 2 22,4,1,4,6,1130,1160,0,5,0,0,0,0,2,6,0,0,0,1,4,0,1,1,1,0,0,0,4,0,3,0,0,0,0,1,9,1,0,9,0,0,0,0,1,7,0,0,0,0,0,0,0,0,0,0,7,7,7,7,7,0,7,7,0,8,0,10,0,12,0,0,8,,,,,,,,,,,,,,,,,,,,,,
4r2k/7p/2bPpq2/1p2np1Q/pPpB1Nrb/P4PP1/6K1/R6R b - - 0 38,7,7,4,4,2327,2360,1,0,0,0,0,2,0,0,6,0,0,0,0,0,0,0,1,0,0,4,7,1,5,0,0,0,1,0,0,3,1,0,11,1,7,1,10,0,9,2,4,7,0,0,0,0,7,7,0,0,0,0,0,0,0,12,0,8,0,0,0,0,0,0,8,,,,,,,,,,,,,,,,,,,,,,
r4rk1/2pqbppn/2b4p/2Pp3P/PB1PpPP1/2N1P3/3K4/R2Q2NR b - - 4 18,5,2,5,4,1306,1301,1,2,0,0,0,0,2,6,0,0,0,1,5,4,1,1,3,0,0,4,0,0,0,0,1,0,0,7,1,0,0,0,7,7,10,0,7,1,7,7,0,0,0,9,0,7,0,0,0,0,0,0,12,0,0,0,0,8,0,0,11,0,0,9,8,,,,,,,,,,,,,,,,,,,,,,
r4r1k/ppp2pp1/2n4p/8/6b1/2P5/PPq2RPP/RNB1Q1K1 b - - 1 15,7,2,3,3,1824,1807,1,2,0,0,0,0,2,0,6,1,1,1,0,0,1,1,0,0,0,3,0,0,0,0,1,0,0,0,0,0,0,0,0,0,0,0,0,0,0,4,0,0,0,7,0,0,0,0,0,7,7,5,0,0,8,7,7,8,9,10,0,11,0,12,0,,,,,,,,,,,,,,,,,,,,,,
8/5p1R/8/3k1b2/3B4/2P5/6P1/6K1 w - - 0 38,13,19,3,4,1454,1447,0,0,0,0,0,0,0,0,0,0,0,0,0,0,1,0,8,0,0,0,0,0,0,0,0,0,0,0,6,0,4,0,0,0,0,0,10,0,0,0,0,0,0,7,0,0,0,0,0,0,0,0,0,0,0,7,0,0,0,0,0,0,0,12,0,,,,,,,,,,,,,,,,,,,,,,
r3k1nr/ppp1q1pp/2n5/3pP3/1b1P4/2N2B2/PP4PP/R1BQ1RK1 b kq - 2 12,7,16,6,4,1733,1749,1,2,0,0,0,6,0,3,2,1,1,1,0,5,0,1,1,0,0,3,0,0,0,0,0,0,0,0,1,7,0,0,0,0,4,0,7,0,0,0,0,0,0,9,0,0,10,0,0,7,7,0,0,0,0,7,7,8,0,10,11,0,8,12,0,,,,,,,,,,,,,,,,,,,,,,
8/6kp/5b2/p1p5/2P1K1PP/1n6/r7/8 b - - 0 40,19,19,4,2,1601,1590,1,0,0,0,0,0,0,0,0,0,0,0,0,0,0,6,1,0,0,0,0,0,4,0,0,1,0,1,0,0,0,0,0,0,0,7,0,12,0,7,7,0,3,0,0,0,0,0,0,2,0,0,0,0,0,0,0,0,0,0,0,0,0,0,0,,,,,,,,,,,,,,,,,,,,,,
rnbqkbnr/pppppppp/8/8/8/3P4/PPP1PPPP/RNBQKBNR b KQkq - 0 1,2,1,1,0,2340,2420,1,2,3,4,5,6,4,3,2,1,1,1,1,1,1,1,1,0,0,0,0,0,0,0,0,0,0,0,0,0,0,0,0,0,0,0,0,0,0,0,0,0,0,0,7,0,0,0,0,7,7,7,0,7,7,7,7,8,9,10,11,12,10,9,8,,,,,,,,,,,,,,,,,,,,,,
8/2P2Qpk/3p3p/3Pp1q1/4P3/P6P/4nRPK/2r5 w - - 3 33,7,7,3,3,2118,2115,0,0,0,0,0,0,0,0,0,0,0,7,0,0,11,1,6,0,0,0,1,0,0,0,1,0,0,0,7,1,0,5,0,0,0,0,0,7,0,0,0,7,0,0,0,0,0,0,7,0,0,0,0,3,8,7,12,0,0,2,0,0,0,0,0,,,,,,,,,,,,,,,,,,,,,,
rnbqkb1r/ppp1pppp/5n2/3p4/2P5/5N2/PP1PPPPP/RNBQKB1R w KQkq - 1 3,1,4,3,3,1907,1842,0,2,3,4,5,6,4,0,2,1,1,1,0,1,1,1,1,0,0,0,0,0,3,0,0,0,0,0,1,0,0,0,0,0,0,7,0,0,0,0,0,0,0,0,0,0,9,0,0,7,7,0,7,7,7,7,7,8,9,10,11,12,10,0,8,,,,,,,,,,,,,,,,,,,,,,
2k2bnr/pb1rqppp/1p2p3/2PpP3/8/2N2N2/PPP2PPP/R1BQ1RK1 b - - 0 10,1,11,5,3,1575,1554,1,0,0,6,0,0,4,3,2,1,4,0,2,5,1,1,1,0,1,0,0,1,0,0,0,0,0,7,1,7,0,0,0,0,0,0,0,0,0,0,0,0,0,9,0,0,9,0,0,7,7,7,0,0,7,7,7,8,0,10,11,0,8,12,0,,,,,,,,,,,,,,,,,,,,,,
r1b1k2r/1p1pbppp/p1n1p3/2p5/N1P1PP2/3P2P1/PP2N2P/R3KB1R w KQkq - 1 12,8,2,5,3,1382,1378,0,2,0,4,0,6,0,0,2,0,1,0,1,4,1,1,1,1,0,3,0,1,0,0,0,0,0,1,0,0,0,0,0,9,0,7,0,7,7,0,0,0,0,0,7,0,0,7,0,7,7,0,0,9,0,0,7,8,0,0,0,12,10,0,8,,,,,,,,,,,,,,,,,,,,,,
r4rk1/1p2pBbp/p4pp1/8/q4P2/2B4P/PPPQ4/2KR3R b - - 0 22,7,3,3,3,1946,1935,1,2,0,0,0,0,2,6,0,0,1,0,0,1,10,4,1,1,0,0,0,0,1,1,0,0,0,0,0,0,0,0,0,5,0,0,0,0,7,0,0,0,0,10,0,0,0,0,7,7,7,7,11,0,0,0,0,0,0,12,8,0,0,0,8,,,,,,,,,,,,,,,,,,,,,,
3r4/1b3pp1/p3p1k1/1p2P1pn/2p1P3/2P1B1P1/PPB2RK1/8 b - - 2 38,13,13,5,3,2091,2089,1,0,0,0,2,0,0,0,0,0,4,0,0,0,1,1,0,1,0,0,0,1,0,6,0,0,1,0,0,7,0,1,3,0,0,1,0,7,0,0,0,0,0,7,0,10,0,7,0,7,7,10,0,0,8,12,0,0,0,0,0,0,0,0,0,,,,,,,,,,,,,,,,,,,,,,
6k1/3N2pp/1p3p2/8/P4R2/1P2P3/2rr1PKP/R7 b - - 0 28,19,2,3,3,1180,1190,1,0,0,0,0,0,0,6,0,0,0,0,9,0,0,1,1,0,1,0,0,0,1,0,0,0,0,0,0,0,0,0,0,7,0,0,0,0,8,0,0,0,7,0,0,7,0,0,0,0,0,2,2,0,7,12,7,8,0,0,0,0,0,0,0,,,,,,,,,,,,,,,,,,,,,,
rnbqk2r/p4ppp/1p2pn2/3p4/2P5/P2P4/P2B1PPP/R2QKBNR b KQkq - 0 8,8,5,2,3,1368,1338,1,2,3,4,5,6,0,0,2,1,0,0,0,0,1,1,1,0,1,0,0,1,3,0,0,0,0,0,1,0,0,0,0,0,0,7,0,0,0,0,0,7,0,0,7,0,0,0,0,7,0,0,10,0,7,7,7,8,0,0,11,12,10,9,8,,,,,,,,,,,,,,,,,,,,,,
